name,email,password,roles,departments,enabled,verified
Mohammed Nair,sysadmin0001@college.com,password123,system_admin,,true,true
Vivaan Mishra,sysadmin0002@college.com,password123,system_admin,,true,true
Amit Bose,sysadmin0003@college.com,password123,system_admin,,true,true
Karan Iyer,sysadmin0004@college.com,password123,system_admin,,true,true
Sara Reddy,sysadmin0005@college.com,password123,system_admin,,true,true
Sameer Mishra,admin0001@college.com,password123,admin,,true,true
Emma Sheikh,admin0002@college.com,password123,admin,,true,true
Sai Pinto,admin0003@college.com,password123,admin,,true,true
Saanvi Gupta,admin0004@college.com,password123,admin,,true,true
Vivaan Patel,admin0005@college.com,password123,admin,,true,true
Dhruv Das,admin0006@college.com,password123,admin,,true,true
Neha Rodrigues,admin0007@college.com,password123,admin,,true,true
Vivaan D'Souza,admin0008@college.com,password123,admin,,true,true
Aryan Pandey,admin0009@college.com,password123,admin,,true,true
Farhan Varghese,admin0010@college.com,password123,admin,,true,true
Sneha Pillai,admin0011@college.com,password123,admin,,true,true
Karan Rathore,admin0012@college.com,password123,admin,,true,true
Kiran Malhotra,admin0013@college.com,password123,admin,,true,true
John Sharma,admin0014@college.com,password123,admin,,true,true
Aliya Rao,admin0015@college.com,password123,admin,,true,true
Zoya Naidu,admin0016@college.com,password123,admin,,true,true
Diya Malhotra,admin0017@college.com,password123,admin,,true,true
Ishaan Mukherjee,admin0018@college.com,password123,admin,,true,true
Aliya Bansal,admin0019@college.com,password123,admin,,true,true
Reyansh Patel,admin0020@college.com,password123,admin,,true,true
Meera Reddy,admin0021@college.com,password123,admin,,true,true
Isha Mehta,admin0022@college.com,password123,admin,,true,true
Lakshmi Kapoor,admin0023@college.com,password123,admin,,true,true
John Gupta,admin0024@college.com,password123,admin,,true,true
Fatima Chauhan,admin0025@college.com,password123,admin,,true,true
Sneha Nair,admin0026@college.com,password123,admin,,true,true
Grace Joshi,admin0027@college.com,password123,admin,,true,true
Sai D'Souza,admin0028@college.com,password123,admin,,true,true
Suresh Thomas,admin0029@college.com,password123,admin,,true,true
Radha Shah,admin0030@college.com,password123,admin,,true,true
Anita Banerjee,admin0031@college.com,password123,admin,,true,true
Ayesha Kumar,admin0032@college.com,password123,admin,,true,true
Aditya Mathew,admin0033@college.com,password123,admin,,true,true
Karan Yadav,admin0034@college.com,password123,admin,,true,true
Suresh Patel,admin0035@college.com,password123,admin,,true,true
Robert Das,admin0036@college.com,password123,admin,,true,true
Emily Reddy,admin0037@college.com,password123,admin,,true,true
Meera Malhotra,admin0038@college.com,password123,admin,,true,true
Zara Thomas,admin0039@college.com,password123,admin,,true,true
James Shah,admin0040@college.com,password123,admin,,true,true
Rohan Shah,admin0041@college.com,password123,admin,,true,true
Isha Mukherjee,admin0042@college.com,password123,admin,,true,true
Imran Malhotra,admin0043@college.com,password123,admin,,true,true
Zoya Jacob,admin0044@college.com,password123,admin,,true,true
Farhan Kumar,admin0045@college.com,password123,admin,,true,true
Lakshmi Thomas,teacher0001@college.com,password123,teacher,MBA,true,true
Rohan Sheikh,teacher0002@college.com,password123,teacher,CHEM,true,true
Fatima Bose,teacher0003@college.com,password123,teacher,CIVIL,true,true
Rohan Chauhan,teacher0004@college.com,password123,teacher,CSE,true,true
Meera Malhotra,teacher0005@college.com,password123,teacher,EEE,true,true
Grace Thomas,teacher0006@college.com,password123,teacher,ECE,true,true
Zoya D'Souza,teacher0007@college.com,password123,teacher,IT,true,true
Karan Jacob,teacher0008@college.com,password123,teacher,MATH,true,true
Ananya Yadav,teacher0009@college.com,password123,teacher,MECH,true,true
Yusuf Singh,teacher0010@college.com,password123,teacher,PHY,true,true
Karan Gupta,teacher0011@college.com,password123,teacher,MBA,true,true
John Agarwal,teacher0012@college.com,password123,teacher,CHEM,true,true
Priya Malhotra,teacher0013@college.com,password123,teacher,CIVIL,true,true
Arjun Mukherjee,teacher0014@college.com,password123,teacher,CSE,true,true
Olivia Fernandes,teacher0015@college.com,password123,teacher,EEE,true,true
Sarah Pandey,teacher0016@college.com,password123,teacher,ECE,true,true
Ananya Mukherjee,teacher0017@college.com,password123,teacher,IT,true,true
Farhan Ahmed,teacher0018@college.com,password123,teacher,MATH,true,true
Priya George,teacher0019@college.com,password123,teacher,MECH,true,true
Zara Menon,teacher0020@college.com,password123,teacher,PHY,true,true
Rahul Iyer,teacher0021@college.com,password123,teacher,MBA,true,true
Nikhil Mishra,teacher0022@college.com,password123,teacher,CHEM,true,true
Swati Sheikh,teacher0023@college.com,password123,teacher,CIVIL,true,true
Rahul Mishra,teacher0024@college.com,password123,teacher,CSE,true,true
Kiran Naidu,teacher0025@college.com,password123,teacher,EEE,true,true
Emma Pinto,teacher0026@college.com,password123,teacher,ECE,true,true
Priya Shah,teacher0027@college.com,password123,teacher,IT,true,true
Karan Iyer,teacher0028@college.com,password123,teacher,MATH,true,true
Neha Ahmed,teacher0029@college.com,password123,teacher,MECH,true,true
Sai Dubey,teacher0030@college.com,password123,teacher,PHY,true,true
Vihaan Nair,teacher0031@college.com,password123,teacher,MBA,true,true
Ishaan Thomas,teacher0032@college.com,password123,teacher,CHEM,true,true
Rohan Jacob,teacher0033@college.com,password123,teacher,CIVIL,true,true
Saanvi Rodrigues,teacher0034@college.com,password123,teacher,CSE,true,true
Arjun Joshi,teacher0035@college.com,password123,teacher,EEE,true,true
Meera Rodrigues,teacher0036@college.com,password123,teacher,ECE,true,true
Zara Hussain,teacher0037@college.com,password123,teacher,IT,true,true
Rahul D'Souza,teacher0038@college.com,password123,teacher,MATH,true,true
Emily Sharma,teacher0039@college.com,password123,teacher,MECH,true,true
Sameer Tiwari,teacher0040@college.com,password123,teacher,PHY,true,true
Ayaan Jacob,teacher0041@college.com,password123,teacher,MBA,true,true
Sarah Sheikh,teacher0042@college.com,password123,teacher,CHEM,true,true
Aliya Malhotra,teacher0043@college.com,password123,teacher,CIVIL,true,true
Yusuf George,teacher0044@college.com,password123,teacher,CSE,true,true
Diya Nair,teacher0045@college.com,password123,teacher,EEE,true,true
Suresh Naidu,teacher0046@college.com,password123,teacher,ECE,true,true
Rohan Chauhan,teacher0047@college.com,password123,teacher,IT,true,true
Aarav Tiwari,teacher0048@college.com,password123,teacher,MATH,true,true
Sarah Tiwari,teacher0049@college.com,password123,teacher,MECH,true,true
Rahul Ali,teacher0050@college.com,password123,teacher,PHY,true,true
Aliya Chatterjee,teacher0051@college.com,password123,teacher,MBA,true,true
Neha Reddy,teacher0052@college.com,password123,teacher,CHEM,true,true
Emily Thomas,teacher0053@college.com,password123,teacher,CIVIL,true,true
Vikram Thomas,teacher0054@college.com,password123,teacher,CSE,true,true
Neha Rodrigues,teacher0055@college.com,password123,teacher,EEE,true,true
Aryan Menon,teacher0056@college.com,password123,teacher,ECE,true,true
Kavya Dubey,teacher0057@college.com,password123,teacher,IT,true,true
Rohan Sheikh,teacher0058@college.com,password123,teacher,MATH,true,true
Yusuf Hussain,teacher0059@college.com,password123,teacher,MECH,true,true
Olivia Sharma,teacher0060@college.com,password123,teacher,PHY,true,true
Lakshmi Agarwal,teacher0061@college.com,password123,teacher,MBA,true,true
Divya Verma,teacher0062@college.com,password123,teacher,CHEM,true,true
Ayaan Shah,teacher0063@college.com,password123,teacher,CIVIL,true,true
Sarah Khanna,teacher0064@college.com,password123,teacher,CSE,true,true
Nikhil Singh,teacher0065@college.com,password123,teacher,EEE,true,true
Nikhil Fernandes,teacher0066@college.com,password123,teacher,ECE,true,true
Sai Patel,teacher0067@college.com,password123,teacher,IT,true,true
Fatima Ahmed,teacher0068@college.com,password123,teacher,MATH,true,true
Michael Kumar,teacher0069@college.com,password123,teacher,MECH,true,true
Aliya Sheikh,teacher0070@college.com,password123,teacher,PHY,true,true
Yusuf Iyer,teacher0071@college.com,password123,teacher,MBA,true,true
Krishna Mathew,teacher0072@college.com,password123,teacher,CHEM,true,true
Anjali D'Souza,teacher0073@college.com,password123,teacher,CIVIL,true,true
Rohan Kapoor,teacher0074@college.com,password123,teacher,CSE,true,true
Pooja Rodrigues,teacher0075@college.com,password123,teacher,EEE,true,true
Saanvi Mukherjee,teacher0076@college.com,password123,teacher,ECE,true,true
Grace Sheikh,teacher0077@college.com,password123,teacher,IT,true,true
Aliya Tiwari,teacher0078@college.com,password123,teacher,MATH,true,true
Zoya Banerjee,teacher0079@college.com,password123,teacher,MECH,true,true
Ayesha Khanna,teacher0080@college.com,password123,teacher,PHY,true,true
Priya Mathew,teacher0081@college.com,password123,teacher,MBA,true,true
Farhan Shah,teacher0082@college.com,password123,teacher,CHEM,true,true
Tara Hussain,teacher0083@college.com,password123,teacher,CIVIL,true,true
Tara Nair,teacher0084@college.com,password123,teacher,CSE,true,true
Nikhil Das,teacher0085@college.com,password123,teacher,EEE,true,true
Arjun Bansal,teacher0086@college.com,password123,teacher,ECE,true,true
Vivaan Pinto,teacher0087@college.com,password123,teacher,IT,true,true
Swati Das,teacher0088@college.com,password123,teacher,MATH,true,true
Kiran Das,teacher0089@college.com,password123,teacher,MECH,true,true
Aarav Kumar,teacher0090@college.com,password123,teacher,PHY,true,true
Ayesha Thomas,teacher0091@college.com,password123,teacher,MBA,true,true
Vihaan Das,teacher0092@college.com,password123,teacher,CHEM,true,true
Arjun Gupta,teacher0093@college.com,password123,teacher,CIVIL,true,true
Emily Bansal,teacher0094@college.com,password123,teacher,CSE,true,true
Arjun Ali,teacher0095@college.com,password123,teacher,EEE,true,true
Nikhil Malhotra,teacher0096@college.com,password123,teacher,ECE,true,true
Imran Ahmed,teacher0097@college.com,password123,teacher,IT,true,true
Dhruv Sheikh,teacher0098@college.com,password123,teacher,MATH,true,true
Krishna Tiwari,teacher0099@college.com,password123,teacher,MECH,true,true
Grace Fernandes,teacher0100@college.com,password123,teacher,PHY,true,true
Anita Khan,teacher0101@college.com,password123,teacher,MBA,true,true
Nikhil Khan,teacher0102@college.com,password123,teacher,CHEM,true,true
John Pillai,teacher0103@college.com,password123,teacher,CIVIL,true,true
Aryan Reddy,teacher0104@college.com,password123,teacher,CSE,true,true
Reyansh Mathew,teacher0105@college.com,password123,teacher,EEE,true,true
Saanvi Mehta,teacher0106@college.com,password123,teacher,ECE,true,true
Saanvi Pillai,teacher0107@college.com,password123,teacher,IT,true,true
Zara Tiwari,teacher0108@college.com,password123,teacher,MATH,true,true
Vihaan Jacob,teacher0109@college.com,password123,teacher,MECH,true,true
Farhan George,teacher0110@college.com,password123,teacher,PHY,true,true
Reyansh Singh,teacher0111@college.com,password123,teacher,MBA,true,true
Priya Tiwari,teacher0112@college.com,password123,teacher,CHEM,true,true
Diya Reddy,teacher0113@college.com,password123,teacher,CIVIL,true,true
Nikhil Banerjee,teacher0114@college.com,password123,teacher,CSE,true,true
Aryan Sheikh,teacher0115@college.com,password123,teacher,EEE,true,true
Tara Iyer,teacher0116@college.com,password123,teacher,ECE,true,true
Saanvi Chatterjee,teacher0117@college.com,password123,teacher,IT,true,true
Amit Chauhan,teacher0118@college.com,password123,teacher,MATH,true,true
Nikhil Kumar,teacher0119@college.com,password123,teacher,MECH,true,true
Tara D'Souza,teacher0120@college.com,password123,teacher,PHY,true,true
Reyansh Singh,teacher0121@college.com,password123,teacher,MBA,true,true
Farhan Sheikh,teacher0122@college.com,password123,teacher,CHEM,true,true
James Sharma,teacher0123@college.com,password123,teacher,CIVIL,true,true
Sai Dubey,teacher0124@college.com,password123,teacher,CSE,true,true
Robert Bose,teacher0125@college.com,password123,teacher,EEE,true,true
Rohan Pillai,teacher0126@college.com,password123,teacher,ECE,true,true
Divya Khan,teacher0127@college.com,password123,teacher,IT,true,true
Dhruv Desai,teacher0128@college.com,password123,teacher,MATH,true,true
Emma Singh,teacher0129@college.com,password123,teacher,MECH,true,true
Rohan Joshi,teacher0130@college.com,password123,teacher,PHY,true,true
Aarav Joshi,teacher0131@college.com,password123,teacher,MBA,true,true
Rahul Chauhan,teacher0132@college.com,password123,teacher,CHEM,true,true
Suresh Naidu,teacher0133@college.com,password123,teacher,CIVIL,true,true
Zoya Tiwari,teacher0134@college.com,password123,teacher,CSE,true,true
David D'Souza,teacher0135@college.com,password123,teacher,EEE,true,true
Imran Pandey,teacher0136@college.com,password123,teacher,ECE,true,true
Divya Menon,teacher0137@college.com,password123,teacher,IT,true,true
Aryan Chopra,teacher0138@college.com,password123,teacher,MATH,true,true
Dhruv Singh,teacher0139@college.com,password123,teacher,MECH,true,true
Kiran Mishra,teacher0140@college.com,password123,teacher,PHY,true,true
Sneha Singh,teacher0141@college.com,password123,teacher,MBA,true,true
Sara Agarwal,teacher0142@college.com,password123,teacher,CHEM,true,true
Vihaan Singh,teacher0143@college.com,password123,teacher,CIVIL,true,true
Kiran Khan,teacher0144@college.com,password123,teacher,CSE,true,true
Neha Hussain,teacher0145@college.com,password123,teacher,EEE,true,true
Rohan Singh,teacher0146@college.com,password123,teacher,ECE,true,true
Neha Patel,teacher0147@college.com,password123,teacher,IT,true,true
Robert Chatterjee,teacher0148@college.com,password123,teacher,MATH,true,true
Arjun Rodrigues,teacher0149@college.com,password123,teacher,MECH,true,true
Arjun Jacob,teacher0150@college.com,password123,teacher,PHY,true,true
Emily Bose,teacher0151@college.com,password123,teacher,MBA,true,true
Priya Nair,teacher0152@college.com,password123,teacher,CHEM,true,true
Sarah Fernandes,teacher0153@college.com,password123,teacher,CIVIL,true,true
Nikhil Pinto,teacher0154@college.com,password123,teacher,CSE,true,true
Lakshmi Gupta,teacher0155@college.com,password123,teacher,EEE,true,true
Radha Patel,teacher0156@college.com,password123,teacher,ECE,true,true
Riya Mathew,teacher0157@college.com,password123,teacher,IT,true,true
Kiran Fernandes,teacher0158@college.com,password123,teacher,MATH,true,true
Pooja Agarwal,teacher0159@college.com,password123,teacher,MECH,true,true
Grace Kapoor,teacher0160@college.com,password123,teacher,PHY,true,true
Dhruv Mathew,teacher0161@college.com,password123,teacher,MBA,true,true
Ayesha Agarwal,teacher0162@college.com,password123,teacher,CHEM,true,true
Nikhil Kapoor,teacher0163@college.com,password123,teacher,CIVIL,true,true
Priya Iyer,teacher0164@college.com,password123,teacher,CSE,true,true
Imran George,teacher0165@college.com,password123,teacher,EEE,true,true
Vikram Chauhan,teacher0166@college.com,password123,teacher,ECE,true,true
Ananya Dubey,teacher0167@college.com,password123,teacher,IT,true,true
Grace Kumar,teacher0168@college.com,password123,teacher,MATH,true,true
Aarav Chauhan,teacher0169@college.com,password123,teacher,MECH,true,true
Radha Fernandes,teacher0170@college.com,password123,teacher,PHY,true,true
Reyansh Kumar,teacher0171@college.com,password123,teacher,MBA,true,true
Sneha Mukherjee,teacher0172@college.com,password123,teacher,CHEM,true,true
Neha Kapoor,teacher0173@college.com,password123,teacher,CIVIL,true,true
Krishna Mehta,teacher0174@college.com,password123,teacher,CSE,true,true
Sarah Kumar,teacher0175@college.com,password123,teacher,EEE,true,true
Sarah Bose,teacher0176@college.com,password123,teacher,ECE,true,true
Kavya Chopra,teacher0177@college.com,password123,teacher,IT,true,true
Rohan Rathore,teacher0178@college.com,password123,teacher,MATH,true,true
James Sheikh,teacher0179@college.com,password123,teacher,MECH,true,true
Ayesha Khanna,teacher0180@college.com,password123,teacher,PHY,true,true
Radha George,teacher0181@college.com,password123,teacher,MBA,true,true
Pooja Sharma,teacher0182@college.com,password123,teacher,CHEM,true,true
Imran D'Souza,teacher0183@college.com,password123,teacher,CIVIL,true,true
Vikram Mathew,teacher0184@college.com,password123,teacher,CSE,true,true
Reyansh Iyer,teacher0185@college.com,password123,teacher,EEE,true,true
Rahul Nair,teacher0186@college.com,password123,teacher,ECE,true,true
Sarah Reddy,teacher0187@college.com,password123,teacher,IT,true,true
Sara D'Souza,teacher0188@college.com,password123,teacher,MATH,true,true
Ishaan Malhotra,teacher0189@college.com,password123,teacher,MECH,true,true
Suresh Rodrigues,teacher0190@college.com,password123,teacher,PHY,true,true
Dhruv Pandey,teacher0191@college.com,password123,teacher,MBA,true,true
Diya Mukherjee,teacher0192@college.com,password123,teacher,CHEM,true,true
Sameer Thomas,teacher0193@college.com,password123,teacher,CIVIL,true,true
Robert Kapoor,teacher0194@college.com,password123,teacher,CSE,true,true
Neha Ahmed,teacher0195@college.com,password123,teacher,EEE,true,true
Rahul Singh,teacher0196@college.com,password123,teacher,ECE,true,true
Sai Thomas,teacher0197@college.com,password123,teacher,IT,true,true
Saanvi Malhotra,teacher0198@college.com,password123,teacher,MATH,true,true
Aditya Sharma,teacher0199@college.com,password123,teacher,MECH,true,true
Diya Yadav,teacher0200@college.com,password123,teacher,PHY,true,true
Krishna Thomas,teacher0201@college.com,password123,teacher,MBA,true,true
Rahul Rao,teacher0202@college.com,password123,teacher,CHEM,true,true
Sara Rathore,teacher0203@college.com,password123,teacher,CIVIL,true,true
Swati Pandey,teacher0204@college.com,password123,teacher,CSE,true,true
Saanvi D'Souza,teacher0205@college.com,password123,teacher,EEE,true,true
Aarav Nair,teacher0206@college.com,password123,teacher,ECE,true,true
Arjun Varghese,teacher0207@college.com,password123,teacher,IT,true,true
Emma Menon,teacher0208@college.com,password123,teacher,MATH,true,true
Sneha Gupta,teacher0209@college.com,password123,teacher,MECH,true,true
James Shah,teacher0210@college.com,password123,teacher,PHY,true,true
Kiran D'Souza,teacher0211@college.com,password123,teacher,MBA,true,true
Ishaan Naidu,teacher0212@college.com,password123,teacher,CHEM,true,true
Krishna Gupta,teacher0213@college.com,password123,teacher,CIVIL,true,true
Vikram Shah,teacher0214@college.com,password123,teacher,CSE,true,true
Emma Gupta,teacher0215@college.com,password123,teacher,EEE,true,true
Emma Mehta,teacher0216@college.com,password123,teacher,ECE,true,true
Dhruv Jacob,teacher0217@college.com,password123,teacher,IT,true,true
Nikhil Mathew,teacher0218@college.com,password123,teacher,MATH,true,true
Reyansh Mehta,teacher0219@college.com,password123,teacher,MECH,true,true
Yusuf D'Souza,teacher0220@college.com,password123,teacher,PHY,true,true
Sarah Pillai,teacher0221@college.com,password123,teacher,MBA,true,true
Radha Mishra,teacher0222@college.com,password123,teacher,CHEM,true,true
Ishaan Bose,teacher0223@college.com,password123,teacher,CIVIL,true,true
Emily Rao,teacher0224@college.com,password123,teacher,CSE,true,true
John Chatterjee,teacher0225@college.com,password123,teacher,EEE,true,true
Sarah Pillai,teacher0226@college.com,password123,teacher,ECE,true,true
Vivaan Chatterjee,teacher0227@college.com,password123,teacher,IT,true,true
Sara Bansal,teacher0228@college.com,password123,teacher,MATH,true,true
David Pillai,teacher0229@college.com,password123,teacher,MECH,true,true
John Mathew,teacher0230@college.com,password123,teacher,PHY,true,true
Emily Mishra,teacher0231@college.com,password123,teacher,MBA,true,true
John Bose,teacher0232@college.com,password123,teacher,CHEM,true,true
Amit Rao,teacher0233@college.com,password123,teacher,CIVIL,true,true
David Varghese,teacher0234@college.com,password123,teacher,CSE,true,true
Reyansh Joshi,teacher0235@college.com,password123,teacher,EEE,true,true
Emily Gupta,teacher0236@college.com,password123,teacher,ECE,true,true
Robert Khan,teacher0237@college.com,password123,teacher,IT,true,true
Karan Banerjee,teacher0238@college.com,password123,teacher,MATH,true,true
Michael Chauhan,teacher0239@college.com,password123,teacher,MECH,true,true
Isha Khanna,teacher0240@college.com,password123,teacher,PHY,true,true
Michael Das,teacher0241@college.com,password123,teacher,MBA,true,true
Karan Verma,teacher0242@college.com,password123,teacher,CHEM,true,true
Imran Banerjee,teacher0243@college.com,password123,teacher,CIVIL,true,true
Priya Bansal,teacher0244@college.com,password123,teacher,CSE,true,true
Amit Kumar,teacher0245@college.com,password123,teacher,EEE,true,true
Yusuf Malhotra,teacher0246@college.com,password123,teacher,ECE,true,true
Isha George,teacher0247@college.com,password123,teacher,IT,true,true
Neha Desai,teacher0248@college.com,password123,teacher,MATH,true,true
Sameer Sheikh,teacher0249@college.com,password123,teacher,MECH,true,true
Diya Verma,teacher0250@college.com,password123,teacher,PHY,true,true
Ayaan Kapoor,teacher0251@college.com,password123,teacher,MBA,true,true
Kabir Pinto,teacher0252@college.com,password123,teacher,CHEM,true,true
Rahul Gupta,teacher0253@college.com,password123,teacher,CIVIL,true,true
Reyansh Rodrigues,teacher0254@college.com,password123,teacher,CSE,true,true
Saanvi Mehta,teacher0255@college.com,password123,teacher,EEE,true,true
Fatima Agarwal,teacher0256@college.com,password123,teacher,ECE,true,true
Saanvi Rodrigues,teacher0257@college.com,password123,teacher,IT,true,true
Neha Nair,teacher0258@college.com,password123,teacher,MATH,true,true
Meera Fernandes,teacher0259@college.com,password123,teacher,MECH,true,true
Aryan Kapoor,teacher0260@college.com,password123,teacher,PHY,true,true
Aditya Pandey,teacher0261@college.com,password123,teacher,MBA,true,true
Saanvi Sharma,teacher0262@college.com,password123,teacher,CHEM,true,true
Pooja Sheikh,teacher0263@college.com,password123,teacher,CIVIL,true,true
Sameer Tiwari,teacher0264@college.com,password123,teacher,CSE,true,true
Sara Mishra,teacher0265@college.com,password123,teacher,EEE,true,true
Imran Banerjee,teacher0266@college.com,password123,teacher,ECE,true,true
Kavya Naidu,teacher0267@college.com,password123,teacher,IT,true,true
Arjun Mathew,teacher0268@college.com,password123,teacher,MATH,true,true
Olivia Bansal,teacher0269@college.com,password123,teacher,MECH,true,true
Radha Agarwal,teacher0270@college.com,password123,teacher,PHY,true,true
Imran Nair,teacher0271@college.com,password123,teacher,MBA,true,true
Fatima Khanna,teacher0272@college.com,password123,teacher,CHEM,true,true
Neha Khanna,teacher0273@college.com,password123,teacher,CIVIL,true,true
Imran Pillai,teacher0274@college.com,password123,teacher,CSE,true,true
Ananya Desai,teacher0275@college.com,password123,teacher,EEE,true,true
Zoya Chopra,teacher0276@college.com,password123,teacher,ECE,true,true
Swati Iyer,teacher0277@college.com,password123,teacher,IT,true,true
Aryan Pillai,teacher0278@college.com,password123,teacher,MATH,true,true
Imran Joshi,teacher0279@college.com,password123,teacher,MECH,true,true
Sameer Mishra,teacher0280@college.com,password123,teacher,PHY,true,true
Emma Chatterjee,teacher0281@college.com,password123,teacher,MBA,true,true
Radha Fernandes,teacher0282@college.com,password123,teacher,CHEM,true,true
Vikram Desai,teacher0283@college.com,password123,teacher,CIVIL,true,true
Swati Sharma,teacher0284@college.com,password123,teacher,CSE,true,true
Vikram Chopra,teacher0285@college.com,password123,teacher,EEE,true,true
Dhruv Naidu,teacher0286@college.com,password123,teacher,ECE,true,true
David Pinto,teacher0287@college.com,password123,teacher,IT,true,true
Lakshmi George,teacher0288@college.com,password123,teacher,MATH,true,true
Ananya Chauhan,teacher0289@college.com,password123,teacher,MECH,true,true
Tara Rathore,teacher0290@college.com,password123,teacher,PHY,true,true
Sameer Mukherjee,teacher0291@college.com,password123,teacher,MBA,true,true
Neha Khan,teacher0292@college.com,password123,teacher,CHEM,true,true
David Mishra,teacher0293@college.com,password123,teacher,CIVIL,true,true
Rohan Mathew,teacher0294@college.com,password123,teacher,CSE,true,true
Sai Chopra,teacher0295@college.com,password123,teacher,EEE,true,true
Neha Mathew,teacher0296@college.com,password123,teacher,ECE,true,true
Mohammed Costa,teacher0297@college.com,password123,teacher,IT,true,true
Diya Patel,teacher0298@college.com,password123,teacher,MATH,true,true
Michael Dubey,teacher0299@college.com,password123,teacher,MECH,true,true
Nikhil Jacob,teacher0300@college.com,password123,teacher,PHY,true,true
Vikram Das,teacher0301@college.com,password123,teacher,MBA,true,true
John Banerjee,teacher0302@college.com,password123,teacher,CHEM,true,true
Ishaan Verma,teacher0303@college.com,password123,teacher,CIVIL,true,true
Aditya Bose,teacher0304@college.com,password123,teacher,CSE,true,true
Anjali Costa,teacher0305@college.com,password123,teacher,EEE,true,true
Robert Yadav,teacher0306@college.com,password123,teacher,ECE,true,true
Arjun Chauhan,teacher0307@college.com,password123,teacher,IT,true,true
Riya Thomas,teacher0308@college.com,password123,teacher,MATH,true,true
Anita Banerjee,teacher0309@college.com,password123,teacher,MECH,true,true
Ayesha Varghese,teacher0310@college.com,password123,teacher,PHY,true,true
Meera Ahmed,teacher0311@college.com,password123,teacher,MBA,true,true
Priya Bose,teacher0312@college.com,password123,teacher,CHEM,true,true
Ishaan George,teacher0313@college.com,password123,teacher,CIVIL,true,true
Zoya Sharma,teacher0314@college.com,password123,teacher,CSE,true,true
Emma Dubey,teacher0315@college.com,password123,teacher,EEE,true,true
Emily Yadav,teacher0316@college.com,password123,teacher,ECE,true,true
Sarah Reddy,teacher0317@college.com,password123,teacher,IT,true,true
Yusuf Naidu,teacher0318@college.com,password123,teacher,MATH,true,true
Karan Chatterjee,teacher0319@college.com,password123,teacher,MECH,true,true
John Varghese,teacher0320@college.com,password123,teacher,PHY,true,true
Pooja Chauhan,teacher0321@college.com,password123,teacher,MBA,true,true
Vihaan D'Souza,teacher0322@college.com,password123,teacher,CHEM,true,true
Nikhil Nair,teacher0323@college.com,password123,teacher,CIVIL,true,true
Zara Iyer,teacher0324@college.com,password123,teacher,CSE,true,true
John Chauhan,teacher0325@college.com,password123,teacher,EEE,true,true
Imran Hussain,teacher0326@college.com,password123,teacher,ECE,true,true
Swati Rodrigues,teacher0327@college.com,password123,teacher,IT,true,true
Ananya Dubey,teacher0328@college.com,password123,teacher,MATH,true,true
Emma Rathore,teacher0329@college.com,password123,teacher,MECH,true,true
Radha Tiwari,teacher0330@college.com,password123,teacher,PHY,true,true
Emma Ali,teacher0331@college.com,password123,teacher,MBA,true,true
Saanvi D'Souza,teacher0332@college.com,password123,teacher,CHEM,true,true
Tara Rao,teacher0333@college.com,password123,teacher,CIVIL,true,true
Sara Khan,teacher0334@college.com,password123,teacher,CSE,true,true
Tara Kapoor,teacher0335@college.com,password123,teacher,EEE,true,true
Aliya Bose,teacher0336@college.com,password123,teacher,ECE,true,true
James Thomas,teacher0337@college.com,password123,teacher,IT,true,true
Amit Yadav,teacher0338@college.com,password123,teacher,MATH,true,true
Yusuf Hussain,teacher0339@college.com,password123,teacher,MECH,true,true
Divya Thomas,teacher0340@college.com,password123,teacher,PHY,true,true
Nikhil Malhotra,teacher0341@college.com,password123,teacher,MBA,true,true
Tara Kumar,teacher0342@college.com,password123,teacher,CHEM,true,true
Ayesha Chopra,teacher0343@college.com,password123,teacher,CIVIL,true,true
Nikhil Malhotra,teacher0344@college.com,password123,teacher,CSE,true,true
Diya Agarwal,teacher0345@college.com,password123,teacher,EEE,true,true
Emma Sheikh,teacher0346@college.com,password123,teacher,ECE,true,true
Sai Iyer,teacher0347@college.com,password123,teacher,IT,true,true
Ishaan Das,teacher0348@college.com,password123,teacher,MATH,true,true
Meera Varghese,teacher0349@college.com,password123,teacher,MECH,true,true
Ishaan Pandey,teacher0350@college.com,password123,teacher,PHY,true,true
Dhruv Kumar,teacher0351@college.com,password123,teacher,MBA,true,true
Riya Pillai,teacher0352@college.com,password123,teacher,CHEM,true,true
Diya Sheikh,teacher0353@college.com,password123,teacher,CIVIL,true,true
Zara Pillai,teacher0354@college.com,password123,teacher,CSE,true,true
Vihaan Mukherjee,teacher0355@college.com,password123,teacher,EEE,true,true
James Pillai,teacher0356@college.com,password123,teacher,ECE,true,true
Meera Yadav,teacher0357@college.com,password123,teacher,IT,true,true
Kiran Varghese,teacher0358@college.com,password123,teacher,MATH,true,true
Vivaan Dubey,teacher0359@college.com,password123,teacher,MECH,true,true
Anita Joshi,teacher0360@college.com,password123,teacher,PHY,true,true
Anjali Sharma,teacher0361@college.com,password123,teacher,MBA,true,true
Isha Khanna,teacher0362@college.com,password123,teacher,CHEM,true,true
Aliya Joshi,teacher0363@college.com,password123,teacher,CIVIL,true,true
Robert Pillai,teacher0364@college.com,password123,teacher,CSE,true,true
Sneha Mishra,teacher0365@college.com,password123,teacher,EEE,true,true
Sara Sheikh,teacher0366@college.com,password123,teacher,ECE,true,true
John Rodrigues,teacher0367@college.com,password123,teacher,IT,true,true
Emma Das,teacher0368@college.com,password123,teacher,MATH,true,true
Divya Das,teacher0369@college.com,password123,teacher,MECH,true,true
Amit Naidu,teacher0370@college.com,password123,teacher,PHY,true,true
Divya Verma,teacher0371@college.com,password123,teacher,MBA,true,true
Meera Bansal,teacher0372@college.com,password123,teacher,CHEM,true,true
Imran Jacob,teacher0373@college.com,password123,teacher,CIVIL,true,true
John Desai,teacher0374@college.com,password123,teacher,CSE,true,true
Fatima Rao,teacher0375@college.com,password123,teacher,EEE,true,true
James Chauhan,teacher0376@college.com,password123,teacher,ECE,true,true
Olivia Iyer,teacher0377@college.com,password123,teacher,IT,true,true
Radha Sheikh,teacher0378@college.com,password123,teacher,MATH,true,true
Vivaan Desai,teacher0379@college.com,password123,teacher,MECH,true,true
Kiran Fernandes,teacher0380@college.com,password123,teacher,PHY,true,true
Imran Verma,teacher0381@college.com,password123,teacher,MBA,true,true
Sai George,teacher0382@college.com,password123,teacher,CHEM,true,true
Saanvi Iyer,teacher0383@college.com,password123,teacher,CIVIL,true,true
Emily Chauhan,teacher0384@college.com,password123,teacher,CSE,true,true
Kabir Singh,teacher0385@college.com,password123,teacher,EEE,true,true
Rahul Joshi,teacher0386@college.com,password123,teacher,ECE,true,true
Ananya Mukherjee,teacher0387@college.com,password123,teacher,IT,true,true
Zara Agarwal,teacher0388@college.com,password123,teacher,MATH,true,true
Diya Dubey,teacher0389@college.com,password123,teacher,MECH,true,true
Sarah Joshi,teacher0390@college.com,password123,teacher,PHY,true,true
Amit Dubey,teacher0391@college.com,password123,teacher,MBA,true,true
James Pillai,teacher0392@college.com,password123,teacher,CHEM,true,true
Rahul Patel,teacher0393@college.com,password123,teacher,CIVIL,true,true
Anjali Verma,teacher0394@college.com,password123,teacher,CSE,true,true
Sara Sheikh,teacher0395@college.com,password123,teacher,EEE,true,true
Vihaan Mehta,teacher0396@college.com,password123,teacher,ECE,true,true
Karan George,teacher0397@college.com,password123,teacher,IT,true,true
Arjun Yadav,teacher0398@college.com,password123,teacher,MATH,true,true
Farhan Gupta,teacher0399@college.com,password123,teacher,MECH,true,true
Aliya Verma,teacher0400@college.com,password123,teacher,PHY,true,true
Nikhil Banerjee,teacher0401@college.com,password123,teacher,MBA,true,true
James Verma,teacher0402@college.com,password123,teacher,CHEM,true,true
Radha Menon,teacher0403@college.com,password123,teacher,CIVIL,true,true
Nikhil Iyer,teacher0404@college.com,password123,teacher,CSE,true,true
Anjali Mathew,teacher0405@college.com,password123,teacher,EEE,true,true
Ayaan Fernandes,teacher0406@college.com,password123,teacher,ECE,true,true
Dhruv Chauhan,teacher0407@college.com,password123,teacher,IT,true,true
Zoya Kapoor,teacher0408@college.com,password123,teacher,MATH,true,true
Yusuf Shah,teacher0409@college.com,password123,teacher,MECH,true,true
Rohan Rodrigues,teacher0410@college.com,password123,teacher,PHY,true,true
Lakshmi Mishra,teacher0411@college.com,password123,teacher,MBA,true,true
Ayesha Nair,teacher0412@college.com,password123,teacher,CHEM,true,true
Yusuf Rao,teacher0413@college.com,password123,teacher,CIVIL,true,true
Vikram Reddy,teacher0414@college.com,password123,teacher,CSE,true,true
Kiran Verma,teacher0415@college.com,password123,teacher,EEE,true,true
Grace Khanna,teacher0416@college.com,password123,teacher,ECE,true,true
Anita Jacob,teacher0417@college.com,password123,teacher,IT,true,true
Olivia Joshi,teacher0418@college.com,password123,teacher,MATH,true,true
Priya Pandey,teacher0419@college.com,password123,teacher,MECH,true,true
Aryan Kumar,teacher0420@college.com,password123,teacher,PHY,true,true
Kiran Varghese,teacher0421@college.com,password123,teacher,MBA,true,true
James Thomas,teacher0422@college.com,password123,teacher,CHEM,true,true
Nikhil Reddy,teacher0423@college.com,password123,teacher,CIVIL,true,true
Zoya Yadav,teacher0424@college.com,password123,teacher,CSE,true,true
Vikram Jacob,teacher0425@college.com,password123,teacher,EEE,true,true
Lakshmi Nair,teacher0426@college.com,password123,teacher,ECE,true,true
David Fernandes,teacher0427@college.com,password123,teacher,IT,true,true
David Gupta,teacher0428@college.com,password123,teacher,MATH,true,true
Isha Sheikh,teacher0429@college.com,password123,teacher,MECH,true,true
Saanvi Mathew,teacher0430@college.com,password123,teacher,PHY,true,true
Kavya Kumar,teacher0431@college.com,password123,teacher,MBA,true,true
Neha George,teacher0432@college.com,password123,teacher,CHEM,true,true
Diya Sharma,teacher0433@college.com,password123,teacher,CIVIL,true,true
Robert Pillai,teacher0434@college.com,password123,teacher,CSE,true,true
Michael Ahmed,teacher0435@college.com,password123,teacher,EEE,true,true
Reyansh Naidu,teacher0436@college.com,password123,teacher,ECE,true,true
Kavya Thomas,teacher0437@college.com,password123,teacher,IT,true,true
Emma Chauhan,teacher0438@college.com,password123,teacher,MATH,true,true
Ayesha Menon,teacher0439@college.com,password123,teacher,MECH,true,true
Saanvi Chatterjee,teacher0440@college.com,password123,teacher,PHY,true,true
Fatima Hussain,teacher0441@college.com,password123,teacher,MBA,true,true
Farhan Malhotra,teacher0442@college.com,password123,teacher,CHEM,true,true
Radha Sheikh,teacher0443@college.com,password123,teacher,CIVIL,true,true
Yusuf Khan,teacher0444@college.com,password123,teacher,CSE,true,true
Zara Naidu,teacher0445@college.com,password123,teacher,EEE,true,true
Michael Tiwari,teacher0446@college.com,password123,teacher,ECE,true,true
Kiran Malhotra,teacher0447@college.com,password123,teacher,IT,true,true
Ananya Bose,teacher0448@college.com,password123,teacher,MATH,true,true
James Patel,teacher0449@college.com,password123,teacher,MECH,true,true
Amit Rathore,teacher0450@college.com,password123,teacher,PHY,true,true
Nikhil Dubey,teacher0451@college.com,password123,teacher,MBA,true,true
Zara Fernandes,teacher0452@college.com,password123,teacher,CHEM,true,true
Radha Mathew,teacher0453@college.com,password123,teacher,CIVIL,true,true
Meera Bansal,teacher0454@college.com,password123,teacher,CSE,true,true
Vivaan Ahmed,teacher0455@college.com,password123,teacher,EEE,true,true
Robert Agarwal,teacher0456@college.com,password123,teacher,ECE,true,true
Kabir Ahmed,teacher0457@college.com,password123,teacher,IT,true,true
Dhruv Mehta,teacher0458@college.com,password123,teacher,MATH,true,true
John Kapoor,teacher0459@college.com,password123,teacher,MECH,true,true
Diya Malhotra,teacher0460@college.com,password123,teacher,PHY,true,true
Sarah Rodrigues,teacher0461@college.com,password123,teacher,MBA,true,true
Zoya Malhotra,teacher0462@college.com,password123,teacher,CHEM,true,true
Swati Sharma,teacher0463@college.com,password123,teacher,CIVIL,true,true
Pooja Banerjee,teacher0464@college.com,password123,teacher,CSE,true,true
Sai Bose,teacher0465@college.com,password123,teacher,EEE,true,true
Fatima Pillai,teacher0466@college.com,password123,teacher,ECE,true,true
Divya D'Souza,teacher0467@college.com,password123,teacher,IT,true,true
Aliya Bose,teacher0468@college.com,password123,teacher,MATH,true,true
Zoya Khan,teacher0469@college.com,password123,teacher,MECH,true,true
Farhan Pandey,teacher0470@college.com,password123,teacher,PHY,true,true
Divya Rathore,teacher0471@college.com,password123,teacher,MBA,true,true
David Verma,teacher0472@college.com,password123,teacher,CHEM,true,true
Sai Chopra,teacher0473@college.com,password123,teacher,CIVIL,true,true
Karan Desai,teacher0474@college.com,password123,teacher,CSE,true,true
Zoya Bose,teacher0475@college.com,password123,teacher,EEE,true,true
Vikram Mathew,teacher0476@college.com,password123,teacher,ECE,true,true
Kiran Shah,teacher0477@college.com,password123,teacher,IT,true,true
Anjali D'Souza,teacher0478@college.com,password123,teacher,MATH,true,true
Pooja Mehta,teacher0479@college.com,password123,teacher,MECH,true,true
Saanvi Mishra,teacher0480@college.com,password123,teacher,PHY,true,true
Swati Bansal,teacher0481@college.com,password123,teacher,MBA,true,true
Isha Varghese,teacher0482@college.com,password123,teacher,CHEM,true,true
Zara Malhotra,teacher0483@college.com,password123,teacher,CIVIL,true,true
Vikram Kapoor,teacher0484@college.com,password123,teacher,CSE,true,true
Karan Nair,teacher0485@college.com,password123,teacher,EEE,true,true
Fatima Banerjee,teacher0486@college.com,password123,teacher,ECE,true,true
Ananya Nair,teacher0487@college.com,password123,teacher,IT,true,true
Sara Sheikh,teacher0488@college.com,password123,teacher,MATH,true,true
Aliya Varghese,teacher0489@college.com,password123,teacher,MECH,true,true
Kabir Banerjee,teacher0490@college.com,password123,teacher,PHY,true,true
Dhruv Mishra,teacher0491@college.com,password123,teacher,MBA,true,true
Anjali Malhotra,teacher0492@college.com,password123,teacher,CHEM,true,true
Fatima Pinto,teacher0493@college.com,password123,teacher,CIVIL,true,true
Aliya Hussain,teacher0494@college.com,password123,teacher,CSE,true,true
Lakshmi Chopra,teacher0495@college.com,password123,teacher,EEE,true,true
Reyansh Banerjee,teacher0496@college.com,password123,teacher,ECE,true,true
Suresh Das,teacher0497@college.com,password123,teacher,IT,true,true
Kavya Chatterjee,teacher0498@college.com,password123,teacher,MATH,true,true
Vikram Sharma,teacher0499@college.com,password123,teacher,MECH,true,true
Ayesha Sheikh,teacher0500@college.com,password123,teacher,PHY,true,true
Krishna Malhotra,teacher0501@college.com,password123,teacher,MBA,true,true
Aditya Singh,teacher0502@college.com,password123,teacher,CHEM,true,true
Swati Chopra,teacher0503@college.com,password123,teacher,CIVIL,true,true
Zoya Iyer,teacher0504@college.com,password123,teacher,CSE,true,true
Mohammed Dubey,teacher0505@college.com,password123,teacher,EEE,true,true
Divya Reddy,teacher0506@college.com,password123,teacher,ECE,true,true
Emily Sharma,teacher0507@college.com,password123,teacher,IT,true,true
Anita Chopra,teacher0508@college.com,password123,teacher,MATH,true,true
Anjali Khan,teacher0509@college.com,password123,teacher,MECH,true,true
Tara Bansal,teacher0510@college.com,password123,teacher,PHY,true,true
Kabir Singh,teacher0511@college.com,password123,teacher,MBA,true,true
Rahul Khan,teacher0512@college.com,password123,teacher,CHEM,true,true
Ayaan Kumar,teacher0513@college.com,password123,teacher,CIVIL,true,true
Priya Ahmed,teacher0514@college.com,password123,teacher,CSE,true,true
Arjun Fernandes,teacher0515@college.com,password123,teacher,EEE,true,true
Mohammed Jacob,teacher0516@college.com,password123,teacher,ECE,true,true
Vihaan Menon,teacher0517@college.com,password123,teacher,IT,true,true
Ishaan Fernandes,teacher0518@college.com,password123,teacher,MATH,true,true
Vikram Patel,teacher0519@college.com,password123,teacher,MECH,true,true
Nikhil Nair,teacher0520@college.com,password123,teacher,PHY,true,true
Swati Dubey,teacher0521@college.com,password123,teacher,MBA,true,true
Riya Rodrigues,teacher0522@college.com,password123,teacher,CHEM,true,true
Lakshmi Costa,teacher0523@college.com,password123,teacher,CIVIL,true,true
Karan Yadav,teacher0524@college.com,password123,teacher,CSE,true,true
Pooja Joshi,teacher0525@college.com,password123,teacher,EEE,true,true
Tara Rathore,teacher0526@college.com,password123,teacher,ECE,true,true
Vikram Pinto,teacher0527@college.com,password123,teacher,IT,true,true
Saanvi Khanna,teacher0528@college.com,password123,teacher,MATH,true,true
Anita Costa,teacher0529@college.com,password123,teacher,MECH,true,true
Vihaan Costa,teacher0530@college.com,password123,teacher,PHY,true,true
Sara Reddy,teacher0531@college.com,password123,teacher,MBA,true,true
Aliya Mukherjee,teacher0532@college.com,password123,teacher,CHEM,true,true
Mohammed Mukherjee,teacher0533@college.com,password123,teacher,CIVIL,true,true
Rahul Mathew,teacher0534@college.com,password123,teacher,CSE,true,true
Sai Rao,teacher0535@college.com,password123,teacher,EEE,true,true
Nikhil Chatterjee,teacher0536@college.com,password123,teacher,ECE,true,true
Swati Kumar,teacher0537@college.com,password123,teacher,IT,true,true
Rohan Sharma,teacher0538@college.com,password123,teacher,MATH,true,true
Riya Rathore,teacher0539@college.com,password123,teacher,MECH,true,true
Zoya Rodrigues,teacher0540@college.com,password123,teacher,PHY,true,true
Anjali Chopra,teacher0541@college.com,password123,teacher,MBA,true,true
Aditya Das,teacher0542@college.com,password123,teacher,CHEM,true,true
Suresh Pandey,teacher0543@college.com,password123,teacher,CIVIL,true,true
Suresh Varghese,teacher0544@college.com,password123,teacher,CSE,true,true
Emily Chauhan,teacher0545@college.com,password123,teacher,EEE,true,true
Arjun Jacob,teacher0546@college.com,password123,teacher,ECE,true,true
Karan Kapoor,teacher0547@college.com,password123,teacher,IT,true,true
David Thomas,teacher0548@college.com,password123,teacher,MATH,true,true
Kiran Mathew,teacher0549@college.com,password123,teacher,MECH,true,true
John Banerjee,teacher0550@college.com,password123,teacher,PHY,true,true
Saanvi Nair,teacher0551@college.com,password123,teacher,MBA,true,true
Sneha Das,teacher0552@college.com,password123,teacher,CHEM,true,true
Farhan Menon,teacher0553@college.com,password123,teacher,CIVIL,true,true
Olivia Malhotra,teacher0554@college.com,password123,teacher,CSE,true,true
Michael Menon,teacher0555@college.com,password123,teacher,EEE,true,true
Arjun Singh,teacher0556@college.com,password123,teacher,ECE,true,true
Rohan Khanna,teacher0557@college.com,password123,teacher,IT,true,true
Lakshmi Mishra,teacher0558@college.com,password123,teacher,MATH,true,true
Michael Fernandes,teacher0559@college.com,password123,teacher,MECH,true,true
Olivia Chopra,teacher0560@college.com,password123,teacher,PHY,true,true
Tara Nair,teacher0561@college.com,password123,teacher,MBA,true,true
Zara Varghese,teacher0562@college.com,password123,teacher,CHEM,true,true
Vikram Varghese,teacher0563@college.com,password123,teacher,CIVIL,true,true
Priya Malhotra,teacher0564@college.com,password123,teacher,CSE,true,true
Neha Sheikh,teacher0565@college.com,password123,teacher,EEE,true,true
Divya Rathore,teacher0566@college.com,password123,teacher,ECE,true,true
Sai Rodrigues,teacher0567@college.com,password123,teacher,IT,true,true
Aditya Naidu,teacher0568@college.com,password123,teacher,MATH,true,true
Sara Agarwal,teacher0569@college.com,password123,teacher,MECH,true,true
Lakshmi Kapoor,teacher0570@college.com,password123,teacher,PHY,true,true
Vivaan Patel,teacher0571@college.com,password123,teacher,MBA,true,true
Karan Jacob,teacher0572@college.com,password123,teacher,CHEM,true,true
James Fernandes,teacher0573@college.com,password123,teacher,CIVIL,true,true
Kiran Verma,teacher0574@college.com,password123,teacher,CSE,true,true
Aliya Jacob,teacher0575@college.com,password123,teacher,EEE,true,true
Michael Malhotra,teacher0576@college.com,password123,teacher,ECE,true,true
Anita Gupta,teacher0577@college.com,password123,teacher,IT,true,true
Aliya Dubey,teacher0578@college.com,password123,teacher,MATH,true,true
Kabir Khan,teacher0579@college.com,password123,teacher,MECH,true,true
Pooja George,teacher0580@college.com,password123,teacher,PHY,true,true
Tara Malhotra,teacher0581@college.com,password123,teacher,MBA,true,true
Kabir Pinto,teacher0582@college.com,password123,teacher,CHEM,true,true
Saanvi Thomas,teacher0583@college.com,password123,teacher,CIVIL,true,true
Michael Ahmed,teacher0584@college.com,password123,teacher,CSE,true,true
Sai Khan,teacher0585@college.com,password123,teacher,EEE,true,true
Isha Pillai,teacher0586@college.com,password123,teacher,ECE,true,true
Diya Agarwal,teacher0587@college.com,password123,teacher,IT,true,true
Imran Reddy,teacher0588@college.com,password123,teacher,MATH,true,true
Robert Rao,teacher0589@college.com,password123,teacher,MECH,true,true
Diya Pillai,teacher0590@college.com,password123,teacher,PHY,true,true
Zoya Ahmed,teacher0591@college.com,password123,teacher,MBA,true,true
Suresh Mathew,teacher0592@college.com,password123,teacher,CHEM,true,true
Priya Dubey,teacher0593@college.com,password123,teacher,CIVIL,true,true
Swati Gupta,teacher0594@college.com,password123,teacher,CSE,true,true
Zara Patel,teacher0595@college.com,password123,teacher,EEE,true,true
Ananya Kapoor,teacher0596@college.com,password123,teacher,ECE,true,true
Ananya Nair,teacher0597@college.com,password123,teacher,IT,true,true
Yusuf Desai,teacher0598@college.com,password123,teacher,MATH,true,true
Emily Ali,teacher0599@college.com,password123,teacher,MECH,true,true
Michael Sharma,teacher0600@college.com,password123,teacher,PHY,true,true
Imran Sheikh,teacher0601@college.com,password123,teacher,MBA,true,true
Zara Pillai,teacher0602@college.com,password123,teacher,CHEM,true,true
Vihaan Banerjee,teacher0603@college.com,password123,teacher,CIVIL,true,true
Pooja Shah,teacher0604@college.com,password123,teacher,CSE,true,true
Radha Dubey,teacher0605@college.com,password123,teacher,EEE,true,true
Divya Thomas,teacher0606@college.com,password123,teacher,ECE,true,true
Tara Dubey,teacher0607@college.com,password123,teacher,IT,true,true
Vihaan Mukherjee,teacher0608@college.com,password123,teacher,MATH,true,true
Amit D'Souza,teacher0609@college.com,password123,teacher,MECH,true,true
Krishna Chopra,teacher0610@college.com,password123,teacher,PHY,true,true
Tara Varghese,teacher0611@college.com,password123,teacher,MBA,true,true
Divya Nair,teacher0612@college.com,password123,teacher,CHEM,true,true
Vivaan Thomas,teacher0613@college.com,password123,teacher,CIVIL,true,true
Lakshmi Bose,teacher0614@college.com,password123,teacher,CSE,true,true
Ayesha Rao,teacher0615@college.com,password123,teacher,EEE,true,true
Vikram D'Souza,teacher0616@college.com,password123,teacher,ECE,true,true
Aarav D'Souza,teacher0617@college.com,password123,teacher,IT,true,true
Riya Patel,teacher0618@college.com,password123,teacher,MATH,true,true
Karan Nair,teacher0619@college.com,password123,teacher,MECH,true,true
Zara Nair,teacher0620@college.com,password123,teacher,PHY,true,true
Farhan Menon,teacher0621@college.com,password123,teacher,MBA,true,true
Divya Pandey,teacher0622@college.com,password123,teacher,CHEM,true,true
Suresh Ali,teacher0623@college.com,password123,teacher,CIVIL,true,true
Ayesha Malhotra,teacher0624@college.com,password123,teacher,CSE,true,true
Riya Khan,teacher0625@college.com,password123,teacher,EEE,true,true
Anjali Bose,teacher0626@college.com,password123,teacher,ECE,true,true
Zara D'Souza,teacher0627@college.com,password123,teacher,IT,true,true
Ishaan Joshi,teacher0628@college.com,password123,teacher,MATH,true,true
Aryan Rodrigues,teacher0629@college.com,password123,teacher,MECH,true,true
Neha Mishra,teacher0630@college.com,password123,teacher,PHY,true,true
Sarah Iyer,teacher0631@college.com,password123,teacher,MBA,true,true
Emily Kumar,teacher0632@college.com,password123,teacher,CHEM,true,true
Amit Yadav,teacher0633@college.com,password123,teacher,CIVIL,true,true
David Pillai,teacher0634@college.com,password123,teacher,CSE,true,true
Diya Ali,teacher0635@college.com,password123,teacher,EEE,true,true
Amit Sharma,teacher0636@college.com,password123,teacher,ECE,true,true
Suresh Tiwari,teacher0637@college.com,password123,teacher,IT,true,true
Vikram Pinto,teacher0638@college.com,password123,teacher,MATH,true,true
Kiran Mathew,teacher0639@college.com,password123,teacher,MECH,true,true
Divya Menon,teacher0640@college.com,password123,teacher,PHY,true,true
Tara Sheikh,teacher0641@college.com,password123,teacher,MBA,true,true
Anjali Mehta,teacher0642@college.com,password123,teacher,CHEM,true,true
Diya D'Souza,teacher0643@college.com,password123,teacher,CIVIL,true,true
Aliya Sheikh,teacher0644@college.com,password123,teacher,CSE,true,true
Meera Chauhan,teacher0645@college.com,password123,teacher,EEE,true,true
Grace Agarwal,teacher0646@college.com,password123,teacher,ECE,true,true
Emily Banerjee,teacher0647@college.com,password123,teacher,IT,true,true
Zoya Bose,teacher0648@college.com,password123,teacher,MATH,true,true
Anita Joshi,teacher0649@college.com,password123,teacher,MECH,true,true
Karan Yadav,teacher0650@college.com,password123,teacher,PHY,true,true
Riya Gupta,teacher0651@college.com,password123,teacher,MBA,true,true
Ananya Mishra,teacher0652@college.com,password123,teacher,CHEM,true,true
Anjali Pandey,teacher0653@college.com,password123,teacher,CIVIL,true,true
Olivia Joshi,teacher0654@college.com,password123,teacher,CSE,true,true
Meera Mathew,teacher0655@college.com,password123,teacher,EEE,true,true
David George,teacher0656@college.com,password123,teacher,ECE,true,true
Ishaan Ahmed,teacher0657@college.com,password123,teacher,IT,true,true
Aditya Iyer,teacher0658@college.com,password123,teacher,MATH,true,true
Neha Pinto,teacher0659@college.com,password123,teacher,MECH,true,true
Diya Reddy,teacher0660@college.com,password123,teacher,PHY,true,true
Emily Rathore,teacher0661@college.com,password123,teacher,MBA,true,true
Reyansh Hussain,teacher0662@college.com,password123,teacher,CHEM,true,true
Olivia Chauhan,teacher0663@college.com,password123,teacher,CIVIL,true,true
Aarav Tiwari,teacher0664@college.com,password123,teacher,CSE,true,true
Ishaan Pillai,teacher0665@college.com,password123,teacher,EEE,true,true
Emily George,teacher0666@college.com,password123,teacher,ECE,true,true
Ishaan Kumar,teacher0667@college.com,password123,teacher,IT,true,true
Anjali Kapoor,teacher0668@college.com,password123,teacher,MATH,true,true
Diya Costa,teacher0669@college.com,password123,teacher,MECH,true,true
Zoya Desai,teacher0670@college.com,password123,teacher,PHY,true,true
Farhan Patel,teacher0671@college.com,password123,teacher,MBA,true,true
Robert Bansal,teacher0672@college.com,password123,teacher,CHEM,true,true
Robert Jacob,teacher0673@college.com,password123,teacher,CIVIL,true,true
Robert Sheikh,teacher0674@college.com,password123,teacher,CSE,true,true
Meera Agarwal,teacher0675@college.com,password123,teacher,EEE,true,true
Mohammed Pandey,teacher0676@college.com,password123,teacher,ECE,true,true
Sarah Dubey,teacher0677@college.com,password123,teacher,IT,true,true
Divya Sheikh,teacher0678@college.com,password123,teacher,MATH,true,true
Aditya Costa,teacher0679@college.com,password123,teacher,MECH,true,true
Arjun Bose,teacher0680@college.com,password123,teacher,PHY,true,true
Mohammed Jacob,teacher0681@college.com,password123,teacher,MBA,true,true
Olivia Chopra,teacher0682@college.com,password123,teacher,CHEM,true,true
Karan Mishra,teacher0683@college.com,password123,teacher,CIVIL,true,true
Sai Naidu,teacher0684@college.com,password123,teacher,CSE,true,true
Reyansh Dubey,teacher0685@college.com,password123,teacher,EEE,true,true
Mohammed Pandey,teacher0686@college.com,password123,teacher,ECE,true,true
Emily Reddy,teacher0687@college.com,password123,teacher,IT,true,true
Tara Rao,teacher0688@college.com,password123,teacher,MATH,true,true
Zoya Khanna,teacher0689@college.com,password123,teacher,MECH,true,true
Emma Verma,teacher0690@college.com,password123,teacher,PHY,true,true
Aditya Agarwal,teacher0691@college.com,password123,teacher,MBA,true,true
David Singh,teacher0692@college.com,password123,teacher,CHEM,true,true
Suresh Mehta,teacher0693@college.com,password123,teacher,CIVIL,true,true
Kavya Naidu,teacher0694@college.com,password123,teacher,CSE,true,true
Ishaan Bose,teacher0695@college.com,password123,teacher,EEE,true,true
Pooja Pillai,teacher0696@college.com,password123,teacher,ECE,true,true
Anita Jacob,teacher0697@college.com,password123,teacher,IT,true,true
David Chatterjee,teacher0698@college.com,password123,teacher,MATH,true,true
Rohan Chatterjee,teacher0699@college.com,password123,teacher,MECH,true,true
Sai Costa,teacher0700@college.com,password123,teacher,PHY,true,true
Emily Joshi,teacher0701@college.com,password123,teacher,MBA,true,true
Radha Jacob,teacher0702@college.com,password123,teacher,CHEM,true,true
Nikhil Ahmed,teacher0703@college.com,password123,teacher,CIVIL,true,true
Olivia Pinto,teacher0704@college.com,password123,teacher,CSE,true,true
Ishaan Das,teacher0705@college.com,password123,teacher,EEE,true,true
Zara Thomas,teacher0706@college.com,password123,teacher,ECE,true,true
Rahul Chauhan,teacher0707@college.com,password123,teacher,IT,true,true
Rahul Mathew,teacher0708@college.com,password123,teacher,MATH,true,true
Aarav Chauhan,teacher0709@college.com,password123,teacher,MECH,true,true
Emma Chopra,teacher0710@college.com,password123,teacher,PHY,true,true
Sameer Sheikh,teacher0711@college.com,password123,teacher,MBA,true,true
Rohan Kumar,teacher0712@college.com,password123,teacher,CHEM,true,true
Tara Mehta,teacher0713@college.com,password123,teacher,CIVIL,true,true
Kiran Khanna,teacher0714@college.com,password123,teacher,CSE,true,true
Mohammed Naidu,teacher0715@college.com,password123,teacher,EEE,true,true
Zoya Kapoor,teacher0716@college.com,password123,teacher,ECE,true,true
Zara Khanna,teacher0717@college.com,password123,teacher,IT,true,true
Aryan Joshi,teacher0718@college.com,password123,teacher,MATH,true,true
Robert Khan,teacher0719@college.com,password123,teacher,MECH,true,true
Reyansh Bose,teacher0720@college.com,password123,teacher,PHY,true,true
Meera Fernandes,teacher0721@college.com,password123,teacher,MBA,true,true
Isha Fernandes,teacher0722@college.com,password123,teacher,CHEM,true,true
Suresh Varghese,teacher0723@college.com,password123,teacher,CIVIL,true,true
Suresh Verma,teacher0724@college.com,password123,teacher,CSE,true,true
James Mathew,teacher0725@college.com,password123,teacher,EEE,true,true
Priya Malhotra,teacher0726@college.com,password123,teacher,ECE,true,true
Aarav Fernandes,teacher0727@college.com,password123,teacher,IT,true,true
Emily Jacob,teacher0728@college.com,password123,teacher,MATH,true,true
Yusuf Mishra,teacher0729@college.com,password123,teacher,MECH,true,true
Vihaan Rodrigues,teacher0730@college.com,password123,teacher,PHY,true,true
Sara Ahmed,teacher0731@college.com,password123,teacher,MBA,true,true
James Chopra,teacher0732@college.com,password123,teacher,CHEM,true,true
Yusuf Das,teacher0733@college.com,password123,teacher,CIVIL,true,true
Lakshmi Mehta,teacher0734@college.com,password123,teacher,CSE,true,true
Karan Thomas,teacher0735@college.com,password123,teacher,EEE,true,true
Aryan Costa,teacher0736@college.com,password123,teacher,ECE,true,true
Rahul Jacob,teacher0737@college.com,password123,teacher,IT,true,true
Aliya Tiwari,teacher0738@college.com,password123,teacher,MATH,true,true
Yusuf Mathew,teacher0739@college.com,password123,teacher,MECH,true,true
Sameer Iyer,teacher0740@college.com,password123,teacher,PHY,true,true
Mohammed Reddy,teacher0741@college.com,password123,teacher,MBA,true,true
Emma Thomas,teacher0742@college.com,password123,teacher,CHEM,true,true
Farhan Gupta,teacher0743@college.com,password123,teacher,CIVIL,true,true
Vikram Rathore,teacher0744@college.com,password123,teacher,CSE,true,true
Aditya Pinto,teacher0745@college.com,password123,teacher,EEE,true,true
Kavya Tiwari,teacher0746@college.com,password123,teacher,ECE,true,true
Krishna Patel,teacher0747@college.com,password123,teacher,IT,true,true
Olivia Chopra,teacher0748@college.com,password123,teacher,MATH,true,true
Ananya Mishra,teacher0749@college.com,password123,teacher,MECH,true,true
Riya Chatterjee,teacher0750@college.com,password123,teacher,PHY,true,true
Aryan Iyer,teacher0751@college.com,password123,teacher,MBA,true,true
David Sheikh,teacher0752@college.com,password123,teacher,CHEM,true,true
Sarah Shah,teacher0753@college.com,password123,teacher,CIVIL,true,true
Pooja Ali,teacher0754@college.com,password123,teacher,CSE,true,true
Olivia Malhotra,teacher0755@college.com,password123,teacher,EEE,true,true
James Rao,teacher0756@college.com,password123,teacher,ECE,true,true
Rahul Khan,teacher0757@college.com,password123,teacher,IT,true,true
John Chopra,teacher0758@college.com,password123,teacher,MATH,true,true
Sara Bansal,teacher0759@college.com,password123,teacher,MECH,true,true
John Nair,teacher0760@college.com,password123,teacher,PHY,true,true
Zara Kumar,teacher0761@college.com,password123,teacher,MBA,true,true
Ishaan Dubey,teacher0762@college.com,password123,teacher,CHEM,true,true
Karan Jacob,teacher0763@college.com,password123,teacher,CIVIL,true,true
Fatima Jacob,teacher0764@college.com,password123,teacher,CSE,true,true
Priya D'Souza,teacher0765@college.com,password123,teacher,EEE,true,true
Kavya Patel,teacher0766@college.com,password123,teacher,ECE,true,true
David Desai,teacher0767@college.com,password123,teacher,IT,true,true
Aarav Kapoor,teacher0768@college.com,password123,teacher,MATH,true,true
Sneha Nair,teacher0769@college.com,password123,teacher,MECH,true,true
Zara Shah,teacher0770@college.com,password123,teacher,PHY,true,true
Sameer Mishra,teacher0771@college.com,password123,teacher,MBA,true,true
Sameer Kapoor,teacher0772@college.com,password123,teacher,CHEM,true,true
Kiran Joshi,teacher0773@college.com,password123,teacher,CIVIL,true,true
Michael Thomas,teacher0774@college.com,password123,teacher,CSE,true,true
Kavya Reddy,teacher0775@college.com,password123,teacher,EEE,true,true
Sameer Das,teacher0776@college.com,password123,teacher,ECE,true,true
Anjali Verma,teacher0777@college.com,password123,teacher,IT,true,true
Radha D'Souza,teacher0778@college.com,password123,teacher,MATH,true,true
Ananya Costa,teacher0779@college.com,password123,teacher,MECH,true,true
Karan George,teacher0780@college.com,password123,teacher,PHY,true,true
Arjun Thomas,teacher0781@college.com,password123,teacher,MBA,true,true
Michael Chauhan,teacher0782@college.com,password123,teacher,CHEM,true,true
Olivia Varghese,teacher0783@college.com,password123,teacher,CIVIL,true,true
Vikram George,teacher0784@college.com,password123,teacher,CSE,true,true
Riya Nair,teacher0785@college.com,password123,teacher,EEE,true,true
Krishna Gupta,teacher0786@college.com,password123,teacher,ECE,true,true
Aditya Khanna,teacher0787@college.com,password123,teacher,IT,true,true
Divya Nair,teacher0788@college.com,password123,teacher,MATH,true,true
Reyansh Bose,teacher0789@college.com,password123,teacher,MECH,true,true
Sarah Sheikh,teacher0790@college.com,password123,teacher,PHY,true,true
Krishna Joshi,teacher0791@college.com,password123,teacher,MBA,true,true
Zara Shah,teacher0792@college.com,password123,teacher,CHEM,true,true
Imran Mishra,teacher0793@college.com,password123,teacher,CIVIL,true,true
Zoya Sheikh,teacher0794@college.com,password123,teacher,CSE,true,true
Riya Pinto,teacher0795@college.com,password123,teacher,EEE,true,true
Sara Tiwari,teacher0796@college.com,password123,teacher,ECE,true,true
Ishaan Pillai,teacher0797@college.com,password123,teacher,IT,true,true
Farhan Reddy,teacher0798@college.com,password123,teacher,MATH,true,true
James Ahmed,teacher0799@college.com,password123,teacher,MECH,true,true
Radha Pillai,teacher0800@college.com,password123,teacher,PHY,true,true
Amit Gupta,teacher0801@college.com,password123,teacher,MBA,true,true
Zoya Shah,teacher0802@college.com,password123,teacher,CHEM,true,true
Dhruv Rathore,teacher0803@college.com,password123,teacher,CIVIL,true,true
Tara Bose,teacher0804@college.com,password123,teacher,CSE,true,true
Robert Shah,teacher0805@college.com,password123,teacher,EEE,true,true
Reyansh Jacob,teacher0806@college.com,password123,teacher,ECE,true,true
Kavya Sheikh,teacher0807@college.com,password123,teacher,IT,true,true
Emma George,teacher0808@college.com,password123,teacher,MATH,true,true
Isha Singh,teacher0809@college.com,password123,teacher,MECH,true,true
Priya Malhotra,teacher0810@college.com,password123,teacher,PHY,true,true
Aryan Nair,teacher0811@college.com,password123,teacher,MBA,true,true
Robert Chauhan,teacher0812@college.com,password123,teacher,CHEM,true,true
Sai Mathew,teacher0813@college.com,password123,teacher,CIVIL,true,true
Dhruv George,teacher0814@college.com,password123,teacher,CSE,true,true
Mohammed Rodrigues,teacher0815@college.com,password123,teacher,EEE,true,true
Vivaan Singh,teacher0816@college.com,password123,teacher,ECE,true,true
David Bansal,teacher0817@college.com,password123,teacher,IT,true,true
Nikhil Iyer,teacher0818@college.com,password123,teacher,MATH,true,true
David Fernandes,teacher0819@college.com,password123,teacher,MECH,true,true
Dhruv Kumar,teacher0820@college.com,password123,teacher,PHY,true,true
James Dubey,teacher0821@college.com,password123,teacher,MBA,true,true
Swati Mukherjee,teacher0822@college.com,password123,teacher,CHEM,true,true
Kiran Mukherjee,teacher0823@college.com,password123,teacher,CIVIL,true,true
Michael Das,teacher0824@college.com,password123,teacher,CSE,true,true
Diya Yadav,teacher0825@college.com,password123,teacher,EEE,true,true
Ishaan Rodrigues,teacher0826@college.com,password123,teacher,ECE,true,true
Aarav Malhotra,teacher0827@college.com,password123,teacher,IT,true,true
Robert Menon,teacher0828@college.com,password123,teacher,MATH,true,true
Krishna Sheikh,teacher0829@college.com,password123,teacher,MECH,true,true
Rahul Chatterjee,teacher0830@college.com,password123,teacher,PHY,true,true
Ayaan Mathew,teacher0831@college.com,password123,teacher,MBA,true,true
Emily Verma,teacher0832@college.com,password123,teacher,CHEM,true,true
Krishna Sharma,teacher0833@college.com,password123,teacher,CIVIL,true,true
Isha Bose,teacher0834@college.com,password123,teacher,CSE,true,true
Kiran Agarwal,teacher0835@college.com,password123,teacher,EEE,true,true
Vivaan Chatterjee,teacher0836@college.com,password123,teacher,ECE,true,true
Rahul Singh,teacher0837@college.com,password123,teacher,IT,true,true
Krishna Mishra,teacher0838@college.com,password123,teacher,MATH,true,true
Riya Hussain,teacher0839@college.com,password123,teacher,MECH,true,true
Ayaan Mishra,teacher0840@college.com,password123,teacher,PHY,true,true
Arjun Khan,teacher0841@college.com,password123,teacher,MBA,true,true
Tara Yadav,teacher0842@college.com,password123,teacher,CHEM,true,true
Kavya Ali,teacher0843@college.com,password123,teacher,CIVIL,true,true
Kiran Reddy,teacher0844@college.com,password123,teacher,CSE,true,true
Tara Ali,teacher0845@college.com,password123,teacher,EEE,true,true
Karan Costa,teacher0846@college.com,password123,teacher,ECE,true,true
Aditya Tiwari,teacher0847@college.com,password123,teacher,IT,true,true
David Mathew,teacher0848@college.com,password123,teacher,MATH,true,true
Pooja Khanna,teacher0849@college.com,password123,teacher,MECH,true,true
Zara George,teacher0850@college.com,password123,teacher,PHY,true,true
Vivaan Singh,teacher0851@college.com,password123,teacher,MBA,true,true
Anjali Desai,teacher0852@college.com,password123,teacher,CHEM,true,true
Saanvi Jacob,teacher0853@college.com,password123,teacher,CIVIL,true,true
Reyansh Ahmed,teacher0854@college.com,password123,teacher,CSE,true,true
Ayesha Rathore,teacher0855@college.com,password123,teacher,EEE,true,true
Arjun Patel,teacher0856@college.com,password123,teacher,ECE,true,true
Ananya Rodrigues,teacher0857@college.com,password123,teacher,IT,true,true
Ishaan Kumar,teacher0858@college.com,password123,teacher,MATH,true,true
Krishna Malhotra,teacher0859@college.com,password123,teacher,MECH,true,true
Radha Thomas,teacher0860@college.com,password123,teacher,PHY,true,true
Kiran D'Souza,teacher0861@college.com,password123,teacher,MBA,true,true
Ayesha Agarwal,teacher0862@college.com,password123,teacher,CHEM,true,true
Meera Rodrigues,teacher0863@college.com,password123,teacher,CIVIL,true,true
Pooja Chopra,teacher0864@college.com,password123,teacher,CSE,true,true
Zara Ali,teacher0865@college.com,password123,teacher,EEE,true,true
Lakshmi Naidu,teacher0866@college.com,password123,teacher,ECE,true,true
Reyansh Varghese,teacher0867@college.com,password123,teacher,IT,true,true
Ayaan George,teacher0868@college.com,password123,teacher,MATH,true,true
Farhan Yadav,teacher0869@college.com,password123,teacher,MECH,true,true
Swati Tiwari,teacher0870@college.com,password123,teacher,PHY,true,true
Emily Mukherjee,teacher0871@college.com,password123,teacher,MBA,true,true
Saanvi Rathore,teacher0872@college.com,password123,teacher,CHEM,true,true
Sarah Das,teacher0873@college.com,password123,teacher,CIVIL,true,true
Riya Bansal,teacher0874@college.com,password123,teacher,CSE,true,true
Michael Chauhan,teacher0875@college.com,password123,teacher,EEE,true,true
Priya Pillai,teacher0876@college.com,password123,teacher,ECE,true,true
Fatima Reddy,teacher0877@college.com,password123,teacher,IT,true,true
Ananya Naidu,teacher0878@college.com,password123,teacher,MATH,true,true
Ananya Mathew,teacher0879@college.com,password123,teacher,MECH,true,true
Rahul Shah,teacher0880@college.com,password123,teacher,PHY,true,true
Ishaan Jacob,teacher0881@college.com,password123,teacher,MBA,true,true
Grace Khan,teacher0882@college.com,password123,teacher,CHEM,true,true
Arjun Patel,teacher0883@college.com,password123,teacher,CIVIL,true,true
James Patel,teacher0884@college.com,password123,teacher,CSE,true,true
Sai Naidu,teacher0885@college.com,password123,teacher,EEE,true,true
Reyansh Mishra,teacher0886@college.com,password123,teacher,ECE,true,true
Sara Shah,teacher0887@college.com,password123,teacher,IT,true,true
John Iyer,teacher0888@college.com,password123,teacher,MATH,true,true
Swati Singh,teacher0889@college.com,password123,teacher,MECH,true,true
Kiran D'Souza,teacher0890@college.com,password123,teacher,PHY,true,true
Swati Bansal,teacher0891@college.com,password123,teacher,MBA,true,true
Imran Nair,teacher0892@college.com,password123,teacher,CHEM,true,true
Riya Mehta,teacher0893@college.com,password123,teacher,CIVIL,true,true
Emily Mathew,teacher0894@college.com,password123,teacher,CSE,true,true
Aliya Naidu,teacher0895@college.com,password123,teacher,EEE,true,true
Emily Tiwari,teacher0896@college.com,password123,teacher,ECE,true,true
Vihaan Chopra,teacher0897@college.com,password123,teacher,IT,true,true
Lakshmi Khanna,teacher0898@college.com,password123,teacher,MATH,true,true
Isha Reddy,teacher0899@college.com,password123,teacher,MECH,true,true
Anita Ali,teacher0900@college.com,password123,teacher,PHY,true,true
Dhruv Menon,teacher0901@college.com,password123,teacher,MBA,true,true
Imran Khan,teacher0902@college.com,password123,teacher,CHEM,true,true
Karan Reddy,teacher0903@college.com,password123,teacher,CIVIL,true,true
Isha D'Souza,teacher0904@college.com,password123,teacher,CSE,true,true
Kavya Nair,teacher0905@college.com,password123,teacher,EEE,true,true
Aliya Malhotra,teacher0906@college.com,password123,teacher,ECE,true,true
Anita Das,teacher0907@college.com,password123,teacher,IT,true,true
John Naidu,teacher0908@college.com,password123,teacher,MATH,true,true
Robert D'Souza,teacher0909@college.com,password123,teacher,MECH,true,true
Yusuf Costa,teacher0910@college.com,password123,teacher,PHY,true,true
Radha Jacob,teacher0911@college.com,password123,teacher,MBA,true,true
Farhan D'Souza,teacher0912@college.com,password123,teacher,CHEM,true,true
Vivaan Rodrigues,teacher0913@college.com,password123,teacher,CIVIL,true,true
Grace Mathew,teacher0914@college.com,password123,teacher,CSE,true,true
James Varghese,teacher0915@college.com,password123,teacher,EEE,true,true
Amit Verma,teacher0916@college.com,password123,teacher,ECE,true,true
Kabir Malhotra,teacher0917@college.com,password123,teacher,IT,true,true
Zoya Dubey,teacher0918@college.com,password123,teacher,MATH,true,true
Vikram Bansal,teacher0919@college.com,password123,teacher,MECH,true,true
Isha Sharma,teacher0920@college.com,password123,teacher,PHY,true,true
Kabir Menon,teacher0921@college.com,password123,teacher,MBA,true,true
Anita Mathew,teacher0922@college.com,password123,teacher,CHEM,true,true
Priya Kumar,teacher0923@college.com,password123,teacher,CIVIL,true,true
Ishaan Mishra,teacher0924@college.com,password123,teacher,CSE,true,true
Mohammed Verma,teacher0925@college.com,password123,teacher,EEE,true,true
Sai Mishra,teacher0926@college.com,password123,teacher,ECE,true,true
Pooja Mukherjee,teacher0927@college.com,password123,teacher,IT,true,true
Meera Pillai,teacher0928@college.com,password123,teacher,MATH,true,true
Zara Bansal,teacher0929@college.com,password123,teacher,MECH,true,true
Rohan Shah,teacher0930@college.com,password123,teacher,PHY,true,true
Vikram Tiwari,teacher0931@college.com,password123,teacher,MBA,true,true
Ananya Yadav,teacher0932@college.com,password123,teacher,CHEM,true,true
Anita Rodrigues,teacher0933@college.com,password123,teacher,CIVIL,true,true
Sai Singh,teacher0934@college.com,password123,teacher,CSE,true,true
Ishaan Rao,teacher0935@college.com,password123,teacher,EEE,true,true
Aliya Costa,teacher0936@college.com,password123,teacher,ECE,true,true
Vihaan Jacob,teacher0937@college.com,password123,teacher,IT,true,true
Sai Malhotra,teacher0938@college.com,password123,teacher,MATH,true,true
Tara Mathew,teacher0939@college.com,password123,teacher,MECH,true,true
Saanvi Ahmed,teacher0940@college.com,password123,teacher,PHY,true,true
Lakshmi Rathore,teacher0941@college.com,password123,teacher,MBA,true,true
Riya Malhotra,teacher0942@college.com,password123,teacher,CHEM,true,true
Dhruv Dubey,teacher0943@college.com,password123,teacher,CIVIL,true,true
Neha Nair,teacher0944@college.com,password123,teacher,CSE,true,true
Isha Naidu,teacher0945@college.com,password123,teacher,EEE,true,true
Ayaan Chopra,teacher0946@college.com,password123,teacher,ECE,true,true
Sameer Jacob,teacher0947@college.com,password123,teacher,IT,true,true
Kiran Ahmed,teacher0948@college.com,password123,teacher,MATH,true,true
Pooja Mathew,teacher0949@college.com,password123,teacher,MECH,true,true
Vikram Gupta,teacher0950@college.com,password123,teacher,PHY,true,true
Karan Desai,teacher0951@college.com,password123,teacher,MBA,true,true
Lakshmi Singh,teacher0952@college.com,password123,teacher,CHEM,true,true
Aarav Mukherjee,teacher0953@college.com,password123,teacher,CIVIL,true,true
Vikram Mukherjee,teacher0954@college.com,password123,teacher,CSE,true,true
Yusuf Iyer,teacher0955@college.com,password123,teacher,EEE,true,true
Aliya Kapoor,teacher0956@college.com,password123,teacher,ECE,true,true
Suresh Agarwal,teacher0957@college.com,password123,teacher,IT,true,true
Ayaan Sharma,teacher0958@college.com,password123,teacher,MATH,true,true
Divya Mishra,teacher0959@college.com,password123,teacher,MECH,true,true
Saanvi Chatterjee,teacher0960@college.com,password123,teacher,PHY,true,true
Krishna Joshi,teacher0961@college.com,password123,teacher,MBA,true,true
Sneha Pandey,teacher0962@college.com,password123,teacher,CHEM,true,true
Karan Ali,teacher0963@college.com,password123,teacher,CIVIL,true,true
Swati Mathew,teacher0964@college.com,password123,teacher,CSE,true,true
John Mehta,teacher0965@college.com,password123,teacher,EEE,true,true
Arjun Desai,teacher0966@college.com,password123,teacher,ECE,true,true
Emily Mishra,teacher0967@college.com,password123,teacher,IT,true,true
Aditya Naidu,teacher0968@college.com,password123,teacher,MATH,true,true
Vivaan Chauhan,teacher0969@college.com,password123,teacher,MECH,true,true
Olivia Kumar,teacher0970@college.com,password123,teacher,PHY,true,true
Emily Agarwal,teacher0971@college.com,password123,teacher,MBA,true,true
Anita Naidu,teacher0972@college.com,password123,teacher,CHEM,true,true
Anita Desai,teacher0973@college.com,password123,teacher,CIVIL,true,true
Ayesha Thomas,teacher0974@college.com,password123,teacher,CSE,true,true
Riya Chopra,teacher0975@college.com,password123,teacher,EEE,true,true
Ayaan Desai,teacher0976@college.com,password123,teacher,ECE,true,true
Vivaan Agarwal,teacher0977@college.com,password123,teacher,IT,true,true
Rohan Costa,teacher0978@college.com,password123,teacher,MATH,true,true
Zara Varghese,teacher0979@college.com,password123,teacher,MECH,true,true
Olivia Shah,teacher0980@college.com,password123,teacher,PHY,true,true
Sai Naidu,teacher0981@college.com,password123,teacher,MBA,true,true
Robert Reddy,teacher0982@college.com,password123,teacher,CHEM,true,true
Nikhil Naidu,teacher0983@college.com,password123,teacher,CIVIL,true,true
Kiran Desai,teacher0984@college.com,password123,teacher,CSE,true,true
Pooja Patel,teacher0985@college.com,password123,teacher,EEE,true,true
Priya Khanna,teacher0986@college.com,password123,teacher,ECE,true,true
Sara Bansal,teacher0987@college.com,password123,teacher,IT,true,true
Karan Bansal,teacher0988@college.com,password123,teacher,MATH,true,true
Yusuf Rao,teacher0989@college.com,password123,teacher,MECH,true,true
Arjun Ali,teacher0990@college.com,password123,teacher,PHY,true,true
Mohammed Nair,teacher0991@college.com,password123,teacher,MBA,true,true
Pooja Ali,teacher0992@college.com,password123,teacher,CHEM,true,true
Aryan Yadav,teacher0993@college.com,password123,teacher,CIVIL,true,true
Isha Mehta,teacher0994@college.com,password123,teacher,CSE,true,true
Fatima George,teacher0995@college.com,password123,teacher,EEE,true,true
Michael Menon,teacher0996@college.com,password123,teacher,ECE,true,true
Nikhil Reddy,teacher0997@college.com,password123,teacher,IT,true,true
Ishaan Kapoor,teacher0998@college.com,password123,teacher,MATH,true,true
Aryan Chatterjee,teacher0999@college.com,password123,teacher,MECH,true,true
Lakshmi Menon,teacher1000@college.com,password123,teacher,PHY,true,true
Aliya Dubey,student0001@college.com,password123,student,MBA,true,true
Farhan Kumar,student0002@college.com,password123,student,CHEM,true,true
Kabir Yadav,student0003@college.com,password123,student,CIVIL,true,true
Mohammed Ahmed,student0004@college.com,password123,student,CSE,true,true
Zara Dubey,student0005@college.com,password123,student,EEE,true,true
Anita Dubey,student0006@college.com,password123,student,ECE,true,true
Kiran Rathore,student0007@college.com,password123,student,IT,true,true
Sameer Fernandes,student0008@college.com,password123,student,MATH,true,true
Farhan Thomas,student0009@college.com,password123,student,MECH,true,true
Radha Agarwal,student0010@college.com,password123,student,PHY,true,true
Emily Thomas,student0011@college.com,password123,student,MBA,true,true
Ananya Menon,student0012@college.com,password123,student,CHEM,true,true
Tara Kumar,student0013@college.com,password123,student,CIVIL,true,true
Anjali Rathore,student0014@college.com,password123,student,CSE,true,true
Mohammed Khanna,student0015@college.com,password123,student,EEE,true,true
David Malhotra,student0016@college.com,password123,student,ECE,true,true
Kiran Singh,student0017@college.com,password123,student,IT,true,true
Isha Ali,student0018@college.com,password123,student,MATH,true,true
Arjun Khanna,student0019@college.com,password123,student,MECH,true,true
Zara Rathore,student0020@college.com,password123,student,PHY,true,true
Aditya Singh,student0021@college.com,password123,student,MBA,true,true
Kavya Chopra,student0022@college.com,password123,student,CHEM,true,true
Arjun George,student0023@college.com,password123,student,CIVIL,true,true
Emily Patel,student0024@college.com,password123,student,CSE,true,true
Radha Rodrigues,student0025@college.com,password123,student,EEE,true,true
Neha Joshi,student0026@college.com,password123,student,ECE,true,true
Zara Pinto,student0027@college.com,password123,student,IT,true,true
Swati Mishra,student0028@college.com,password123,student,MATH,true,true
Emma Gupta,student0029@college.com,password123,student,MECH,true,true
Tara Fernandes,student0030@college.com,password123,student,PHY,true,true
Farhan Banerjee,student0031@college.com,password123,student,MBA,true,true
Ananya Rodrigues,student0032@college.com,password123,student,CHEM,true,true
Anjali Ali,student0033@college.com,password123,student,CIVIL,true,true
Ishaan Singh,student0034@college.com,password123,student,CSE,true,true
Tara Reddy,student0035@college.com,password123,student,EEE,true,true
John Bansal,student0036@college.com,password123,student,ECE,true,true
Ayesha Patel,student0037@college.com,password123,student,IT,true,true
Neha George,student0038@college.com,password123,student,MATH,true,true
Kabir Gupta,student0039@college.com,password123,student,MECH,true,true
Nikhil Pandey,student0040@college.com,password123,student,PHY,true,true
Tara Rathore,student0041@college.com,password123,student,MBA,true,true
Pooja Hussain,student0042@college.com,password123,student,CHEM,true,true
Radha Rao,student0043@college.com,password123,student,CIVIL,true,true
Kavya Shah,student0044@college.com,password123,student,CSE,true,true
Olivia Chopra,student0045@college.com,password123,student,EEE,true,true
Meera Pillai,student0046@college.com,password123,student,ECE,true,true
Yusuf Bansal,student0047@college.com,password123,student,IT,true,true
Sameer Rodrigues,student0048@college.com,password123,student,MATH,true,true
Vihaan Thomas,student0049@college.com,password123,student,MECH,true,true
Farhan Bansal,student0050@college.com,password123,student,PHY,true,true
Arjun Bansal,student0051@college.com,password123,student,MBA,true,true
Reyansh D'Souza,student0052@college.com,password123,student,CHEM,true,true
Sameer Joshi,student0053@college.com,password123,student,CIVIL,true,true
Suresh Kapoor,student0054@college.com,password123,student,CSE,true,true
Fatima Mathew,student0055@college.com,password123,student,EEE,true,true
Olivia Rodrigues,student0056@college.com,password123,student,ECE,true,true
Emily Menon,student0057@college.com,password123,student,IT,true,true
Diya Patel,student0058@college.com,password123,student,MATH,true,true
Kiran Mathew,student0059@college.com,password123,student,MECH,true,true
Ishaan Mehta,student0060@college.com,password123,student,PHY,true,true
Vikram George,student0061@college.com,password123,student,MBA,true,true
Zoya Mathew,student0062@college.com,password123,student,CHEM,true,true
Priya Iyer,student0063@college.com,password123,student,CIVIL,true,true
Lakshmi Pandey,student0064@college.com,password123,student,CSE,true,true
Sai Khanna,student0065@college.com,password123,student,EEE,true,true
Swati Joshi,student0066@college.com,password123,student,ECE,true,true
Farhan Bansal,student0067@college.com,password123,student,IT,true,true
Michael Iyer,student0068@college.com,password123,student,MATH,true,true
Imran Varghese,student0069@college.com,password123,student,MECH,true,true
James Mishra,student0070@college.com,password123,student,PHY,true,true
Sameer Hussain,student0071@college.com,password123,student,MBA,true,true
Sai George,student0072@college.com,password123,student,CHEM,true,true
Imran Naidu,student0073@college.com,password123,student,CIVIL,true,true
Neha Shah,student0074@college.com,password123,student,CSE,true,true
Vivaan Shah,student0075@college.com,password123,student,EEE,true,true
Vikram Chatterjee,student0076@college.com,password123,student,ECE,true,true
Dhruv Bansal,student0077@college.com,password123,student,IT,true,true
Yusuf Ahmed,student0078@college.com,password123,student,MATH,true,true
Aryan Das,student0079@college.com,password123,student,MECH,true,true
Krishna Menon,student0080@college.com,password123,student,PHY,true,true
Arjun Chopra,student0081@college.com,password123,student,MBA,true,true
Robert Reddy,student0082@college.com,password123,student,CHEM,true,true
Neha Yadav,student0083@college.com,password123,student,CIVIL,true,true
Sneha Mishra,student0084@college.com,password123,student,CSE,true,true
Sarah Hussain,student0085@college.com,password123,student,EEE,true,true
Aditya Mathew,student0086@college.com,password123,student,ECE,true,true
Diya Yadav,student0087@college.com,password123,student,IT,true,true
Radha Iyer,student0088@college.com,password123,student,MATH,true,true
Lakshmi Joshi,student0089@college.com,password123,student,MECH,true,true
Ishaan Rao,student0090@college.com,password123,student,PHY,true,true
Kabir Varghese,student0091@college.com,password123,student,MBA,true,true
Yusuf Costa,student0092@college.com,password123,student,CHEM,true,true
John Rao,student0093@college.com,password123,student,CIVIL,true,true
Fatima Rathore,student0094@college.com,password123,student,CSE,true,true
Aditya Pillai,student0095@college.com,password123,student,EEE,true,true
Kavya Jacob,student0096@college.com,password123,student,ECE,true,true
Fatima Bose,student0097@college.com,password123,student,IT,true,true
Tara Costa,student0098@college.com,password123,student,MATH,true,true
Suresh Dubey,student0099@college.com,password123,student,MECH,true,true
Sara Rathore,student0100@college.com,password123,student,PHY,true,true
Karan Sheikh,student0101@college.com,password123,student,MBA,true,true
Nikhil Khanna,student0102@college.com,password123,student,CHEM,true,true
John Khan,student0103@college.com,password123,student,CIVIL,true,true
Emma Banerjee,student0104@college.com,password123,student,CSE,true,true
Kavya Jacob,student0105@college.com,password123,student,EEE,true,true
Anita Rathore,student0106@college.com,password123,student,ECE,true,true
Zara Yadav,student0107@college.com,password123,student,IT,true,true
Suresh Yadav,student0108@college.com,password123,student,MATH,true,true
Meera Ali,student0109@college.com,password123,student,MECH,true,true
Pooja Pillai,student0110@college.com,password123,student,PHY,true,true
Rohan Banerjee,student0111@college.com,password123,student,MBA,true,true
John Rodrigues,student0112@college.com,password123,student,CHEM,true,true
Krishna Kapoor,student0113@college.com,password123,student,CIVIL,true,true
Vihaan George,student0114@college.com,password123,student,CSE,true,true
Anjali Shah,student0115@college.com,password123,student,EEE,true,true
Swati Reddy,student0116@college.com,password123,student,ECE,true,true
Ayesha Hussain,student0117@college.com,password123,student,IT,true,true
Robert Nair,student0118@college.com,password123,student,MATH,true,true
Suresh Patel,student0119@college.com,password123,student,MECH,true,true
Aliya Rao,student0120@college.com,password123,student,PHY,true,true
Amit Rathore,student0121@college.com,password123,student,MBA,true,true
Emma Ali,student0122@college.com,password123,student,CHEM,true,true
Ishaan Naidu,student0123@college.com,password123,student,CIVIL,true,true
Sai Das,student0124@college.com,password123,student,CSE,true,true
Michael Rathore,student0125@college.com,password123,student,EEE,true,true
Sarah Mehta,student0126@college.com,password123,student,ECE,true,true
Grace Verma,student0127@college.com,password123,student,IT,true,true
Riya Singh,student0128@college.com,password123,student,MATH,true,true
Priya Ali,student0129@college.com,password123,student,MECH,true,true
Kavya Bose,student0130@college.com,password123,student,PHY,true,true
Meera Patel,student0131@college.com,password123,student,MBA,true,true
Kavya Das,student0132@college.com,password123,student,CHEM,true,true
Vivaan Agarwal,student0133@college.com,password123,student,CIVIL,true,true
Grace Reddy,student0134@college.com,password123,student,CSE,true,true
James Pandey,student0135@college.com,password123,student,EEE,true,true
Farhan Bansal,student0136@college.com,password123,student,ECE,true,true
David Menon,student0137@college.com,password123,student,IT,true,true
Krishna Gupta,student0138@college.com,password123,student,MATH,true,true
Suresh Khan,student0139@college.com,password123,student,MECH,true,true
Zoya Iyer,student0140@college.com,password123,student,PHY,true,true
Aliya Pandey,student0141@college.com,password123,student,MBA,true,true
Anjali Rathore,student0142@college.com,password123,student,CHEM,true,true
Radha Sharma,student0143@college.com,password123,student,CIVIL,true,true
Emma Patel,student0144@college.com,password123,student,CSE,true,true
Vivaan Kapoor,student0145@college.com,password123,student,EEE,true,true
Dhruv Menon,student0146@college.com,password123,student,ECE,true,true
Swati Tiwari,student0147@college.com,password123,student,IT,true,true
Lakshmi Hussain,student0148@college.com,password123,student,MATH,true,true
Saanvi Nair,student0149@college.com,password123,student,MECH,true,true
Yusuf Chopra,student0150@college.com,password123,student,PHY,true,true
Nikhil Khanna,student0151@college.com,password123,student,MBA,true,true
Ayaan Singh,student0152@college.com,password123,student,CHEM,true,true
Nikhil Pillai,student0153@college.com,password123,student,CIVIL,true,true
Mohammed Costa,student0154@college.com,password123,student,CSE,true,true
Zara Kumar,student0155@college.com,password123,student,EEE,true,true
Ayaan Ahmed,student0156@college.com,password123,student,ECE,true,true
Lakshmi Sheikh,student0157@college.com,password123,student,IT,true,true
Vivaan Thomas,student0158@college.com,password123,student,MATH,true,true
Neha Fernandes,student0159@college.com,password123,student,MECH,true,true
Nikhil Pandey,student0160@college.com,password123,student,PHY,true,true
Ishaan Chopra,student0161@college.com,password123,student,MBA,true,true
Saanvi Sharma,student0162@college.com,password123,student,CHEM,true,true
Radha Mehta,student0163@college.com,password123,student,CIVIL,true,true
Nikhil Fernandes,student0164@college.com,password123,student,CSE,true,true
Riya Chatterjee,student0165@college.com,password123,student,EEE,true,true
Imran Mathew,student0166@college.com,password123,student,ECE,true,true
Sai Hussain,student0167@college.com,password123,student,IT,true,true
Kavya Kumar,student0168@college.com,password123,student,MATH,true,true
Pooja Sheikh,student0169@college.com,password123,student,MECH,true,true
Neha Ali,student0170@college.com,password123,student,PHY,true,true
Swati Verma,student0171@college.com,password123,student,MBA,true,true
Meera Khan,student0172@college.com,password123,student,CHEM,true,true
Aditya Thomas,student0173@college.com,password123,student,CIVIL,true,true
Meera Shah,student0174@college.com,password123,student,CSE,true,true
Rahul Mishra,student0175@college.com,password123,student,EEE,true,true
Vivaan Mehta,student0176@college.com,password123,student,ECE,true,true
David Kumar,student0177@college.com,password123,student,IT,true,true
Isha Bose,student0178@college.com,password123,student,MATH,true,true
Fatima Mathew,student0179@college.com,password123,student,MECH,true,true
Mohammed Reddy,student0180@college.com,password123,student,PHY,true,true
Yusuf Pinto,student0181@college.com,password123,student,MBA,true,true
Sara Dubey,student0182@college.com,password123,student,CHEM,true,true
Diya Iyer,student0183@college.com,password123,student,CIVIL,true,true
Aditya Mehta,student0184@college.com,password123,student,CSE,true,true
Sneha Bansal,student0185@college.com,password123,student,EEE,true,true
Michael George,student0186@college.com,password123,student,ECE,true,true
Kabir Yadav,student0187@college.com,password123,student,IT,true,true
Sameer Chauhan,student0188@college.com,password123,student,MATH,true,true
Zoya Khan,student0189@college.com,password123,student,MECH,true,true
Mohammed Chatterjee,student0190@college.com,password123,student,PHY,true,true
John Iyer,student0191@college.com,password123,student,MBA,true,true
Arjun Pandey,student0192@college.com,password123,student,CHEM,true,true
Yusuf Chauhan,student0193@college.com,password123,student,CIVIL,true,true
Aditya Chopra,student0194@college.com,password123,student,CSE,true,true
Aryan Gupta,student0195@college.com,password123,student,EEE,true,true
David Banerjee,student0196@college.com,password123,student,ECE,true,true
Sarah Gupta,student0197@college.com,password123,student,IT,true,true
Ananya Khanna,student0198@college.com,password123,student,MATH,true,true
Neha Desai,student0199@college.com,password123,student,MECH,true,true
Michael Sheikh,student0200@college.com,password123,student,PHY,true,true
Anjali Kapoor,student0201@college.com,password123,student,MBA,true,true
Aditya Dubey,student0202@college.com,password123,student,CHEM,true,true
Farhan Banerjee,student0203@college.com,password123,student,CIVIL,true,true
Suresh Mehta,student0204@college.com,password123,student,CSE,true,true
Emily Yadav,student0205@college.com,password123,student,EEE,true,true
Vihaan George,student0206@college.com,password123,student,ECE,true,true
Diya Malhotra,student0207@college.com,password123,student,IT,true,true
Ayaan Shah,student0208@college.com,password123,student,MATH,true,true
Saanvi Desai,student0209@college.com,password123,student,MECH,true,true
Sara Rathore,student0210@college.com,password123,student,PHY,true,true
Emma Joshi,student0211@college.com,password123,student,MBA,true,true
Diya Chatterjee,student0212@college.com,password123,student,CHEM,true,true
Divya Varghese,student0213@college.com,password123,student,CIVIL,true,true
Divya Shah,student0214@college.com,password123,student,CSE,true,true
Grace Hussain,student0215@college.com,password123,student,EEE,true,true
Amit Patel,student0216@college.com,password123,student,ECE,true,true
Fatima Naidu,student0217@college.com,password123,student,IT,true,true
Sai Naidu,student0218@college.com,password123,student,MATH,true,true
Lakshmi Chatterjee,student0219@college.com,password123,student,MECH,true,true
Sneha Chopra,student0220@college.com,password123,student,PHY,true,true
Ananya Reddy,student0221@college.com,password123,student,MBA,true,true
Sai Agarwal,student0222@college.com,password123,student,CHEM,true,true
Imran Chopra,student0223@college.com,password123,student,CIVIL,true,true
Vikram Rathore,student0224@college.com,password123,student,CSE,true,true
Lakshmi Pandey,student0225@college.com,password123,student,EEE,true,true
Saanvi Rao,student0226@college.com,password123,student,ECE,true,true
Zoya Rathore,student0227@college.com,password123,student,IT,true,true
Isha Rathore,student0228@college.com,password123,student,MATH,true,true
Aditya Tiwari,student0229@college.com,password123,student,MECH,true,true
Emily Mehta,student0230@college.com,password123,student,PHY,true,true
Radha Naidu,student0231@college.com,password123,student,MBA,true,true
Amit Thomas,student0232@college.com,password123,student,CHEM,true,true
David Singh,student0233@college.com,password123,student,CIVIL,true,true
Arjun Mathew,student0234@college.com,password123,student,CSE,true,true
Mohammed Desai,student0235@college.com,password123,student,EEE,true,true
Kavya Ali,student0236@college.com,password123,student,ECE,true,true
John Mishra,student0237@college.com,password123,student,IT,true,true
Sameer Rao,student0238@college.com,password123,student,MATH,true,true
Vivaan Menon,student0239@college.com,password123,student,MECH,true,true
Robert Rodrigues,student0240@college.com,password123,student,PHY,true,true
Sameer Rathore,student0241@college.com,password123,student,MBA,true,true
Aditya Iyer,student0242@college.com,password123,student,CHEM,true,true
Arjun Bose,student0243@college.com,password123,student,CIVIL,true,true
Yusuf George,student0244@college.com,password123,student,CSE,true,true
Kavya Shah,student0245@college.com,password123,student,EEE,true,true
Meera Fernandes,student0246@college.com,password123,student,ECE,true,true
Aditya Rodrigues,student0247@college.com,password123,student,IT,true,true
Ishaan Jacob,student0248@college.com,password123,student,MATH,true,true
Tara Shah,student0249@college.com,password123,student,MECH,true,true
Kavya Rathore,student0250@college.com,password123,student,PHY,true,true
Aliya Kumar,student0251@college.com,password123,student,MBA,true,true
Anita Iyer,student0252@college.com,password123,student,CHEM,true,true
Pooja Shah,student0253@college.com,password123,student,CIVIL,true,true
Priya Agarwal,student0254@college.com,password123,student,CSE,true,true
Farhan Malhotra,student0255@college.com,password123,student,EEE,true,true
Nikhil Nair,student0256@college.com,password123,student,ECE,true,true
Vivaan Mishra,student0257@college.com,password123,student,IT,true,true
Kabir Ahmed,student0258@college.com,password123,student,MATH,true,true
Pooja Joshi,student0259@college.com,password123,student,MECH,true,true
Olivia D'Souza,student0260@college.com,password123,student,PHY,true,true
Ayaan Kapoor,student0261@college.com,password123,student,MBA,true,true
Yusuf Kapoor,student0262@college.com,password123,student,CHEM,true,true
Ayesha Rathore,student0263@college.com,password123,student,CIVIL,true,true
Dhruv Costa,student0264@college.com,password123,student,CSE,true,true
Suresh Varghese,student0265@college.com,password123,student,EEE,true,true
Olivia Ahmed,student0266@college.com,password123,student,ECE,true,true
Aryan Nair,student0267@college.com,password123,student,IT,true,true
Krishna Kumar,student0268@college.com,password123,student,MATH,true,true
Tara Chatterjee,student0269@college.com,password123,student,MECH,true,true
Emma Pandey,student0270@college.com,password123,student,PHY,true,true
Tara Patel,student0271@college.com,password123,student,MBA,true,true
John Jacob,student0272@college.com,password123,student,CHEM,true,true
Robert Agarwal,student0273@college.com,password123,student,CIVIL,true,true
Imran Mehta,student0274@college.com,password123,student,CSE,true,true
Ayesha Kumar,student0275@college.com,password123,student,EEE,true,true
Swati Sheikh,student0276@college.com,password123,student,ECE,true,true
Suresh Khanna,student0277@college.com,password123,student,IT,true,true
Robert Rao,student0278@college.com,password123,student,MATH,true,true
Ayesha Pandey,student0279@college.com,password123,student,MECH,true,true
Grace Varghese,student0280@college.com,password123,student,PHY,true,true
Mohammed Chatterjee,student0281@college.com,password123,student,MBA,true,true
David Shah,student0282@college.com,password123,student,CHEM,true,true
Neha Das,student0283@college.com,password123,student,CIVIL,true,true
Ayaan Banerjee,student0284@college.com,password123,student,CSE,true,true
David Iyer,student0285@college.com,password123,student,EEE,true,true
Nikhil Ahmed,student0286@college.com,password123,student,ECE,true,true
Vivaan Shah,student0287@college.com,password123,student,IT,true,true
Swati Fernandes,student0288@college.com,password123,student,MATH,true,true
Kavya Chauhan,student0289@college.com,password123,student,MECH,true,true
John D'Souza,student0290@college.com,password123,student,PHY,true,true
Krishna Costa,student0291@college.com,password123,student,MBA,true,true
Sarah Patel,student0292@college.com,password123,student,CHEM,true,true
Arjun Khanna,student0293@college.com,password123,student,CIVIL,true,true
Priya Pandey,student0294@college.com,password123,student,CSE,true,true
Fatima Khan,student0295@college.com,password123,student,EEE,true,true
Pooja Pillai,student0296@college.com,password123,student,ECE,true,true
Yusuf Pillai,student0297@college.com,password123,student,IT,true,true
Michael Fernandes,student0298@college.com,password123,student,MATH,true,true
Arjun Iyer,student0299@college.com,password123,student,MECH,true,true
Ananya George,student0300@college.com,password123,student,PHY,true,true
Arjun Rathore,student0301@college.com,password123,student,MBA,true,true
Zara Jacob,student0302@college.com,password123,student,CHEM,true,true
Pooja Mehta,student0303@college.com,password123,student,CIVIL,true,true
Krishna Yadav,student0304@college.com,password123,student,CSE,true,true
Swati Thomas,student0305@college.com,password123,student,EEE,true,true
Kiran Chatterjee,student0306@college.com,password123,student,ECE,true,true
Yusuf Iyer,student0307@college.com,password123,student,IT,true,true
Saanvi Ali,student0308@college.com,password123,student,MATH,true,true
Olivia Singh,student0309@college.com,password123,student,MECH,true,true
James Nair,student0310@college.com,password123,student,PHY,true,true
Pooja Menon,student0311@college.com,password123,student,MBA,true,true
Vikram Rao,student0312@college.com,password123,student,CHEM,true,true
Rohan Agarwal,student0313@college.com,password123,student,CIVIL,true,true
Grace Pandey,student0314@college.com,password123,student,CSE,true,true
Karan Mehta,student0315@college.com,password123,student,EEE,true,true
Pooja Chopra,student0316@college.com,password123,student,ECE,true,true
Robert Patel,student0317@college.com,password123,student,IT,true,true
Rahul Banerjee,student0318@college.com,password123,student,MATH,true,true
Mohammed D'Souza,student0319@college.com,password123,student,MECH,true,true
Amit Iyer,student0320@college.com,password123,student,PHY,true,true
Mohammed Khanna,student0321@college.com,password123,student,MBA,true,true
Radha Sheikh,student0322@college.com,password123,student,CHEM,true,true
Sai Ali,student0323@college.com,password123,student,CIVIL,true,true
Farhan Rao,student0324@college.com,password123,student,CSE,true,true
Kiran Pinto,student0325@college.com,password123,student,EEE,true,true
Ishaan Rao,student0326@college.com,password123,student,ECE,true,true
Imran Costa,student0327@college.com,password123,student,IT,true,true
Fatima Rodrigues,student0328@college.com,password123,student,MATH,true,true
Diya Fernandes,student0329@college.com,password123,student,MECH,true,true
Aditya Verma,student0330@college.com,password123,student,PHY,true,true
Sai Gupta,student0331@college.com,password123,student,MBA,true,true
Farhan Yadav,student0332@college.com,password123,student,CHEM,true,true
Anita Kapoor,student0333@college.com,password123,student,CIVIL,true,true
Farhan Mukherjee,student0334@college.com,password123,student,CSE,true,true
Yusuf Fernandes,student0335@college.com,password123,student,EEE,true,true
Riya Costa,student0336@college.com,password123,student,ECE,true,true
Mohammed Verma,student0337@college.com,password123,student,IT,true,true
Divya Thomas,student0338@college.com,password123,student,MATH,true,true
Sneha Chopra,student0339@college.com,password123,student,MECH,true,true
Farhan Khanna,student0340@college.com,password123,student,PHY,true,true
Anjali Bose,student0341@college.com,password123,student,MBA,true,true
John Jacob,student0342@college.com,password123,student,CHEM,true,true
Priya Khanna,student0343@college.com,password123,student,CIVIL,true,true
Zara Kumar,student0344@college.com,password123,student,CSE,true,true
Zoya Singh,student0345@college.com,password123,student,EEE,true,true
Rohan Rathore,student0346@college.com,password123,student,ECE,true,true
Riya Khan,student0347@college.com,password123,student,IT,true,true
Zara Mukherjee,student0348@college.com,password123,student,MATH,true,true
Diya Rodrigues,student0349@college.com,password123,student,MECH,true,true
Ishaan Agarwal,student0350@college.com,password123,student,PHY,true,true
Emily Pandey,student0351@college.com,password123,student,MBA,true,true
Ananya Tiwari,student0352@college.com,password123,student,CHEM,true,true
Emily Mehta,student0353@college.com,password123,student,CIVIL,true,true
Priya Iyer,student0354@college.com,password123,student,CSE,true,true
Aliya Shah,student0355@college.com,password123,student,EEE,true,true
Neha D'Souza,student0356@college.com,password123,student,ECE,true,true
Reyansh Agarwal,student0357@college.com,password123,student,IT,true,true
Nikhil Chauhan,student0358@college.com,password123,student,MATH,true,true
Ayaan Malhotra,student0359@college.com,password123,student,MECH,true,true
Tara Bose,student0360@college.com,password123,student,PHY,true,true
Ishaan Reddy,student0361@college.com,password123,student,MBA,true,true
Vihaan Chopra,student0362@college.com,password123,student,CHEM,true,true
Meera Costa,student0363@college.com,password123,student,CIVIL,true,true
Riya Bose,student0364@college.com,password123,student,CSE,true,true
Emily Rao,student0365@college.com,password123,student,EEE,true,true
Michael Agarwal,student0366@college.com,password123,student,ECE,true,true
Grace Fernandes,student0367@college.com,password123,student,IT,true,true
Fatima Agarwal,student0368@college.com,password123,student,MATH,true,true
Aryan Dubey,student0369@college.com,password123,student,MECH,true,true
Rohan Ahmed,student0370@college.com,password123,student,PHY,true,true
Neha Chauhan,student0371@college.com,password123,student,MBA,true,true
Divya Khanna,student0372@college.com,password123,student,CHEM,true,true
Divya Verma,student0373@college.com,password123,student,CIVIL,true,true
Sai Desai,student0374@college.com,password123,student,CSE,true,true
Neha Chauhan,student0375@college.com,password123,student,EEE,true,true
Nikhil Mukherjee,student0376@college.com,password123,student,ECE,true,true
Kiran Mehta,student0377@college.com,password123,student,IT,true,true
Vihaan Singh,student0378@college.com,password123,student,MATH,true,true
Suresh Ahmed,student0379@college.com,password123,student,MECH,true,true
Lakshmi George,student0380@college.com,password123,student,PHY,true,true
Sameer Khan,student0381@college.com,password123,student,MBA,true,true
Suresh Sheikh,student0382@college.com,password123,student,CHEM,true,true
Aarav Reddy,student0383@college.com,password123,student,CIVIL,true,true
Saanvi Iyer,student0384@college.com,password123,student,CSE,true,true
Sarah Kapoor,student0385@college.com,password123,student,EEE,true,true
Fatima Shah,student0386@college.com,password123,student,ECE,true,true
Aliya Desai,student0387@college.com,password123,student,IT,true,true
Kavya Gupta,student0388@college.com,password123,student,MATH,true,true
Priya Singh,student0389@college.com,password123,student,MECH,true,true
Anita D'Souza,student0390@college.com,password123,student,PHY,true,true
Aryan Shah,student0391@college.com,password123,student,MBA,true,true
Swati Chopra,student0392@college.com,password123,student,CHEM,true,true
Arjun Joshi,student0393@college.com,password123,student,CIVIL,true,true
Neha Rathore,student0394@college.com,password123,student,CSE,true,true
Aliya D'Souza,student0395@college.com,password123,student,EEE,true,true
Amit Costa,student0396@college.com,password123,student,ECE,true,true
Sameer Costa,student0397@college.com,password123,student,IT,true,true
Ayaan Iyer,student0398@college.com,password123,student,MATH,true,true
Reyansh Desai,student0399@college.com,password123,student,MECH,true,true
Kavya Bansal,student0400@college.com,password123,student,PHY,true,true
Swati Shah,student0401@college.com,password123,student,MBA,true,true
Aliya Menon,student0402@college.com,password123,student,CHEM,true,true
Aryan Rodrigues,student0403@college.com,password123,student,CIVIL,true,true
Neha Desai,student0404@college.com,password123,student,CSE,true,true
Neha Gupta,student0405@college.com,password123,student,EEE,true,true
Aditya Gupta,student0406@college.com,password123,student,ECE,true,true
Krishna Pandey,student0407@college.com,password123,student,IT,true,true
Diya Khan,student0408@college.com,password123,student,MATH,true,true
Pooja Chauhan,student0409@college.com,password123,student,MECH,true,true
Ishaan Rodrigues,student0410@college.com,password123,student,PHY,true,true
Emma Ali,student0411@college.com,password123,student,MBA,true,true
Krishna Agarwal,student0412@college.com,password123,student,CHEM,true,true
Grace Costa,student0413@college.com,password123,student,CIVIL,true,true
Ananya Rao,student0414@college.com,password123,student,CSE,true,true
Priya Costa,student0415@college.com,password123,student,EEE,true,true
Sara Khanna,student0416@college.com,password123,student,ECE,true,true
Kiran Bansal,student0417@college.com,password123,student,IT,true,true
Neha Ali,student0418@college.com,password123,student,MATH,true,true
Sneha Ahmed,student0419@college.com,password123,student,MECH,true,true
Ayesha Fernandes,student0420@college.com,password123,student,PHY,true,true
Vikram Khan,student0421@college.com,password123,student,MBA,true,true
Michael Verma,student0422@college.com,password123,student,CHEM,true,true
Kavya Bansal,student0423@college.com,password123,student,CIVIL,true,true
Sameer Nair,student0424@college.com,password123,student,CSE,true,true
Riya Pinto,student0425@college.com,password123,student,EEE,true,true
Vikram Tiwari,student0426@college.com,password123,student,ECE,true,true
Emily Varghese,student0427@college.com,password123,student,IT,true,true
Mohammed Verma,student0428@college.com,password123,student,MATH,true,true
Lakshmi Khan,student0429@college.com,password123,student,MECH,true,true
Rahul George,student0430@college.com,password123,student,PHY,true,true
David Yadav,student0431@college.com,password123,student,MBA,true,true
Kiran Fernandes,student0432@college.com,password123,student,CHEM,true,true
Karan Tiwari,student0433@college.com,password123,student,CIVIL,true,true
Vihaan Pinto,student0434@college.com,password123,student,CSE,true,true
Anjali Rao,student0435@college.com,password123,student,EEE,true,true
Pooja Thomas,student0436@college.com,password123,student,ECE,true,true
Fatima Costa,student0437@college.com,password123,student,IT,true,true
Yusuf Joshi,student0438@college.com,password123,student,MATH,true,true
Ishaan Jacob,student0439@college.com,password123,student,MECH,true,true
Nikhil Gupta,student0440@college.com,password123,student,PHY,true,true
Anita Varghese,student0441@college.com,password123,student,MBA,true,true
Ayaan Banerjee,student0442@college.com,password123,student,CHEM,true,true
Vivaan Rathore,student0443@college.com,password123,student,CIVIL,true,true
Ananya Pillai,student0444@college.com,password123,student,CSE,true,true
Ishaan Pillai,student0445@college.com,password123,student,EEE,true,true
Zoya Mukherjee,student0446@college.com,password123,student,ECE,true,true
Riya Ali,student0447@college.com,password123,student,IT,true,true
Yusuf Costa,student0448@college.com,password123,student,MATH,true,true
Olivia Khan,student0449@college.com,password123,student,MECH,true,true
Emily Mishra,student0450@college.com,password123,student,PHY,true,true
Fatima Singh,student0451@college.com,password123,student,MBA,true,true
Ayesha Iyer,student0452@college.com,password123,student,CHEM,true,true
Pooja Mukherjee,student0453@college.com,password123,student,CIVIL,true,true
Swati Agarwal,student0454@college.com,password123,student,CSE,true,true
Imran Khan,student0455@college.com,password123,student,EEE,true,true
Pooja Joshi,student0456@college.com,password123,student,ECE,true,true
Ananya Chatterjee,student0457@college.com,password123,student,IT,true,true
Zara Sheikh,student0458@college.com,password123,student,MATH,true,true
Diya Sheikh,student0459@college.com,password123,student,MECH,true,true
Isha Jacob,student0460@college.com,password123,student,PHY,true,true
Yusuf Tiwari,student0461@college.com,password123,student,MBA,true,true
Sameer George,student0462@college.com,password123,student,CHEM,true,true
John Varghese,student0463@college.com,password123,student,CIVIL,true,true
Rahul Costa,student0464@college.com,password123,student,CSE,true,true
Anjali Banerjee,student0465@college.com,password123,student,EEE,true,true
Nikhil Malhotra,student0466@college.com,password123,student,ECE,true,true
Swati Khanna,student0467@college.com,password123,student,IT,true,true
Karan Khanna,student0468@college.com,password123,student,MATH,true,true
Yusuf Chopra,student0469@college.com,password123,student,MECH,true,true
Ayesha Mukherjee,student0470@college.com,password123,student,PHY,true,true
Zoya Pandey,student0471@college.com,password123,student,MBA,true,true
Divya Agarwal,student0472@college.com,password123,student,CHEM,true,true
Anjali Mehta,student0473@college.com,password123,student,CIVIL,true,true
Swati Tiwari,student0474@college.com,password123,student,CSE,true,true
Amit Chopra,student0475@college.com,password123,student,EEE,true,true
Ayaan Fernandes,student0476@college.com,password123,student,ECE,true,true
Sameer Sheikh,student0477@college.com,password123,student,IT,true,true
Meera Desai,student0478@college.com,password123,student,MATH,true,true
Michael Mehta,student0479@college.com,password123,student,MECH,true,true
Yusuf Menon,student0480@college.com,password123,student,PHY,true,true
Suresh Gupta,student0481@college.com,password123,student,MBA,true,true
Suresh Pandey,student0482@college.com,password123,student,CHEM,true,true
Sai Mehta,student0483@college.com,password123,student,CIVIL,true,true
Grace Rathore,student0484@college.com,password123,student,CSE,true,true
Farhan Kapoor,student0485@college.com,password123,student,EEE,true,true
Sara Khan,student0486@college.com,password123,student,ECE,true,true
Dhruv Banerjee,student0487@college.com,password123,student,IT,true,true
Michael Sheikh,student0488@college.com,password123,student,MATH,true,true
Amit D'Souza,student0489@college.com,password123,student,MECH,true,true
Zoya Malhotra,student0490@college.com,password123,student,PHY,true,true
Krishna Reddy,student0491@college.com,password123,student,MBA,true,true
Radha Mishra,student0492@college.com,password123,student,CHEM,true,true
Kiran Bose,student0493@college.com,password123,student,CIVIL,true,true
Nikhil Singh,student0494@college.com,password123,student,CSE,true,true
Imran Hussain,student0495@college.com,password123,student,EEE,true,true
Karan Thomas,student0496@college.com,password123,student,ECE,true,true
Karan Singh,student0497@college.com,password123,student,IT,true,true
Reyansh Pillai,student0498@college.com,password123,student,MATH,true,true
Diya Pandey,student0499@college.com,password123,student,MECH,true,true
Anjali Reddy,student0500@college.com,password123,student,PHY,true,true
Sameer Yadav,student0501@college.com,password123,student,MBA,true,true
Krishna Sharma,student0502@college.com,password123,student,CHEM,true,true
Swati Rao,student0503@college.com,password123,student,CIVIL,true,true
Riya George,student0504@college.com,password123,student,CSE,true,true
Grace Khan,student0505@college.com,password123,student,EEE,true,true
Anjali George,student0506@college.com,password123,student,ECE,true,true
Aryan Dubey,student0507@college.com,password123,student,IT,true,true
Suresh Agarwal,student0508@college.com,password123,student,MATH,true,true
Suresh George,student0509@college.com,password123,student,MECH,true,true
Vihaan Yadav,student0510@college.com,password123,student,PHY,true,true
Sai George,student0511@college.com,password123,student,MBA,true,true
Anita Das,student0512@college.com,password123,student,CHEM,true,true
Sneha Mishra,student0513@college.com,password123,student,CIVIL,true,true
Fatima Gupta,student0514@college.com,password123,student,CSE,true,true
Olivia Chatterjee,student0515@college.com,password123,student,EEE,true,true
Riya Chatterjee,student0516@college.com,password123,student,ECE,true,true
Grace Gupta,student0517@college.com,password123,student,IT,true,true
James Desai,student0518@college.com,password123,student,MATH,true,true
David Ahmed,student0519@college.com,password123,student,MECH,true,true
Kabir Mishra,student0520@college.com,password123,student,PHY,true,true
Emily Chopra,student0521@college.com,password123,student,MBA,true,true
Sarah Gupta,student0522@college.com,password123,student,CHEM,true,true
Aarav Khanna,student0523@college.com,password123,student,CIVIL,true,true
Anita Rodrigues,student0524@college.com,password123,student,CSE,true,true
Reyansh Bansal,student0525@college.com,password123,student,EEE,true,true
Suresh Chauhan,student0526@college.com,password123,student,ECE,true,true
Farhan Sheikh,student0527@college.com,password123,student,IT,true,true
Pooja Ahmed,student0528@college.com,password123,student,MATH,true,true
Sarah Iyer,student0529@college.com,password123,student,MECH,true,true
Robert Ali,student0530@college.com,password123,student,PHY,true,true
Zara Malhotra,student0531@college.com,password123,student,MBA,true,true
Aryan Nair,student0532@college.com,password123,student,CHEM,true,true
Diya Rao,student0533@college.com,password123,student,CIVIL,true,true
Fatima Chauhan,student0534@college.com,password123,student,CSE,true,true
Farhan Kapoor,student0535@college.com,password123,student,EEE,true,true
Ayesha Chatterjee,student0536@college.com,password123,student,ECE,true,true
Aarav Mishra,student0537@college.com,password123,student,IT,true,true
Diya Chopra,student0538@college.com,password123,student,MATH,true,true
Anita Jacob,student0539@college.com,password123,student,MECH,true,true
Aliya Banerjee,student0540@college.com,password123,student,PHY,true,true
Kabir Costa,student0541@college.com,password123,student,MBA,true,true
Robert Thomas,student0542@college.com,password123,student,CHEM,true,true
Emma Desai,student0543@college.com,password123,student,CIVIL,true,true
Michael Naidu,student0544@college.com,password123,student,CSE,true,true
Neha Agarwal,student0545@college.com,password123,student,EEE,true,true
Sai Desai,student0546@college.com,password123,student,ECE,true,true
Imran Reddy,student0547@college.com,password123,student,IT,true,true
Kabir Iyer,student0548@college.com,password123,student,MATH,true,true
Anjali Agarwal,student0549@college.com,password123,student,MECH,true,true
Grace Bose,student0550@college.com,password123,student,PHY,true,true
Aarav Kapoor,student0551@college.com,password123,student,MBA,true,true
Meera Bose,student0552@college.com,password123,student,CHEM,true,true
Tara Dubey,student0553@college.com,password123,student,CIVIL,true,true
Amit Bansal,student0554@college.com,password123,student,CSE,true,true
Vikram Pinto,student0555@college.com,password123,student,EEE,true,true
Fatima Fernandes,student0556@college.com,password123,student,ECE,true,true
Aarav Kapoor,student0557@college.com,password123,student,IT,true,true
Farhan Shah,student0558@college.com,password123,student,MATH,true,true
Zoya Bose,student0559@college.com,password123,student,MECH,true,true
Vihaan Mathew,student0560@college.com,password123,student,PHY,true,true
Ayaan Chauhan,student0561@college.com,password123,student,MBA,true,true
Vikram Rao,student0562@college.com,password123,student,CHEM,true,true
Priya Jacob,student0563@college.com,password123,student,CIVIL,true,true
Neha Pandey,student0564@college.com,password123,student,CSE,true,true
Yusuf Khanna,student0565@college.com,password123,student,EEE,true,true
Zoya Nair,student0566@college.com,password123,student,ECE,true,true
Mohammed Chopra,student0567@college.com,password123,student,IT,true,true
Kavya Costa,student0568@college.com,password123,student,MATH,true,true
Karan Das,student0569@college.com,password123,student,MECH,true,true
Krishna Khan,student0570@college.com,password123,student,PHY,true,true
Ishaan Chauhan,student0571@college.com,password123,student,MBA,true,true
Sara Rodrigues,student0572@college.com,password123,student,CHEM,true,true
Kavya Pillai,student0573@college.com,password123,student,CIVIL,true,true
Zoya D'Souza,student0574@college.com,password123,student,CSE,true,true
Olivia Khan,student0575@college.com,password123,student,EEE,true,true
Aliya Sheikh,student0576@college.com,password123,student,ECE,true,true
John Mathew,student0577@college.com,password123,student,IT,true,true
Michael Mukherjee,student0578@college.com,password123,student,MATH,true,true
Aliya Bose,student0579@college.com,password123,student,MECH,true,true
Sameer Dubey,student0580@college.com,password123,student,PHY,true,true
Lakshmi Patel,student0581@college.com,password123,student,MBA,true,true
Pooja Rathore,student0582@college.com,password123,student,CHEM,true,true
Pooja Pandey,student0583@college.com,password123,student,CIVIL,true,true
Kavya Kumar,student0584@college.com,password123,student,CSE,true,true
Olivia Fernandes,student0585@college.com,password123,student,EEE,true,true
Ayaan Singh,student0586@college.com,password123,student,ECE,true,true
James D'Souza,student0587@college.com,password123,student,IT,true,true
Emma Ali,student0588@college.com,password123,student,MATH,true,true
Aryan Fernandes,student0589@college.com,password123,student,MECH,true,true
Sneha Menon,student0590@college.com,password123,student,PHY,true,true
Rohan Agarwal,student0591@college.com,password123,student,MBA,true,true
Robert Hussain,student0592@college.com,password123,student,CHEM,true,true
Tara Nair,student0593@college.com,password123,student,CIVIL,true,true
Sameer Mukherjee,student0594@college.com,password123,student,CSE,true,true
Ayesha Pinto,student0595@college.com,password123,student,EEE,true,true
Divya Patel,student0596@college.com,password123,student,ECE,true,true
Emma Ali,student0597@college.com,password123,student,IT,true,true
Tara Singh,student0598@college.com,password123,student,MATH,true,true
Zara Iyer,student0599@college.com,password123,student,MECH,true,true
Neha Pillai,student0600@college.com,password123,student,PHY,true,true
Zara Fernandes,student0601@college.com,password123,student,MBA,true,true
Vihaan D'Souza,student0602@college.com,password123,student,CHEM,true,true
Zara Jacob,student0603@college.com,password123,student,CIVIL,true,true
John Khanna,student0604@college.com,password123,student,CSE,true,true
Fatima Verma,student0605@college.com,password123,student,EEE,true,true
Priya Kapoor,student0606@college.com,password123,student,ECE,true,true
Michael Sharma,student0607@college.com,password123,student,IT,true,true
Sara Mukherjee,student0608@college.com,password123,student,MATH,true,true
Kiran Kumar,student0609@college.com,password123,student,MECH,true,true
Aditya Naidu,student0610@college.com,password123,student,PHY,true,true
Isha Varghese,student0611@college.com,password123,student,MBA,true,true
Arjun Sheikh,student0612@college.com,password123,student,CHEM,true,true
Vihaan Kumar,student0613@college.com,password123,student,CIVIL,true,true
Grace Khan,student0614@college.com,password123,student,CSE,true,true
Aditya Chopra,student0615@college.com,password123,student,EEE,true,true
Riya Chatterjee,student0616@college.com,password123,student,ECE,true,true
Yusuf Iyer,student0617@college.com,password123,student,IT,true,true
Yusuf George,student0618@college.com,password123,student,MATH,true,true
Fatima George,student0619@college.com,password123,student,MECH,true,true
Riya Shah,student0620@college.com,password123,student,PHY,true,true
Emma Joshi,student0621@college.com,password123,student,MBA,true,true
Tara Joshi,student0622@college.com,password123,student,CHEM,true,true
Meera Patel,student0623@college.com,password123,student,CIVIL,true,true
Sameer Mathew,student0624@college.com,password123,student,CSE,true,true
Emily Sheikh,student0625@college.com,password123,student,EEE,true,true
Krishna George,student0626@college.com,password123,student,ECE,true,true
Emily Mehta,student0627@college.com,password123,student,IT,true,true
Ayaan Chatterjee,student0628@college.com,password123,student,MATH,true,true
Sneha Desai,student0629@college.com,password123,student,MECH,true,true
Pooja Iyer,student0630@college.com,password123,student,PHY,true,true
Fatima Das,student0631@college.com,password123,student,MBA,true,true
James Sharma,student0632@college.com,password123,student,CHEM,true,true
Aliya Verma,student0633@college.com,password123,student,CIVIL,true,true
Vikram Chauhan,student0634@college.com,password123,student,CSE,true,true
Sameer Tiwari,student0635@college.com,password123,student,EEE,true,true
Sneha Naidu,student0636@college.com,password123,student,ECE,true,true
Sneha Joshi,student0637@college.com,password123,student,IT,true,true
Michael Das,student0638@college.com,password123,student,MATH,true,true
Nikhil Chauhan,student0639@college.com,password123,student,MECH,true,true
Isha Menon,student0640@college.com,password123,student,PHY,true,true
Amit Banerjee,student0641@college.com,password123,student,MBA,true,true
Grace Tiwari,student0642@college.com,password123,student,CHEM,true,true
Aliya Nair,student0643@college.com,password123,student,CIVIL,true,true
Aditya Mathew,student0644@college.com,password123,student,CSE,true,true
Riya Costa,student0645@college.com,password123,student,EEE,true,true
Yusuf Verma,student0646@college.com,password123,student,ECE,true,true
Nikhil Mukherjee,student0647@college.com,password123,student,IT,true,true
Arjun Reddy,student0648@college.com,password123,student,MATH,true,true
Lakshmi Gupta,student0649@college.com,password123,student,MECH,true,true
Tara Rodrigues,student0650@college.com,password123,student,PHY,true,true
Sameer Pandey,student0651@college.com,password123,student,MBA,true,true
Emily Singh,student0652@college.com,password123,student,CHEM,true,true
Nikhil Mishra,student0653@college.com,password123,student,CIVIL,true,true
Aditya Desai,student0654@college.com,password123,student,CSE,true,true
Tara Das,student0655@college.com,password123,student,EEE,true,true
Sneha Mukherjee,student0656@college.com,password123,student,ECE,true,true
Aliya Yadav,student0657@college.com,password123,student,IT,true,true
Vihaan Iyer,student0658@college.com,password123,student,MATH,true,true
Neha Chopra,student0659@college.com,password123,student,MECH,true,true
Karan Tiwari,student0660@college.com,password123,student,PHY,true,true
Anita Agarwal,student0661@college.com,password123,student,MBA,true,true
Anita Rodrigues,student0662@college.com,password123,student,CHEM,true,true
Yusuf Jacob,student0663@college.com,password123,student,CIVIL,true,true
Michael Agarwal,student0664@college.com,password123,student,CSE,true,true
Nikhil Khanna,student0665@college.com,password123,student,EEE,true,true
Sarah Menon,student0666@college.com,password123,student,ECE,true,true
Imran Hussain,student0667@college.com,password123,student,IT,true,true
Karan Pillai,student0668@college.com,password123,student,MATH,true,true
Vikram Malhotra,student0669@college.com,password123,student,MECH,true,true
Vihaan D'Souza,student0670@college.com,password123,student,PHY,true,true
Kiran Mishra,student0671@college.com,password123,student,MBA,true,true
Olivia Chatterjee,student0672@college.com,password123,student,CHEM,true,true
Mohammed Jacob,student0673@college.com,password123,student,CIVIL,true,true
Saanvi D'Souza,student0674@college.com,password123,student,CSE,true,true
Divya Singh,student0675@college.com,password123,student,EEE,true,true
Isha George,student0676@college.com,password123,student,ECE,true,true
Imran Joshi,student0677@college.com,password123,student,IT,true,true
David Hussain,student0678@college.com,password123,student,MATH,true,true
Ananya Varghese,student0679@college.com,password123,student,MECH,true,true
Riya Pillai,student0680@college.com,password123,student,PHY,true,true
Ishaan Khanna,student0681@college.com,password123,student,MBA,true,true
Meera Chatterjee,student0682@college.com,password123,student,CHEM,true,true
Aliya Sheikh,student0683@college.com,password123,student,CIVIL,true,true
Anjali Bose,student0684@college.com,password123,student,CSE,true,true
Robert Das,student0685@college.com,password123,student,EEE,true,true
Vikram Pandey,student0686@college.com,password123,student,ECE,true,true
Ishaan Chauhan,student0687@college.com,password123,student,IT,true,true
Olivia Singh,student0688@college.com,password123,student,MATH,true,true
Swati Pillai,student0689@college.com,password123,student,MECH,true,true
Riya D'Souza,student0690@college.com,password123,student,PHY,true,true
Pooja Iyer,student0691@college.com,password123,student,MBA,true,true
Meera Bose,student0692@college.com,password123,student,CHEM,true,true
Rahul Mukherjee,student0693@college.com,password123,student,CIVIL,true,true
Diya George,student0694@college.com,password123,student,CSE,true,true
Sai Rathore,student0695@college.com,password123,student,EEE,true,true
Robert Shah,student0696@college.com,password123,student,ECE,true,true
Sai Sheikh,student0697@college.com,password123,student,IT,true,true
Fatima Banerjee,student0698@college.com,password123,student,MATH,true,true
Vihaan Malhotra,student0699@college.com,password123,student,MECH,true,true
Meera Jacob,student0700@college.com,password123,student,PHY,true,true
Lakshmi Rodrigues,student0701@college.com,password123,student,MBA,true,true
Aditya Kumar,student0702@college.com,password123,student,CHEM,true,true
Aryan Dubey,student0703@college.com,password123,student,CIVIL,true,true
Kiran Tiwari,student0704@college.com,password123,student,CSE,true,true
Imran D'Souza,student0705@college.com,password123,student,EEE,true,true
Dhruv Khan,student0706@college.com,password123,student,ECE,true,true
Dhruv Bansal,student0707@college.com,password123,student,IT,true,true
Vikram Sharma,student0708@college.com,password123,student,MATH,true,true
Dhruv Banerjee,student0709@college.com,password123,student,MECH,true,true
Sara Nair,student0710@college.com,password123,student,PHY,true,true
Sara Dubey,student0711@college.com,password123,student,MBA,true,true
Anjali Bose,student0712@college.com,password123,student,CHEM,true,true
Zoya Rodrigues,student0713@college.com,password123,student,CIVIL,true,true
Ayesha Mukherjee,student0714@college.com,password123,student,CSE,true,true
Priya Bose,student0715@college.com,password123,student,EEE,true,true
Swati Agarwal,student0716@college.com,password123,student,ECE,true,true
Yusuf Chopra,student0717@college.com,password123,student,IT,true,true
Meera Chauhan,student0718@college.com,password123,student,MATH,true,true
Sneha George,student0719@college.com,password123,student,MECH,true,true
Isha Khanna,student0720@college.com,password123,student,PHY,true,true
Rahul Shah,student0721@college.com,password123,student,MBA,true,true
Neha Ahmed,student0722@college.com,password123,student,CHEM,true,true
Zara Reddy,student0723@college.com,password123,student,CIVIL,true,true
John Tiwari,student0724@college.com,password123,student,CSE,true,true
Anjali Dubey,student0725@college.com,password123,student,EEE,true,true
James Agarwal,student0726@college.com,password123,student,ECE,true,true
Olivia Mukherjee,student0727@college.com,password123,student,IT,true,true
Kavya Agarwal,student0728@college.com,password123,student,MATH,true,true
Riya Gupta,student0729@college.com,password123,student,MECH,true,true
Anita Das,student0730@college.com,password123,student,PHY,true,true
Sara Menon,student0731@college.com,password123,student,MBA,true,true
Vivaan Kapoor,student0732@college.com,password123,student,CHEM,true,true
Swati Pinto,student0733@college.com,password123,student,CIVIL,true,true
Kiran Tiwari,student0734@college.com,password123,student,CSE,true,true
Riya Chopra,student0735@college.com,password123,student,EEE,true,true
Ishaan Banerjee,student0736@college.com,password123,student,ECE,true,true
Diya Das,student0737@college.com,password123,student,IT,true,true
Meera Fernandes,student0738@college.com,password123,student,MATH,true,true
James Bose,student0739@college.com,password123,student,MECH,true,true
Divya D'Souza,student0740@college.com,password123,student,PHY,true,true
Farhan Jacob,student0741@college.com,password123,student,MBA,true,true
Diya Kapoor,student0742@college.com,password123,student,CHEM,true,true
Aliya Ahmed,student0743@college.com,password123,student,CIVIL,true,true
Fatima George,student0744@college.com,password123,student,CSE,true,true
Sara Ahmed,student0745@college.com,password123,student,EEE,true,true
Zara Rao,student0746@college.com,password123,student,ECE,true,true
Fatima Mehta,student0747@college.com,password123,student,IT,true,true
Rohan Iyer,student0748@college.com,password123,student,MATH,true,true
Fatima Sheikh,student0749@college.com,password123,student,MECH,true,true
Divya Chatterjee,student0750@college.com,password123,student,PHY,true,true
Olivia Sheikh,student0751@college.com,password123,student,MBA,true,true
Farhan Singh,student0752@college.com,password123,student,CHEM,true,true
Pooja Gupta,student0753@college.com,password123,student,CIVIL,true,true
James Kumar,student0754@college.com,password123,student,CSE,true,true
Michael Mathew,student0755@college.com,password123,student,EEE,true,true
Vihaan Dubey,student0756@college.com,password123,student,ECE,true,true
Aarav Pillai,student0757@college.com,password123,student,IT,true,true
Krishna Thomas,student0758@college.com,password123,student,MATH,true,true
Karan Kumar,student0759@college.com,password123,student,MECH,true,true
Ayesha Menon,student0760@college.com,password123,student,PHY,true,true
Aarav Mukherjee,student0761@college.com,password123,student,MBA,true,true
Neha Chauhan,student0762@college.com,password123,student,CHEM,true,true
Kavya Singh,student0763@college.com,password123,student,CIVIL,true,true
Radha Thomas,student0764@college.com,password123,student,CSE,true,true
Imran Costa,student0765@college.com,password123,student,EEE,true,true
Olivia Khan,student0766@college.com,password123,student,ECE,true,true
Imran Ahmed,student0767@college.com,password123,student,IT,true,true
Vivaan Sharma,student0768@college.com,password123,student,MATH,true,true
Sneha D'Souza,student0769@college.com,password123,student,MECH,true,true
Riya Sharma,student0770@college.com,password123,student,PHY,true,true
Vivaan Hussain,student0771@college.com,password123,student,MBA,true,true
Fatima Malhotra,student0772@college.com,password123,student,CHEM,true,true
Sneha Chopra,student0773@college.com,password123,student,CIVIL,true,true
Vivaan Ali,student0774@college.com,password123,student,CSE,true,true
Michael Varghese,student0775@college.com,password123,student,EEE,true,true
Sameer Naidu,student0776@college.com,password123,student,ECE,true,true
John Chatterjee,student0777@college.com,password123,student,IT,true,true
Reyansh Reddy,student0778@college.com,password123,student,MATH,true,true
Pooja Menon,student0779@college.com,password123,student,MECH,true,true
Nikhil Banerjee,student0780@college.com,password123,student,PHY,true,true
Radha Hussain,student0781@college.com,password123,student,MBA,true,true
Rahul Mehta,student0782@college.com,password123,student,CHEM,true,true
Amit Desai,student0783@college.com,password123,student,CIVIL,true,true
Sai Shah,student0784@college.com,password123,student,CSE,true,true
Priya Chauhan,student0785@college.com,password123,student,EEE,true,true
Anita Bose,student0786@college.com,password123,student,ECE,true,true
Zoya Das,student0787@college.com,password123,student,IT,true,true
Vikram Jacob,student0788@college.com,password123,student,MATH,true,true
Michael Patel,student0789@college.com,password123,student,MECH,true,true
Farhan George,student0790@college.com,password123,student,PHY,true,true
Aliya Gupta,student0791@college.com,password123,student,MBA,true,true
Sai Desai,student0792@college.com,password123,student,CHEM,true,true
Meera Joshi,student0793@college.com,password123,student,CIVIL,true,true
Swati Khan,student0794@college.com,password123,student,CSE,true,true
Vihaan Thomas,student0795@college.com,password123,student,EEE,true,true
Aarav Varghese,student0796@college.com,password123,student,ECE,true,true
Rohan Patel,student0797@college.com,password123,student,IT,true,true
Divya Naidu,student0798@college.com,password123,student,MATH,true,true
Farhan Bansal,student0799@college.com,password123,student,MECH,true,true
Anita Reddy,student0800@college.com,password123,student,PHY,true,true
Emma Hussain,student0801@college.com,password123,student,MBA,true,true
Olivia Gupta,student0802@college.com,password123,student,CHEM,true,true
Karan Mukherjee,student0803@college.com,password123,student,CIVIL,true,true
Emma Varghese,student0804@college.com,password123,student,CSE,true,true
Sarah Fernandes,student0805@college.com,password123,student,EEE,true,true
Anjali Malhotra,student0806@college.com,password123,student,ECE,true,true
Aditya Kumar,student0807@college.com,password123,student,IT,true,true
Sameer Malhotra,student0808@college.com,password123,student,MATH,true,true
Emma Sheikh,student0809@college.com,password123,student,MECH,true,true
Anita Mathew,student0810@college.com,password123,student,PHY,true,true
Aditya Chatterjee,student0811@college.com,password123,student,MBA,true,true
Grace Agarwal,student0812@college.com,password123,student,CHEM,true,true
Vivaan Mukherjee,student0813@college.com,password123,student,CIVIL,true,true
Kiran Menon,student0814@college.com,password123,student,CSE,true,true
Aliya Pandey,student0815@college.com,password123,student,EEE,true,true
Michael Desai,student0816@college.com,password123,student,ECE,true,true
Grace Kumar,student0817@college.com,password123,student,IT,true,true
Vikram Rao,student0818@college.com,password123,student,MATH,true,true
Anita Bose,student0819@college.com,password123,student,MECH,true,true
Anita Joshi,student0820@college.com,password123,student,PHY,true,true
Sameer Sheikh,student0821@college.com,password123,student,MBA,true,true
Diya Joshi,student0822@college.com,password123,student,CHEM,true,true
Aliya Mishra,student0823@college.com,password123,student,CIVIL,true,true
Krishna Varghese,student0824@college.com,password123,student,CSE,true,true
Fatima Patel,student0825@college.com,password123,student,EEE,true,true
Neha Mishra,student0826@college.com,password123,student,ECE,true,true
Isha Singh,student0827@college.com,password123,student,IT,true,true
Reyansh Naidu,student0828@college.com,password123,student,MATH,true,true
Karan Kumar,student0829@college.com,password123,student,MECH,true,true
Diya Rodrigues,student0830@college.com,password123,student,PHY,true,true
Yusuf Costa,student0831@college.com,password123,student,MBA,true,true
Lakshmi Desai,student0832@college.com,password123,student,CHEM,true,true
Yusuf Agarwal,student0833@college.com,password123,student,CIVIL,true,true
Vivaan Thomas,student0834@college.com,password123,student,CSE,true,true
Amit Rathore,student0835@college.com,password123,student,EEE,true,true
Divya Das,student0836@college.com,password123,student,ECE,true,true
Isha D'Souza,student0837@college.com,password123,student,IT,true,true
Meera Naidu,student0838@college.com,password123,student,MATH,true,true
Kabir Jacob,student0839@college.com,password123,student,MECH,true,true
Kiran Mathew,student0840@college.com,password123,student,PHY,true,true
Meera Patel,student0841@college.com,password123,student,MBA,true,true
Yusuf Costa,student0842@college.com,password123,student,CHEM,true,true
Suresh Bose,student0843@college.com,password123,student,CIVIL,true,true
Ayesha Kumar,student0844@college.com,password123,student,CSE,true,true
Sai Malhotra,student0845@college.com,password123,student,EEE,true,true
Ishaan Joshi,student0846@college.com,password123,student,ECE,true,true
Ayesha Thomas,student0847@college.com,password123,student,IT,true,true
Ishaan Mishra,student0848@college.com,password123,student,MATH,true,true
Meera Agarwal,student0849@college.com,password123,student,MECH,true,true
Kavya Reddy,student0850@college.com,password123,student,PHY,true,true
Sai Sharma,student0851@college.com,password123,student,MBA,true,true
Vikram Rathore,student0852@college.com,password123,student,CHEM,true,true
Kavya Dubey,student0853@college.com,password123,student,CIVIL,true,true
Amit Reddy,student0854@college.com,password123,student,CSE,true,true
Krishna Patel,student0855@college.com,password123,student,EEE,true,true
Kabir Naidu,student0856@college.com,password123,student,ECE,true,true
Tara D'Souza,student0857@college.com,password123,student,IT,true,true
Swati Ali,student0858@college.com,password123,student,MATH,true,true
Riya Reddy,student0859@college.com,password123,student,MECH,true,true
Vivaan Patel,student0860@college.com,password123,student,PHY,true,true
Isha D'Souza,student0861@college.com,password123,student,MBA,true,true
Sai Rodrigues,student0862@college.com,password123,student,CHEM,true,true
Lakshmi Agarwal,student0863@college.com,password123,student,CIVIL,true,true
Emily Joshi,student0864@college.com,password123,student,CSE,true,true
Aarav Chopra,student0865@college.com,password123,student,EEE,true,true
Riya Joshi,student0866@college.com,password123,student,ECE,true,true
Yusuf Patel,student0867@college.com,password123,student,IT,true,true
Fatima D'Souza,student0868@college.com,password123,student,MATH,true,true
Emma Bose,student0869@college.com,password123,student,MECH,true,true
Anita Hussain,student0870@college.com,password123,student,PHY,true,true
Rohan Jacob,student0871@college.com,password123,student,MBA,true,true
Meera Rao,student0872@college.com,password123,student,CHEM,true,true
Krishna Malhotra,student0873@college.com,password123,student,CIVIL,true,true
Vikram Malhotra,student0874@college.com,password123,student,CSE,true,true
Divya Menon,student0875@college.com,password123,student,EEE,true,true
Arjun Rao,student0876@college.com,password123,student,ECE,true,true
Saanvi Malhotra,student0877@college.com,password123,student,IT,true,true
Riya Khanna,student0878@college.com,password123,student,MATH,true,true
Anjali Kumar,student0879@college.com,password123,student,MECH,true,true
Kavya Kapoor,student0880@college.com,password123,student,PHY,true,true
Nikhil Tiwari,student0881@college.com,password123,student,MBA,true,true
Mohammed Ahmed,student0882@college.com,password123,student,CHEM,true,true
Lakshmi Costa,student0883@college.com,password123,student,CIVIL,true,true
Aryan Chauhan,student0884@college.com,password123,student,CSE,true,true
Reyansh Iyer,student0885@college.com,password123,student,EEE,true,true
Vikram Sharma,student0886@college.com,password123,student,ECE,true,true
Priya Bansal,student0887@college.com,password123,student,IT,true,true
James Costa,student0888@college.com,password123,student,MATH,true,true
Meera Bansal,student0889@college.com,password123,student,MECH,true,true
Tara Bansal,student0890@college.com,password123,student,PHY,true,true
Saanvi George,student0891@college.com,password123,student,MBA,true,true
Lakshmi Iyer,student0892@college.com,password123,student,CHEM,true,true
Vikram Agarwal,student0893@college.com,password123,student,CIVIL,true,true
Lakshmi Varghese,student0894@college.com,password123,student,CSE,true,true
Aryan Khan,student0895@college.com,password123,student,EEE,true,true
Ananya Chatterjee,student0896@college.com,password123,student,ECE,true,true
Priya Agarwal,student0897@college.com,password123,student,IT,true,true
Suresh Mishra,student0898@college.com,password123,student,MATH,true,true
Zoya Thomas,student0899@college.com,password123,student,MECH,true,true
Divya Fernandes,student0900@college.com,password123,student,PHY,true,true
David Bose,student0901@college.com,password123,student,MBA,true,true
Ananya Joshi,student0902@college.com,password123,student,CHEM,true,true
Amit Desai,student0903@college.com,password123,student,CIVIL,true,true
Kavya Nair,student0904@college.com,password123,student,CSE,true,true
Grace Fernandes,student0905@college.com,password123,student,EEE,true,true
Aryan Pinto,student0906@college.com,password123,student,ECE,true,true
Sneha Chatterjee,student0907@college.com,password123,student,IT,true,true
Sameer Yadav,student0908@college.com,password123,student,MATH,true,true
Swati Verma,student0909@college.com,password123,student,MECH,true,true
Fatima Chauhan,student0910@college.com,password123,student,PHY,true,true
Ayesha Mukherjee,student0911@college.com,password123,student,MBA,true,true
Tara Chopra,student0912@college.com,password123,student,CHEM,true,true
James Varghese,student0913@college.com,password123,student,CIVIL,true,true
Arjun Pillai,student0914@college.com,password123,student,CSE,true,true
Sameer Ahmed,student0915@college.com,password123,student,EEE,true,true
Krishna Thomas,student0916@college.com,password123,student,ECE,true,true
Vikram Bose,student0917@college.com,password123,student,IT,true,true
Rahul Mathew,student0918@college.com,password123,student,MATH,true,true
Ishaan Pandey,student0919@college.com,password123,student,MECH,true,true
Saanvi Joshi,student0920@college.com,password123,student,PHY,true,true
Arjun Rathore,student0921@college.com,password123,student,MBA,true,true
Lakshmi Khan,student0922@college.com,password123,student,CHEM,true,true
Kiran Desai,student0923@college.com,password123,student,CIVIL,true,true
Sneha Ali,student0924@college.com,password123,student,CSE,true,true
Grace Varghese,student0925@college.com,password123,student,EEE,true,true
Riya Sheikh,student0926@college.com,password123,student,ECE,true,true
Aditya Shah,student0927@college.com,password123,student,IT,true,true
Zoya Sheikh,student0928@college.com,password123,student,MATH,true,true
Lakshmi Thomas,student0929@college.com,password123,student,MECH,true,true
Olivia Patel,student0930@college.com,password123,student,PHY,true,true
Reyansh Yadav,student0931@college.com,password123,student,MBA,true,true
Nikhil Mathew,student0932@college.com,password123,student,CHEM,true,true
Imran Mehta,student0933@college.com,password123,student,CIVIL,true,true
Rohan George,student0934@college.com,password123,student,CSE,true,true
Radha Gupta,student0935@college.com,password123,student,EEE,true,true
Anita George,student0936@college.com,password123,student,ECE,true,true
Sameer George,student0937@college.com,password123,student,IT,true,true
Priya Dubey,student0938@college.com,password123,student,MATH,true,true
Diya Naidu,student0939@college.com,password123,student,MECH,true,true
Reyansh Sharma,student0940@college.com,password123,student,PHY,true,true
Reyansh Kapoor,student0941@college.com,password123,student,MBA,true,true
Karan Ali,student0942@college.com,password123,student,CHEM,true,true
Sara Hussain,student0943@college.com,password123,student,CIVIL,true,true
Swati Pinto,student0944@college.com,password123,student,CSE,true,true
Zoya Fernandes,student0945@college.com,password123,student,EEE,true,true
Karan Rathore,student0946@college.com,password123,student,ECE,true,true
Kavya Desai,student0947@college.com,password123,student,IT,true,true
Zara Yadav,student0948@college.com,password123,student,MATH,true,true
Sameer Pinto,student0949@college.com,password123,student,MECH,true,true
Zoya Ali,student0950@college.com,password123,student,PHY,true,true
Ishaan Mehta,student0951@college.com,password123,student,MBA,true,true
Vivaan Khan,student0952@college.com,password123,student,CHEM,true,true
Reyansh Chopra,student0953@college.com,password123,student,CIVIL,true,true
Riya Patel,student0954@college.com,password123,student,CSE,true,true
Ayaan Tiwari,student0955@college.com,password123,student,EEE,true,true
Ishaan Mehta,student0956@college.com,password123,student,ECE,true,true
Vikram Bansal,student0957@college.com,password123,student,IT,true,true
Zara Mukherjee,student0958@college.com,password123,student,MATH,true,true
Pooja Khan,student0959@college.com,password123,student,MECH,true,true
Isha Khan,student0960@college.com,password123,student,PHY,true,true
Reyansh Rathore,student0961@college.com,password123,student,MBA,true,true
Fatima Varghese,student0962@college.com,password123,student,CHEM,true,true
Tara Agarwal,student0963@college.com,password123,student,CIVIL,true,true
Arjun Khanna,student0964@college.com,password123,student,CSE,true,true
Aditya Pandey,student0965@college.com,password123,student,EEE,true,true
Ayaan Verma,student0966@college.com,password123,student,ECE,true,true
Robert Bansal,student0967@college.com,password123,student,IT,true,true
Farhan Reddy,student0968@college.com,password123,student,MATH,true,true
Sameer Rao,student0969@college.com,password123,student,MECH,true,true
Grace Mishra,student0970@college.com,password123,student,PHY,true,true
Nikhil Hussain,student0971@college.com,password123,student,MBA,true,true
Kabir D'Souza,student0972@college.com,password123,student,CHEM,true,true
Rohan Bansal,student0973@college.com,password123,student,CIVIL,true,true
Swati Naidu,student0974@college.com,password123,student,CSE,true,true
Zara Das,student0975@college.com,password123,student,EEE,true,true
John Desai,student0976@college.com,password123,student,ECE,true,true
Mohammed Chatterjee,student0977@college.com,password123,student,IT,true,true
Kabir Thomas,student0978@college.com,password123,student,MATH,true,true
Imran Naidu,student0979@college.com,password123,student,MECH,true,true
Priya Verma,student0980@college.com,password123,student,PHY,true,true
Sara Costa,student0981@college.com,password123,student,MBA,true,true
Sarah Banerjee,student0982@college.com,password123,student,CHEM,true,true
Tara Pinto,student0983@college.com,password123,student,CIVIL,true,true
Saanvi Joshi,student0984@college.com,password123,student,CSE,true,true
Aarav Pandey,student0985@college.com,password123,student,EEE,true,true
Dhruv Mukherjee,student0986@college.com,password123,student,ECE,true,true
Amit Dubey,student0987@college.com,password123,student,IT,true,true
Ayesha Kumar,student0988@college.com,password123,student,MATH,true,true
Anita Reddy,student0989@college.com,password123,student,MECH,true,true
John Sheikh,student0990@college.com,password123,student,PHY,true,true
Kabir Shah,student0991@college.com,password123,student,MBA,true,true
Ananya Banerjee,student0992@college.com,password123,student,CHEM,true,true
Zara Nair,student0993@college.com,password123,student,CIVIL,true,true
Rahul Mathew,student0994@college.com,password123,student,CSE,true,true
Emily Ahmed,student0995@college.com,password123,student,EEE,true,true
Pooja Thomas,student0996@college.com,password123,student,ECE,true,true
Ananya Rodrigues,student0997@college.com,password123,student,IT,true,true
Meera Costa,student0998@college.com,password123,student,MATH,true,true
Priya Pinto,student0999@college.com,password123,student,MECH,true,true
Ayaan Mehta,student1000@college.com,password123,student,PHY,true,true
Isha Chauhan,student1001@college.com,password123,student,MBA,true,true
Radha Chatterjee,student1002@college.com,password123,student,CHEM,true,true
Michael Jacob,student1003@college.com,password123,student,CIVIL,true,true
Ayesha Khanna,student1004@college.com,password123,student,CSE,true,true
Olivia Costa,student1005@college.com,password123,student,EEE,true,true
Kiran Patel,student1006@college.com,password123,student,ECE,true,true
Sameer Iyer,student1007@college.com,password123,student,IT,true,true
Ananya Nair,student1008@college.com,password123,student,MATH,true,true
Nikhil Khanna,student1009@college.com,password123,student,MECH,true,true
Ayaan Chatterjee,student1010@college.com,password123,student,PHY,true,true
Kavya Varghese,student1011@college.com,password123,student,MBA,true,true
Ishaan Ali,student1012@college.com,password123,student,CHEM,true,true
Meera Pillai,student1013@college.com,password123,student,CIVIL,true,true
Lakshmi Iyer,student1014@college.com,password123,student,CSE,true,true
Anita Joshi,student1015@college.com,password123,student,EEE,true,true
Saanvi Chatterjee,student1016@college.com,password123,student,ECE,true,true
Divya Thomas,student1017@college.com,password123,student,IT,true,true
Sneha Varghese,student1018@college.com,password123,student,MATH,true,true
Olivia George,student1019@college.com,password123,student,MECH,true,true
Grace Chatterjee,student1020@college.com,password123,student,PHY,true,true
Swati Rao,student1021@college.com,password123,student,MBA,true,true
Divya Chopra,student1022@college.com,password123,student,CHEM,true,true
Krishna Chatterjee,student1023@college.com,password123,student,CIVIL,true,true
Ananya Rathore,student1024@college.com,password123,student,CSE,true,true
Radha Singh,student1025@college.com,password123,student,EEE,true,true
Emily Mehta,student1026@college.com,password123,student,ECE,true,true
Aarav Ahmed,student1027@college.com,password123,student,IT,true,true
Krishna Banerjee,student1028@college.com,password123,student,MATH,true,true
Michael Joshi,student1029@college.com,password123,student,MECH,true,true
Swati Ali,student1030@college.com,password123,student,PHY,true,true
Farhan Ahmed,student1031@college.com,password123,student,MBA,true,true
Riya Jacob,student1032@college.com,password123,student,CHEM,true,true
Divya Pillai,student1033@college.com,password123,student,CIVIL,true,true
Ayesha Rathore,student1034@college.com,password123,student,CSE,true,true
Divya Rao,student1035@college.com,password123,student,EEE,true,true
Sai Fernandes,student1036@college.com,password123,student,ECE,true,true
Vivaan Dubey,student1037@college.com,password123,student,IT,true,true
Karan Chopra,student1038@college.com,password123,student,MATH,true,true
Aditya Malhotra,student1039@college.com,password123,student,MECH,true,true
Karan Sheikh,student1040@college.com,password123,student,PHY,true,true
Suresh Rao,student1041@college.com,password123,student,MBA,true,true
Yusuf Chauhan,student1042@college.com,password123,student,CHEM,true,true
Anita Mishra,student1043@college.com,password123,student,CIVIL,true,true
Yusuf Yadav,student1044@college.com,password123,student,CSE,true,true
Divya D'Souza,student1045@college.com,password123,student,EEE,true,true
Neha Nair,student1046@college.com,password123,student,ECE,true,true
Anita Nair,student1047@college.com,password123,student,IT,true,true
Amit Yadav,student1048@college.com,password123,student,MATH,true,true
Sneha Shah,student1049@college.com,password123,student,MECH,true,true
Sneha Dubey,student1050@college.com,password123,student,PHY,true,true
Aditya Dubey,student1051@college.com,password123,student,MBA,true,true
Fatima Rathore,student1052@college.com,password123,student,CHEM,true,true
Sneha Mukherjee,student1053@college.com,password123,student,CIVIL,true,true
Saanvi Reddy,student1054@college.com,password123,student,CSE,true,true
Sara George,student1055@college.com,password123,student,EEE,true,true
Aliya Bose,student1056@college.com,password123,student,ECE,true,true
Vikram Gupta,student1057@college.com,password123,student,IT,true,true
Tara Kapoor,student1058@college.com,password123,student,MATH,true,true
Isha Patel,student1059@college.com,password123,student,MECH,true,true
Tara Nair,student1060@college.com,password123,student,PHY,true,true
Yusuf Bose,student1061@college.com,password123,student,MBA,true,true
Dhruv Mishra,student1062@college.com,password123,student,CHEM,true,true
Kiran Varghese,student1063@college.com,password123,student,CIVIL,true,true
Isha Pandey,student1064@college.com,password123,student,CSE,true,true
Radha Thomas,student1065@college.com,password123,student,EEE,true,true
Saanvi Rao,student1066@college.com,password123,student,ECE,true,true
Radha Iyer,student1067@college.com,password123,student,IT,true,true
David Mukherjee,student1068@college.com,password123,student,MATH,true,true
Michael Mukherjee,student1069@college.com,password123,student,MECH,true,true
John Singh,student1070@college.com,password123,student,PHY,true,true
Anita Mehta,student1071@college.com,password123,student,MBA,true,true
Sneha Malhotra,student1072@college.com,password123,student,CHEM,true,true
Lakshmi Sheikh,student1073@college.com,password123,student,CIVIL,true,true
Rohan Agarwal,student1074@college.com,password123,student,CSE,true,true
Ayesha Chopra,student1075@college.com,password123,student,EEE,true,true
Suresh Fernandes,student1076@college.com,password123,student,ECE,true,true
Amit Ali,student1077@college.com,password123,student,IT,true,true
Emma Jacob,student1078@college.com,password123,student,MATH,true,true
Michael Reddy,student1079@college.com,password123,student,MECH,true,true
Krishna Dubey,student1080@college.com,password123,student,PHY,true,true
David Pillai,student1081@college.com,password123,student,MBA,true,true
Olivia Singh,student1082@college.com,password123,student,CHEM,true,true
Amit George,student1083@college.com,password123,student,CIVIL,true,true
Krishna Varghese,student1084@college.com,password123,student,CSE,true,true
Emily Iyer,student1085@college.com,password123,student,EEE,true,true
Nikhil Menon,student1086@college.com,password123,student,ECE,true,true
Ayesha Agarwal,student1087@college.com,password123,student,IT,true,true
James Bose,student1088@college.com,password123,student,MATH,true,true
Aliya Jacob,student1089@college.com,password123,student,MECH,true,true
Priya Ahmed,student1090@college.com,password123,student,PHY,true,true
Ishaan Fernandes,student1091@college.com,password123,student,MBA,true,true
Mohammed Malhotra,student1092@college.com,password123,student,CHEM,true,true
Mohammed Pillai,student1093@college.com,password123,student,CIVIL,true,true
Meera Rathore,student1094@college.com,password123,student,CSE,true,true
Arjun Thomas,student1095@college.com,password123,student,EEE,true,true
David Yadav,student1096@college.com,password123,student,ECE,true,true
Sai Desai,student1097@college.com,password123,student,IT,true,true
Neha Mishra,student1098@college.com,password123,student,MATH,true,true
Amit Varghese,student1099@college.com,password123,student,MECH,true,true
Grace Shah,student1100@college.com,password123,student,PHY,true,true
Zara Ahmed,student1101@college.com,password123,student,MBA,true,true
Ananya Pinto,student1102@college.com,password123,student,CHEM,true,true
Aarav Yadav,student1103@college.com,password123,student,CIVIL,true,true
Robert Tiwari,student1104@college.com,password123,student,CSE,true,true
Sai Tiwari,student1105@college.com,password123,student,EEE,true,true
Zara Thomas,student1106@college.com,password123,student,ECE,true,true
Imran Varghese,student1107@college.com,password123,student,IT,true,true
Isha Kumar,student1108@college.com,password123,student,MATH,true,true
David Sheikh,student1109@college.com,password123,student,MECH,true,true
Priya Mukherjee,student1110@college.com,password123,student,PHY,true,true
Saanvi Mukherjee,student1111@college.com,password123,student,MBA,true,true
Divya Malhotra,student1112@college.com,password123,student,CHEM,true,true
Ananya Chopra,student1113@college.com,password123,student,CIVIL,true,true
Diya D'Souza,student1114@college.com,password123,student,CSE,true,true
Anita Iyer,student1115@college.com,password123,student,EEE,true,true
Anita Ahmed,student1116@college.com,password123,student,ECE,true,true
David Bansal,student1117@college.com,password123,student,IT,true,true
Emma Jacob,student1118@college.com,password123,student,MATH,true,true
Aliya Singh,student1119@college.com,password123,student,MECH,true,true
Aditya Reddy,student1120@college.com,password123,student,PHY,true,true
Mohammed Chauhan,student1121@college.com,password123,student,MBA,true,true
Vivaan Nair,student1122@college.com,password123,student,CHEM,true,true
Grace Rao,student1123@college.com,password123,student,CIVIL,true,true
Tara Chauhan,student1124@college.com,password123,student,CSE,true,true
Aarav Naidu,student1125@college.com,password123,student,EEE,true,true
Aryan Varghese,student1126@college.com,password123,student,ECE,true,true
Olivia Iyer,student1127@college.com,password123,student,IT,true,true
Sarah George,student1128@college.com,password123,student,MATH,true,true
Vikram Rao,student1129@college.com,password123,student,MECH,true,true
Emily Malhotra,student1130@college.com,password123,student,PHY,true,true
Sai George,student1131@college.com,password123,student,MBA,true,true
Kavya Kapoor,student1132@college.com,password123,student,CHEM,true,true
Sai Shah,student1133@college.com,password123,student,CIVIL,true,true
Imran George,student1134@college.com,password123,student,CSE,true,true
Rohan Singh,student1135@college.com,password123,student,EEE,true,true
Priya Thomas,student1136@college.com,password123,student,ECE,true,true
Vikram Tiwari,student1137@college.com,password123,student,IT,true,true
Zoya Dubey,student1138@college.com,password123,student,MATH,true,true
Karan Naidu,student1139@college.com,password123,student,MECH,true,true
Farhan Patel,student1140@college.com,password123,student,PHY,true,true
Ayesha Reddy,student1141@college.com,password123,student,MBA,true,true
Aarav Mukherjee,student1142@college.com,password123,student,CHEM,true,true
Anjali Kumar,student1143@college.com,password123,student,CIVIL,true,true
Krishna Pinto,student1144@college.com,password123,student,CSE,true,true
Karan Hussain,student1145@college.com,password123,student,EEE,true,true
Sameer Rathore,student1146@college.com,password123,student,ECE,true,true
Aarav Sharma,student1147@college.com,password123,student,IT,true,true
Zoya Bansal,student1148@college.com,password123,student,MATH,true,true
Michael Nair,student1149@college.com,password123,student,MECH,true,true
Emily Naidu,student1150@college.com,password123,student,PHY,true,true
Zoya Iyer,student1151@college.com,password123,student,MBA,true,true
Anjali Kumar,student1152@college.com,password123,student,CHEM,true,true
Karan Joshi,student1153@college.com,password123,student,CIVIL,true,true
Sai Tiwari,student1154@college.com,password123,student,CSE,true,true
John Reddy,student1155@college.com,password123,student,EEE,true,true
Reyansh Agarwal,student1156@college.com,password123,student,ECE,true,true
Kavya Khanna,student1157@college.com,password123,student,IT,true,true
Krishna Joshi,student1158@college.com,password123,student,MATH,true,true
Yusuf Dubey,student1159@college.com,password123,student,MECH,true,true
Emily Iyer,student1160@college.com,password123,student,PHY,true,true
Farhan Jacob,student1161@college.com,password123,student,MBA,true,true
Ishaan Kumar,student1162@college.com,password123,student,CHEM,true,true
Pooja Fernandes,student1163@college.com,password123,student,CIVIL,true,true
Aarav Costa,student1164@college.com,password123,student,CSE,true,true
Farhan Rao,student1165@college.com,password123,student,EEE,true,true
Tara Mehta,student1166@college.com,password123,student,ECE,true,true
Fatima Mukherjee,student1167@college.com,password123,student,IT,true,true
Mohammed Mishra,student1168@college.com,password123,student,MATH,true,true
Ishaan Pillai,student1169@college.com,password123,student,MECH,true,true
Radha Jacob,student1170@college.com,password123,student,PHY,true,true
Tara Mukherjee,student1171@college.com,password123,student,MBA,true,true
Sai Reddy,student1172@college.com,password123,student,CHEM,true,true
Krishna Dubey,student1173@college.com,password123,student,CIVIL,true,true
Ayaan Pinto,student1174@college.com,password123,student,CSE,true,true
Fatima Joshi,student1175@college.com,password123,student,EEE,true,true
Isha Naidu,student1176@college.com,password123,student,ECE,true,true
Ananya Iyer,student1177@college.com,password123,student,IT,true,true
Nikhil Malhotra,student1178@college.com,password123,student,MATH,true,true
Farhan Patel,student1179@college.com,password123,student,MECH,true,true
Nikhil D'Souza,student1180@college.com,password123,student,PHY,true,true
Lakshmi Rodrigues,student1181@college.com,password123,student,MBA,true,true
Fatima Rodrigues,student1182@college.com,password123,student,CHEM,true,true
Suresh Yadav,student1183@college.com,password123,student,CIVIL,true,true
Zoya Verma,student1184@college.com,password123,student,CSE,true,true
Robert Mathew,student1185@college.com,password123,student,EEE,true,true
Sarah Khanna,student1186@college.com,password123,student,ECE,true,true
Dhruv Hussain,student1187@college.com,password123,student,IT,true,true
Lakshmi Ali,student1188@college.com,password123,student,MATH,true,true
Aryan Mishra,student1189@college.com,password123,student,MECH,true,true
Priya Chopra,student1190@college.com,password123,student,PHY,true,true
Farhan Singh,student1191@college.com,password123,student,MBA,true,true
David Bose,student1192@college.com,password123,student,CHEM,true,true
Divya Joshi,student1193@college.com,password123,student,CIVIL,true,true
Ayaan Bose,student1194@college.com,password123,student,CSE,true,true
Divya Thomas,student1195@college.com,password123,student,EEE,true,true
Lakshmi Kumar,student1196@college.com,password123,student,ECE,true,true
Pooja Sharma,student1197@college.com,password123,student,IT,true,true
Kavya Agarwal,student1198@college.com,password123,student,MATH,true,true
Krishna Joshi,student1199@college.com,password123,student,MECH,true,true
Emily Fernandes,student1200@college.com,password123,student,PHY,true,true
Riya Shah,student1201@college.com,password123,student,MBA,true,true
Sneha Jacob,student1202@college.com,password123,student,CHEM,true,true
Kabir Dubey,student1203@college.com,password123,student,CIVIL,true,true
Anjali Yadav,student1204@college.com,password123,student,CSE,true,true
Arjun Verma,student1205@college.com,password123,student,EEE,true,true
Kiran Kumar,student1206@college.com,password123,student,ECE,true,true
Aarav Kapoor,student1207@college.com,password123,student,IT,true,true
Dhruv Gupta,student1208@college.com,password123,student,MATH,true,true
Grace Singh,student1209@college.com,password123,student,MECH,true,true
David Desai,student1210@college.com,password123,student,PHY,true,true
Neha Chopra,student1211@college.com,password123,student,MBA,true,true
Mohammed Pandey,student1212@college.com,password123,student,CHEM,true,true
Neha Yadav,student1213@college.com,password123,student,CIVIL,true,true
Riya Naidu,student1214@college.com,password123,student,CSE,true,true
Zoya Desai,student1215@college.com,password123,student,EEE,true,true
Sai Thomas,student1216@college.com,password123,student,ECE,true,true
Sneha Sheikh,student1217@college.com,password123,student,IT,true,true
Radha Menon,student1218@college.com,password123,student,MATH,true,true
Amit Patel,student1219@college.com,password123,student,MECH,true,true
Vikram Patel,student1220@college.com,password123,student,PHY,true,true
Neha Mukherjee,student1221@college.com,password123,student,MBA,true,true
John Menon,student1222@college.com,password123,student,CHEM,true,true
Sneha Agarwal,student1223@college.com,password123,student,CIVIL,true,true
Priya Pinto,student1224@college.com,password123,student,CSE,true,true
Mohammed Dubey,student1225@college.com,password123,student,EEE,true,true
James George,student1226@college.com,password123,student,ECE,true,true
Sameer George,student1227@college.com,password123,student,IT,true,true
Arjun Khanna,student1228@college.com,password123,student,MATH,true,true
Zoya Naidu,student1229@college.com,password123,student,MECH,true,true
Fatima Bose,student1230@college.com,password123,student,PHY,true,true
Vihaan Bose,student1231@college.com,password123,student,MBA,true,true
Sai Naidu,student1232@college.com,password123,student,CHEM,true,true
Ayaan Chauhan,student1233@college.com,password123,student,CIVIL,true,true
Radha Rodrigues,student1234@college.com,password123,student,CSE,true,true
Vihaan Khanna,student1235@college.com,password123,student,EEE,true,true
Imran Mishra,student1236@college.com,password123,student,ECE,true,true
Imran Mishra,student1237@college.com,password123,student,IT,true,true
Kabir Nair,student1238@college.com,password123,student,MATH,true,true
Aarav Pandey,student1239@college.com,password123,student,MECH,true,true
Krishna Varghese,student1240@college.com,password123,student,PHY,true,true
Aarav Rao,student1241@college.com,password123,student,MBA,true,true
Divya Mehta,student1242@college.com,password123,student,CHEM,true,true
Pooja Hussain,student1243@college.com,password123,student,CIVIL,true,true
David Tiwari,student1244@college.com,password123,student,CSE,true,true
Rahul Rao,student1245@college.com,password123,student,EEE,true,true
Kavya Iyer,student1246@college.com,password123,student,ECE,true,true
Sara Yadav,student1247@college.com,password123,student,IT,true,true
Emily Malhotra,student1248@college.com,password123,student,MATH,true,true
Fatima Nair,student1249@college.com,password123,student,MECH,true,true
Yusuf Verma,student1250@college.com,password123,student,PHY,true,true
Diya Naidu,student1251@college.com,password123,student,MBA,true,true
Amit Hussain,student1252@college.com,password123,student,CHEM,true,true
Arjun Kapoor,student1253@college.com,password123,student,CIVIL,true,true
Ayesha Fernandes,student1254@college.com,password123,student,CSE,true,true
Mohammed Kumar,student1255@college.com,password123,student,EEE,true,true
Divya Chauhan,student1256@college.com,password123,student,ECE,true,true
Neha Shah,student1257@college.com,password123,student,IT,true,true
Vihaan Ahmed,student1258@college.com,password123,student,MATH,true,true
Robert Fernandes,student1259@college.com,password123,student,MECH,true,true
Rohan Shah,student1260@college.com,password123,student,PHY,true,true
Rohan Kapoor,student1261@college.com,password123,student,MBA,true,true
Yusuf Reddy,student1262@college.com,password123,student,CHEM,true,true
Emma Fernandes,student1263@college.com,password123,student,CIVIL,true,true
Sameer Tiwari,student1264@college.com,password123,student,CSE,true,true
Ayaan Das,student1265@college.com,password123,student,EEE,true,true
Sara Ali,student1266@college.com,password123,student,ECE,true,true
Aarav Gupta,student1267@college.com,password123,student,IT,true,true
Robert Sharma,student1268@college.com,password123,student,MATH,true,true
Nikhil Gupta,student1269@college.com,password123,student,MECH,true,true
Anjali Shah,student1270@college.com,password123,student,PHY,true,true
Meera Menon,student1271@college.com,password123,student,MBA,true,true
Kabir Gupta,student1272@college.com,password123,student,CHEM,true,true
Swati Pandey,student1273@college.com,password123,student,CIVIL,true,true
Sara George,student1274@college.com,password123,student,CSE,true,true
Riya Das,student1275@college.com,password123,student,EEE,true,true
Ananya Bose,student1276@college.com,password123,student,ECE,true,true
Riya Tiwari,student1277@college.com,password123,student,IT,true,true
Ananya Malhotra,student1278@college.com,password123,student,MATH,true,true
Michael Kumar,student1279@college.com,password123,student,MECH,true,true
Anita Shah,student1280@college.com,password123,student,PHY,true,true
Ayaan Ali,student1281@college.com,password123,student,MBA,true,true
Sameer Singh,student1282@college.com,password123,student,CHEM,true,true
Kabir Das,student1283@college.com,password123,student,CIVIL,true,true
John Hussain,student1284@college.com,password123,student,CSE,true,true
Aditya Desai,student1285@college.com,password123,student,EEE,true,true
Arjun Chauhan,student1286@college.com,password123,student,ECE,true,true
Emily Chopra,student1287@college.com,password123,student,IT,true,true
Yusuf Khanna,student1288@college.com,password123,student,MATH,true,true
Ananya Patel,student1289@college.com,password123,student,MECH,true,true
Swati Chauhan,student1290@college.com,password123,student,PHY,true,true
Aarav Shah,student1291@college.com,password123,student,MBA,true,true
Aryan Chopra,student1292@college.com,password123,student,CHEM,true,true
Anita Khanna,student1293@college.com,password123,student,CIVIL,true,true
Sara Costa,student1294@college.com,password123,student,CSE,true,true
Nikhil Chauhan,student1295@college.com,password123,student,EEE,true,true
Kavya Pinto,student1296@college.com,password123,student,ECE,true,true
Divya Yadav,student1297@college.com,password123,student,IT,true,true
Yusuf Banerjee,student1298@college.com,password123,student,MATH,true,true
Fatima Sheikh,student1299@college.com,password123,student,MECH,true,true
Aliya Bose,student1300@college.com,password123,student,PHY,true,true
Ishaan Sharma,student1301@college.com,password123,student,MBA,true,true
Grace Pillai,student1302@college.com,password123,student,CHEM,true,true
Vivaan Das,student1303@college.com,password123,student,CIVIL,true,true
Sneha Mehta,student1304@college.com,password123,student,CSE,true,true
Mohammed Varghese,student1305@college.com,password123,student,EEE,true,true
Sarah Sharma,student1306@college.com,password123,student,ECE,true,true
Diya Sharma,student1307@college.com,password123,student,IT,true,true
Aliya Mathew,student1308@college.com,password123,student,MATH,true,true
Meera Mishra,student1309@college.com,password123,student,MECH,true,true
Fatima Khanna,student1310@college.com,password123,student,PHY,true,true
Reyansh Mukherjee,student1311@college.com,password123,student,MBA,true,true
Pooja Bose,student1312@college.com,password123,student,CHEM,true,true
Riya Ahmed,student1313@college.com,password123,student,CIVIL,true,true
Vihaan Menon,student1314@college.com,password123,student,CSE,true,true
Ayesha Malhotra,student1315@college.com,password123,student,EEE,true,true
Sai Gupta,student1316@college.com,password123,student,ECE,true,true
Olivia Das,student1317@college.com,password123,student,IT,true,true
Emma Hussain,student1318@college.com,password123,student,MATH,true,true
Riya Varghese,student1319@college.com,password123,student,MECH,true,true
Emma Shah,student1320@college.com,password123,student,PHY,true,true
Zara Mishra,student1321@college.com,password123,student,MBA,true,true
Sai Pinto,student1322@college.com,password123,student,CHEM,true,true
Reyansh Ali,student1323@college.com,password123,student,CIVIL,true,true
Krishna Thomas,student1324@college.com,password123,student,CSE,true,true
Michael Desai,student1325@college.com,password123,student,EEE,true,true
Arjun Pinto,student1326@college.com,password123,student,ECE,true,true
Anita Singh,student1327@college.com,password123,student,IT,true,true
Saanvi Mathew,student1328@college.com,password123,student,MATH,true,true
Krishna Bose,student1329@college.com,password123,student,MECH,true,true
Suresh Kapoor,student1330@college.com,password123,student,PHY,true,true
Robert Agarwal,student1331@college.com,password123,student,MBA,true,true
Grace Desai,student1332@college.com,password123,student,CHEM,true,true
Zoya Mishra,student1333@college.com,password123,student,CIVIL,true,true
Ananya Agarwal,student1334@college.com,password123,student,CSE,true,true
Tara Malhotra,student1335@college.com,password123,student,EEE,true,true
Karan Kumar,student1336@college.com,password123,student,ECE,true,true
Aryan Iyer,student1337@college.com,password123,student,IT,true,true
Yusuf Yadav,student1338@college.com,password123,student,MATH,true,true
Kiran Reddy,student1339@college.com,password123,student,MECH,true,true
Ishaan Reddy,student1340@college.com,password123,student,PHY,true,true
Rohan Rathore,student1341@college.com,password123,student,MBA,true,true
Zara Agarwal,student1342@college.com,password123,student,CHEM,true,true
Riya Nair,student1343@college.com,password123,student,CIVIL,true,true
Sneha Mehta,student1344@college.com,password123,student,CSE,true,true
Yusuf Mukherjee,student1345@college.com,password123,student,EEE,true,true
Tara Khanna,student1346@college.com,password123,student,ECE,true,true
Zara Kapoor,student1347@college.com,password123,student,IT,true,true
Robert Nair,student1348@college.com,password123,student,MATH,true,true
Sai Rao,student1349@college.com,password123,student,MECH,true,true
John Jacob,student1350@college.com,password123,student,PHY,true,true
Vikram Pandey,student1351@college.com,password123,student,MBA,true,true
Zoya Rodrigues,student1352@college.com,password123,student,CHEM,true,true
Aditya Mukherjee,student1353@college.com,password123,student,CIVIL,true,true
James Agarwal,student1354@college.com,password123,student,CSE,true,true
Ishaan Patel,student1355@college.com,password123,student,EEE,true,true
Ayesha Bose,student1356@college.com,password123,student,ECE,true,true
Isha Desai,student1357@college.com,password123,student,IT,true,true
Neha Singh,student1358@college.com,password123,student,MATH,true,true
Sameer Khanna,student1359@college.com,password123,student,MECH,true,true
Rahul Chatterjee,student1360@college.com,password123,student,PHY,true,true
Vivaan Desai,student1361@college.com,password123,student,MBA,true,true
Robert Rathore,student1362@college.com,password123,student,CHEM,true,true
Swati Mishra,student1363@college.com,password123,student,CIVIL,true,true
Swati Bose,student1364@college.com,password123,student,CSE,true,true
Reyansh Chauhan,student1365@college.com,password123,student,EEE,true,true
Reyansh Iyer,student1366@college.com,password123,student,ECE,true,true
Ayaan Sharma,student1367@college.com,password123,student,IT,true,true
Vihaan Yadav,student1368@college.com,password123,student,MATH,true,true
Karan Iyer,student1369@college.com,password123,student,MECH,true,true
Aryan Desai,student1370@college.com,password123,student,PHY,true,true
Kavya Jacob,student1371@college.com,password123,student,MBA,true,true
Mohammed George,student1372@college.com,password123,student,CHEM,true,true
Sai Pinto,student1373@college.com,password123,student,CIVIL,true,true
Kiran Kapoor,student1374@college.com,password123,student,CSE,true,true
Olivia Kumar,student1375@college.com,password123,student,EEE,true,true
Vivaan Kumar,student1376@college.com,password123,student,ECE,true,true
Aryan George,student1377@college.com,password123,student,IT,true,true
Tara Iyer,student1378@college.com,password123,student,MATH,true,true
Sai Bansal,student1379@college.com,password123,student,MECH,true,true
Ayaan Gupta,student1380@college.com,password123,student,PHY,true,true
Zara Singh,student1381@college.com,password123,student,MBA,true,true
Rohan Fernandes,student1382@college.com,password123,student,CHEM,true,true
Saanvi Tiwari,student1383@college.com,password123,student,CIVIL,true,true
Priya Ahmed,student1384@college.com,password123,student,CSE,true,true
Vivaan Joshi,student1385@college.com,password123,student,EEE,true,true
Sameer Naidu,student1386@college.com,password123,student,ECE,true,true
Kabir Mehta,student1387@college.com,password123,student,IT,true,true
Dhruv Chatterjee,student1388@college.com,password123,student,MATH,true,true
Amit Malhotra,student1389@college.com,password123,student,MECH,true,true
Tara Menon,student1390@college.com,password123,student,PHY,true,true
Aditya Costa,student1391@college.com,password123,student,MBA,true,true
Radha Costa,student1392@college.com,password123,student,CHEM,true,true
Nikhil George,student1393@college.com,password123,student,CIVIL,true,true
Suresh Ahmed,student1394@college.com,password123,student,CSE,true,true
Riya D'Souza,student1395@college.com,password123,student,EEE,true,true
Anjali Singh,student1396@college.com,password123,student,ECE,true,true
Sai Malhotra,student1397@college.com,password123,student,IT,true,true
Meera Iyer,student1398@college.com,password123,student,MATH,true,true
Riya Banerjee,student1399@college.com,password123,student,MECH,true,true
Farhan Hussain,student1400@college.com,password123,student,PHY,true,true
Nikhil Thomas,student1401@college.com,password123,student,MBA,true,true
John Sheikh,student1402@college.com,password123,student,CHEM,true,true
David Verma,student1403@college.com,password123,student,CIVIL,true,true
Meera Pandey,student1404@college.com,password123,student,CSE,true,true
Isha Khan,student1405@college.com,password123,student,EEE,true,true
Sneha Ahmed,student1406@college.com,password123,student,ECE,true,true
Isha Fernandes,student1407@college.com,password123,student,IT,true,true
Neha Agarwal,student1408@college.com,password123,student,MATH,true,true
Meera Malhotra,student1409@college.com,password123,student,MECH,true,true
Kabir Verma,student1410@college.com,password123,student,PHY,true,true
Ananya Rodrigues,student1411@college.com,password123,student,MBA,true,true
Karan Verma,student1412@college.com,password123,student,CHEM,true,true
Emma Yadav,student1413@college.com,password123,student,CIVIL,true,true
Amit Singh,student1414@college.com,password123,student,CSE,true,true
John Khan,student1415@college.com,password123,student,EEE,true,true
Pooja Mehta,student1416@college.com,password123,student,ECE,true,true
Yusuf Pinto,student1417@college.com,password123,student,IT,true,true
Karan Rao,student1418@college.com,password123,student,MATH,true,true
Reyansh Bose,student1419@college.com,password123,student,MECH,true,true
Imran Bose,student1420@college.com,password123,student,PHY,true,true
Amit Sheikh,student1421@college.com,password123,student,MBA,true,true
Michael Mishra,student1422@college.com,password123,student,CHEM,true,true
Vihaan Dubey,student1423@college.com,password123,student,CIVIL,true,true
Karan Fernandes,student1424@college.com,password123,student,CSE,true,true
Robert Joshi,student1425@college.com,password123,student,EEE,true,true
Isha Chatterjee,student1426@college.com,password123,student,ECE,true,true
Kabir Bose,student1427@college.com,password123,student,IT,true,true
Kiran Agarwal,student1428@college.com,password123,student,MATH,true,true
John Mishra,student1429@college.com,password123,student,MECH,true,true
Zoya Mehta,student1430@college.com,password123,student,PHY,true,true
Olivia Pinto,student1431@college.com,password123,student,MBA,true,true
Vivaan Pandey,student1432@college.com,password123,student,CHEM,true,true
Zoya Mehta,student1433@college.com,password123,student,CIVIL,true,true
Anita Fernandes,student1434@college.com,password123,student,CSE,true,true
Ishaan Fernandes,student1435@college.com,password123,student,EEE,true,true
Aryan Ahmed,student1436@college.com,password123,student,ECE,true,true
Sneha Khanna,student1437@college.com,password123,student,IT,true,true
Kabir Ahmed,student1438@college.com,password123,student,MATH,true,true
Aditya Patel,student1439@college.com,password123,student,MECH,true,true
Vihaan Das,student1440@college.com,password123,student,PHY,true,true
Lakshmi Das,student1441@college.com,password123,student,MBA,true,true
Vivaan Hussain,student1442@college.com,password123,student,CHEM,true,true
Anjali Sharma,student1443@college.com,password123,student,CIVIL,true,true
Diya Costa,student1444@college.com,password123,student,CSE,true,true
Aryan Iyer,student1445@college.com,password123,student,EEE,true,true
Diya Pandey,student1446@college.com,password123,student,ECE,true,true
Kabir Agarwal,student1447@college.com,password123,student,IT,true,true
Vihaan Verma,student1448@college.com,password123,student,MATH,true,true
Ishaan Pinto,student1449@college.com,password123,student,MECH,true,true
Ayesha Menon,student1450@college.com,password123,student,PHY,true,true
Yusuf Nair,student1451@college.com,password123,student,MBA,true,true
Robert Hussain,student1452@college.com,password123,student,CHEM,true,true
Emily Shah,student1453@college.com,password123,student,CIVIL,true,true
Arjun Shah,student1454@college.com,password123,student,CSE,true,true
Ayesha Mathew,student1455@college.com,password123,student,EEE,true,true
Priya Pinto,student1456@college.com,password123,student,ECE,true,true
Reyansh Bansal,student1457@college.com,password123,student,IT,true,true
Vikram Agarwal,student1458@college.com,password123,student,MATH,true,true
Krishna Rao,student1459@college.com,password123,student,MECH,true,true
Fatima Naidu,student1460@college.com,password123,student,PHY,true,true
David Thomas,student1461@college.com,password123,student,MBA,true,true
Divya George,student1462@college.com,password123,student,CHEM,true,true
Ananya Chatterjee,student1463@college.com,password123,student,CIVIL,true,true
Ayesha D'Souza,student1464@college.com,password123,student,CSE,true,true
Zoya Costa,student1465@college.com,password123,student,EEE,true,true
David Mehta,student1466@college.com,password123,student,ECE,true,true
Karan Mathew,student1467@college.com,password123,student,IT,true,true
Kiran Chatterjee,student1468@college.com,password123,student,MATH,true,true
Meera Khanna,student1469@college.com,password123,student,MECH,true,true
Fatima Varghese,student1470@college.com,password123,student,PHY,true,true
Suresh Iyer,student1471@college.com,password123,student,MBA,true,true
Kabir Tiwari,student1472@college.com,password123,student,CHEM,true,true
Aarav Varghese,student1473@college.com,password123,student,CIVIL,true,true
Anita Desai,student1474@college.com,password123,student,CSE,true,true
Robert Yadav,student1475@college.com,password123,student,EEE,true,true
Anita Gupta,student1476@college.com,password123,student,ECE,true,true
Kabir Rodrigues,student1477@college.com,password123,student,IT,true,true
Ananya Costa,student1478@college.com,password123,student,MATH,true,true
Karan Thomas,student1479@college.com,password123,student,MECH,true,true
Anita Reddy,student1480@college.com,password123,student,PHY,true,true
Grace Ahmed,student1481@college.com,password123,student,MBA,true,true
Ishaan Bansal,student1482@college.com,password123,student,CHEM,true,true
Sara Kumar,student1483@college.com,password123,student,CIVIL,true,true
Nikhil Mehta,student1484@college.com,password123,student,CSE,true,true
Ananya Rao,student1485@college.com,password123,student,EEE,true,true
Mohammed Patel,student1486@college.com,password123,student,ECE,true,true
Michael Pandey,student1487@college.com,password123,student,IT,true,true
Imran Thomas,student1488@college.com,password123,student,MATH,true,true
Fatima Bansal,student1489@college.com,password123,student,MECH,true,true
Tara Sharma,student1490@college.com,password123,student,PHY,true,true
Rahul Mukherjee,student1491@college.com,password123,student,MBA,true,true
Nikhil Varghese,student1492@college.com,password123,student,CHEM,true,true
Arjun Mehta,student1493@college.com,password123,student,CIVIL,true,true
Rahul Reddy,student1494@college.com,password123,student,CSE,true,true
Fatima Sharma,student1495@college.com,password123,student,EEE,true,true
Vihaan Joshi,student1496@college.com,password123,student,ECE,true,true
Tara Tiwari,student1497@college.com,password123,student,IT,true,true
Riya Rao,student1498@college.com,password123,student,MATH,true,true
Sarah Pillai,student1499@college.com,password123,student,MECH,true,true
Divya Joshi,student1500@college.com,password123,student,PHY,true,true
Isha Sheikh,student1501@college.com,password123,student,MBA,true,true
Meera Reddy,student1502@college.com,password123,student,CHEM,true,true
James Khan,student1503@college.com,password123,student,CIVIL,true,true
David Fernandes,student1504@college.com,password123,student,CSE,true,true
Farhan Dubey,student1505@college.com,password123,student,EEE,true,true
Sameer Das,student1506@college.com,password123,student,ECE,true,true
Rohan Rathore,student1507@college.com,password123,student,IT,true,true
Arjun Gupta,student1508@college.com,password123,student,MATH,true,true
Suresh Verma,student1509@college.com,password123,student,MECH,true,true
Ananya Kapoor,student1510@college.com,password123,student,PHY,true,true
Reyansh Kumar,student1511@college.com,password123,student,MBA,true,true
Diya Rao,student1512@college.com,password123,student,CHEM,true,true
Sarah Joshi,student1513@college.com,password123,student,CIVIL,true,true
Rohan Tiwari,student1514@college.com,password123,student,CSE,true,true
Arjun D'Souza,student1515@college.com,password123,student,EEE,true,true
Emma Patel,student1516@college.com,password123,student,ECE,true,true
Diya Rodrigues,student1517@college.com,password123,student,IT,true,true
Radha Khan,student1518@college.com,password123,student,MATH,true,true
Ayesha Verma,student1519@college.com,password123,student,MECH,true,true
Saanvi George,student1520@college.com,password123,student,PHY,true,true
Rohan Rodrigues,student1521@college.com,password123,student,MBA,true,true
Sarah Naidu,student1522@college.com,password123,student,CHEM,true,true
Rohan Singh,student1523@college.com,password123,student,CIVIL,true,true
Reyansh Bansal,student1524@college.com,password123,student,CSE,true,true
Dhruv Banerjee,student1525@college.com,password123,student,EEE,true,true
Riya Varghese,student1526@college.com,password123,student,ECE,true,true
Swati Tiwari,student1527@college.com,password123,student,IT,true,true
Grace Tiwari,student1528@college.com,password123,student,MATH,true,true
Sneha Kapoor,student1529@college.com,password123,student,MECH,true,true
Imran Chopra,student1530@college.com,password123,student,PHY,true,true
Vikram Bose,student1531@college.com,password123,student,MBA,true,true
Reyansh Singh,student1532@college.com,password123,student,CHEM,true,true
Priya Fernandes,student1533@college.com,password123,student,CIVIL,true,true
Swati Ahmed,student1534@college.com,password123,student,CSE,true,true
Ishaan Singh,student1535@college.com,password123,student,EEE,true,true
Kavya Sharma,student1536@college.com,password123,student,ECE,true,true
Saanvi Patel,student1537@college.com,password123,student,IT,true,true
Suresh Mathew,student1538@college.com,password123,student,MATH,true,true
Mohammed Rodrigues,student1539@college.com,password123,student,MECH,true,true
Anjali Banerjee,student1540@college.com,password123,student,PHY,true,true
Reyansh Verma,student1541@college.com,password123,student,MBA,true,true
Dhruv Rao,student1542@college.com,password123,student,CHEM,true,true
Mohammed Chopra,student1543@college.com,password123,student,CIVIL,true,true
Sai Khan,student1544@college.com,password123,student,CSE,true,true
Robert Nair,student1545@college.com,password123,student,EEE,true,true
Vikram Desai,student1546@college.com,password123,student,ECE,true,true
Anjali Ahmed,student1547@college.com,password123,student,IT,true,true
Emma Mathew,student1548@college.com,password123,student,MATH,true,true
Rahul Patel,student1549@college.com,password123,student,MECH,true,true
Farhan Sheikh,student1550@college.com,password123,student,PHY,true,true
Meera Chatterjee,student1551@college.com,password123,student,MBA,true,true
Kavya Joshi,student1552@college.com,password123,student,CHEM,true,true
Kavya Chatterjee,student1553@college.com,password123,student,CIVIL,true,true
Tara Gupta,student1554@college.com,password123,student,CSE,true,true
Rahul Rathore,student1555@college.com,password123,student,EEE,true,true
Zara Kapoor,student1556@college.com,password123,student,ECE,true,true
Karan Malhotra,student1557@college.com,password123,student,IT,true,true
Anita Singh,student1558@college.com,password123,student,MATH,true,true
Ishaan Dubey,student1559@college.com,password123,student,MECH,true,true
Zoya Mathew,student1560@college.com,password123,student,PHY,true,true
Reyansh Patel,student1561@college.com,password123,student,MBA,true,true
Imran Mehta,student1562@college.com,password123,student,CHEM,true,true
John Sheikh,student1563@college.com,password123,student,CIVIL,true,true
Riya Dubey,student1564@college.com,password123,student,CSE,true,true
Kiran Das,student1565@college.com,password123,student,EEE,true,true
Swati Singh,student1566@college.com,password123,student,ECE,true,true
James Joshi,student1567@college.com,password123,student,IT,true,true
Michael Hussain,student1568@college.com,password123,student,MATH,true,true
Riya Sheikh,student1569@college.com,password123,student,MECH,true,true
Sameer Khan,student1570@college.com,password123,student,PHY,true,true
Anita Bose,student1571@college.com,password123,student,MBA,true,true
Anjali Khanna,student1572@college.com,password123,student,CHEM,true,true
Sai Desai,student1573@college.com,password123,student,CIVIL,true,true
Emma Pandey,student1574@college.com,password123,student,CSE,true,true
Aditya Ali,student1575@college.com,password123,student,EEE,true,true
Anita Hussain,student1576@college.com,password123,student,ECE,true,true
John Fernandes,student1577@college.com,password123,student,IT,true,true
Sameer Costa,student1578@college.com,password123,student,MATH,true,true
Ishaan Nair,student1579@college.com,password123,student,MECH,true,true
Aliya Rathore,student1580@college.com,password123,student,PHY,true,true
Kabir Rao,student1581@college.com,password123,student,MBA,true,true
Dhruv Banerjee,student1582@college.com,password123,student,CHEM,true,true
Krishna Gupta,student1583@college.com,password123,student,CIVIL,true,true
Saanvi Patel,student1584@college.com,password123,student,CSE,true,true
Sameer Naidu,student1585@college.com,password123,student,EEE,true,true
Aryan Thomas,student1586@college.com,password123,student,ECE,true,true
Ishaan Rodrigues,student1587@college.com,password123,student,IT,true,true
Rahul Agarwal,student1588@college.com,password123,student,MATH,true,true
Olivia Tiwari,student1589@college.com,password123,student,MECH,true,true
Olivia Kumar,student1590@college.com,password123,student,PHY,true,true
Sai Joshi,student1591@college.com,password123,student,MBA,true,true
Swati Desai,student1592@college.com,password123,student,CHEM,true,true
Swati Agarwal,student1593@college.com,password123,student,CIVIL,true,true
Robert Malhotra,student1594@college.com,password123,student,CSE,true,true
Pooja Chauhan,student1595@college.com,password123,student,EEE,true,true
Olivia Sharma,student1596@college.com,password123,student,ECE,true,true
David Varghese,student1597@college.com,password123,student,IT,true,true
Radha Pinto,student1598@college.com,password123,student,MATH,true,true
Pooja Pillai,student1599@college.com,password123,student,MECH,true,true
Ayaan Pillai,student1600@college.com,password123,student,PHY,true,true
Ishaan Menon,student1601@college.com,password123,student,MBA,true,true
Anita Pinto,student1602@college.com,password123,student,CHEM,true,true
Kiran Dubey,student1603@college.com,password123,student,CIVIL,true,true
Reyansh Reddy,student1604@college.com,password123,student,CSE,true,true
Anita Yadav,student1605@college.com,password123,student,EEE,true,true
Reyansh Chopra,student1606@college.com,password123,student,ECE,true,true
Emily Sheikh,student1607@college.com,password123,student,IT,true,true
Sarah Mehta,student1608@college.com,password123,student,MATH,true,true
Sarah Pillai,student1609@college.com,password123,student,MECH,true,true
Rahul Joshi,student1610@college.com,password123,student,PHY,true,true
Farhan Ahmed,student1611@college.com,password123,student,MBA,true,true
Anita Rodrigues,student1612@college.com,password123,student,CHEM,true,true
Anjali Gupta,student1613@college.com,password123,student,CIVIL,true,true
Kabir Malhotra,student1614@college.com,password123,student,CSE,true,true
Priya Menon,student1615@college.com,password123,student,EEE,true,true
Radha Rodrigues,student1616@college.com,password123,student,ECE,true,true
Sameer Varghese,student1617@college.com,password123,student,IT,true,true
Priya Gupta,student1618@college.com,password123,student,MATH,true,true
Priya Bansal,student1619@college.com,password123,student,MECH,true,true
Zoya Bose,student1620@college.com,password123,student,PHY,true,true
Vihaan Mishra,student1621@college.com,password123,student,MBA,true,true
Anjali Malhotra,student1622@college.com,password123,student,CHEM,true,true
Emma Shah,student1623@college.com,password123,student,CIVIL,true,true
Vivaan Bansal,student1624@college.com,password123,student,CSE,true,true
Michael Khanna,student1625@college.com,password123,student,EEE,true,true
Vikram Malhotra,student1626@college.com,password123,student,ECE,true,true
James Ahmed,student1627@college.com,password123,student,IT,true,true
Robert Varghese,student1628@college.com,password123,student,MATH,true,true
Sameer Reddy,student1629@college.com,password123,student,MECH,true,true
Emily Das,student1630@college.com,password123,student,PHY,true,true
Krishna Khanna,student1631@college.com,password123,student,MBA,true,true
Sara Rathore,student1632@college.com,password123,student,CHEM,true,true
Yusuf Agarwal,student1633@college.com,password123,student,CIVIL,true,true
Amit Tiwari,student1634@college.com,password123,student,CSE,true,true
Riya Rodrigues,student1635@college.com,password123,student,EEE,true,true
Farhan Patel,student1636@college.com,password123,student,ECE,true,true
Aryan Rathore,student1637@college.com,password123,student,IT,true,true
Dhruv Pillai,student1638@college.com,password123,student,MATH,true,true
Sara Ahmed,student1639@college.com,password123,student,MECH,true,true
Aliya Hussain,student1640@college.com,password123,student,PHY,true,true
Emily Shah,student1641@college.com,password123,student,MBA,true,true
Michael Singh,student1642@college.com,password123,student,CHEM,true,true
Neha Rao,student1643@college.com,password123,student,CIVIL,true,true
Arjun Khanna,student1644@college.com,password123,student,CSE,true,true
Ayesha Ali,student1645@college.com,password123,student,EEE,true,true
Priya Iyer,student1646@college.com,password123,student,ECE,true,true
Yusuf Hussain,student1647@college.com,password123,student,IT,true,true
Sarah Fernandes,student1648@college.com,password123,student,MATH,true,true
Vivaan Chatterjee,student1649@college.com,password123,student,MECH,true,true
Aryan Banerjee,student1650@college.com,password123,student,PHY,true,true
James Singh,student1651@college.com,password123,student,MBA,true,true
Nikhil Gupta,student1652@college.com,password123,student,CHEM,true,true
Zara Singh,student1653@college.com,password123,student,CIVIL,true,true
Olivia Shah,student1654@college.com,password123,student,CSE,true,true
Ayesha Banerjee,student1655@college.com,password123,student,EEE,true,true
Amit Shah,student1656@college.com,password123,student,ECE,true,true
Michael Chauhan,student1657@college.com,password123,student,IT,true,true
Neha Desai,student1658@college.com,password123,student,MATH,true,true
Mohammed Nair,student1659@college.com,password123,student,MECH,true,true
Sameer Verma,student1660@college.com,password123,student,PHY,true,true
Nikhil Shah,student1661@college.com,password123,student,MBA,true,true
Divya Rodrigues,student1662@college.com,password123,student,CHEM,true,true
Tara Chatterjee,student1663@college.com,password123,student,CIVIL,true,true
Emily Khan,student1664@college.com,password123,student,CSE,true,true
Kiran D'Souza,student1665@college.com,password123,student,EEE,true,true
Isha Mehta,student1666@college.com,password123,student,ECE,true,true
Rohan Kapoor,student1667@college.com,password123,student,IT,true,true
Sara Varghese,student1668@college.com,password123,student,MATH,true,true
Sai Chopra,student1669@college.com,password123,student,MECH,true,true
Vivaan Joshi,student1670@college.com,password123,student,PHY,true,true
Vihaan Rao,student1671@college.com,password123,student,MBA,true,true
Robert Fernandes,student1672@college.com,password123,student,CHEM,true,true
Yusuf Mukherjee,student1673@college.com,password123,student,CIVIL,true,true
Robert Das,student1674@college.com,password123,student,CSE,true,true
Farhan Das,student1675@college.com,password123,student,EEE,true,true
Sameer Mukherjee,student1676@college.com,password123,student,ECE,true,true
Amit George,student1677@college.com,password123,student,IT,true,true
Riya Ali,student1678@college.com,password123,student,MATH,true,true
Vivaan Yadav,student1679@college.com,password123,student,MECH,true,true
Yusuf Jacob,student1680@college.com,password123,student,PHY,true,true
Aarav Khan,student1681@college.com,password123,student,MBA,true,true
Olivia Iyer,student1682@college.com,password123,student,CHEM,true,true
Farhan Chatterjee,student1683@college.com,password123,student,CIVIL,true,true
Lakshmi Sharma,student1684@college.com,password123,student,CSE,true,true
Karan Kapoor,student1685@college.com,password123,student,EEE,true,true
Lakshmi Khanna,student1686@college.com,password123,student,ECE,true,true
Ayesha Pandey,student1687@college.com,password123,student,IT,true,true
Farhan Malhotra,student1688@college.com,password123,student,MATH,true,true
Saanvi Joshi,student1689@college.com,password123,student,MECH,true,true
Robert Mehta,student1690@college.com,password123,student,PHY,true,true
Zara Kapoor,student1691@college.com,password123,student,MBA,true,true
Dhruv Chauhan,student1692@college.com,password123,student,CHEM,true,true
Vikram Jacob,student1693@college.com,password123,student,CIVIL,true,true
Pooja Costa,student1694@college.com,password123,student,CSE,true,true
Priya Pinto,student1695@college.com,password123,student,EEE,true,true
Reyansh Sharma,student1696@college.com,password123,student,ECE,true,true
Neha Mathew,student1697@college.com,password123,student,IT,true,true
James Shah,student1698@college.com,password123,student,MATH,true,true
Swati George,student1699@college.com,password123,student,MECH,true,true
Lakshmi Rodrigues,student1700@college.com,password123,student,PHY,true,true
Suresh Khanna,student1701@college.com,password123,student,MBA,true,true
Sameer Reddy,student1702@college.com,password123,student,CHEM,true,true
Anjali Kumar,student1703@college.com,password123,student,CIVIL,true,true
Diya Malhotra,student1704@college.com,password123,student,CSE,true,true
Mohammed Agarwal,student1705@college.com,password123,student,EEE,true,true
Emily Malhotra,student1706@college.com,password123,student,ECE,true,true
Rahul George,student1707@college.com,password123,student,IT,true,true
Ayesha George,student1708@college.com,password123,student,MATH,true,true
Vikram Banerjee,student1709@college.com,password123,student,MECH,true,true
Ishaan Hussain,student1710@college.com,password123,student,PHY,true,true
Aliya Bose,student1711@college.com,password123,student,MBA,true,true
Emma Singh,student1712@college.com,password123,student,CHEM,true,true
John Rodrigues,student1713@college.com,password123,student,CIVIL,true,true
Priya Mathew,student1714@college.com,password123,student,CSE,true,true
Ananya Jacob,student1715@college.com,password123,student,EEE,true,true
Krishna Tiwari,student1716@college.com,password123,student,ECE,true,true
Vivaan George,student1717@college.com,password123,student,IT,true,true
Divya Chopra,student1718@college.com,password123,student,MATH,true,true
Rahul Pillai,student1719@college.com,password123,student,MECH,true,true
Priya Joshi,student1720@college.com,password123,student,PHY,true,true
Sara Gupta,student1721@college.com,password123,student,MBA,true,true
Kiran Pandey,student1722@college.com,password123,student,CHEM,true,true
Anita Banerjee,student1723@college.com,password123,student,CIVIL,true,true
Diya Tiwari,student1724@college.com,password123,student,CSE,true,true
Ayesha Das,student1725@college.com,password123,student,EEE,true,true
Sameer Sheikh,student1726@college.com,password123,student,ECE,true,true
Mohammed Khan,student1727@college.com,password123,student,IT,true,true
Olivia Mathew,student1728@college.com,password123,student,MATH,true,true
Isha Ali,student1729@college.com,password123,student,MECH,true,true
Vikram Rao,student1730@college.com,password123,student,PHY,true,true
James Mathew,student1731@college.com,password123,student,MBA,true,true
Sarah D'Souza,student1732@college.com,password123,student,CHEM,true,true
Kabir Chopra,student1733@college.com,password123,student,CIVIL,true,true
Reyansh Khan,student1734@college.com,password123,student,CSE,true,true
Krishna Mishra,student1735@college.com,password123,student,EEE,true,true
Rahul Tiwari,student1736@college.com,password123,student,ECE,true,true
John D'Souza,student1737@college.com,password123,student,IT,true,true
Aliya Chatterjee,student1738@college.com,password123,student,MATH,true,true
Sameer Bansal,student1739@college.com,password123,student,MECH,true,true
Farhan Patel,student1740@college.com,password123,student,PHY,true,true
Karan Mehta,student1741@college.com,password123,student,MBA,true,true
Karan Mishra,student1742@college.com,password123,student,CHEM,true,true
Emily Khanna,student1743@college.com,password123,student,CIVIL,true,true
Riya Bansal,student1744@college.com,password123,student,CSE,true,true
Kavya Kapoor,student1745@college.com,password123,student,EEE,true,true
Kiran Chopra,student1746@college.com,password123,student,ECE,true,true
Zara Nair,student1747@college.com,password123,student,IT,true,true
Anjali Singh,student1748@college.com,password123,student,MATH,true,true
Emily Thomas,student1749@college.com,password123,student,MECH,true,true
Kiran Pinto,student1750@college.com,password123,student,PHY,true,true
Radha Kumar,student1751@college.com,password123,student,MBA,true,true
Anjali Banerjee,student1752@college.com,password123,student,CHEM,true,true
Neha Nair,student1753@college.com,password123,student,CIVIL,true,true
Emily Jacob,student1754@college.com,password123,student,CSE,true,true
Meera Hussain,student1755@college.com,password123,student,EEE,true,true
Vikram Pillai,student1756@college.com,password123,student,ECE,true,true
Vihaan Menon,student1757@college.com,password123,student,IT,true,true
Krishna Banerjee,student1758@college.com,password123,student,MATH,true,true
Diya Pillai,student1759@college.com,password123,student,MECH,true,true
Anita Chauhan,student1760@college.com,password123,student,PHY,true,true
Ishaan Agarwal,student1761@college.com,password123,student,MBA,true,true
Emily Pandey,student1762@college.com,password123,student,CHEM,true,true
Kabir Yadav,student1763@college.com,password123,student,CIVIL,true,true
Sai Ahmed,student1764@college.com,password123,student,CSE,true,true
Diya Thomas,student1765@college.com,password123,student,EEE,true,true
Kabir Agarwal,student1766@college.com,password123,student,ECE,true,true
Mohammed Singh,student1767@college.com,password123,student,IT,true,true
Aarav Rathore,student1768@college.com,password123,student,MATH,true,true
Amit Mukherjee,student1769@college.com,password123,student,MECH,true,true
Aliya Yadav,student1770@college.com,password123,student,PHY,true,true
Rohan Fernandes,student1771@college.com,password123,student,MBA,true,true
Aliya Rao,student1772@college.com,password123,student,CHEM,true,true
Divya Dubey,student1773@college.com,password123,student,CIVIL,true,true
Yusuf Patel,student1774@college.com,password123,student,CSE,true,true
Krishna Costa,student1775@college.com,password123,student,EEE,true,true
Saanvi Thomas,student1776@college.com,password123,student,ECE,true,true
Saanvi Desai,student1777@college.com,password123,student,IT,true,true
Saanvi Khan,student1778@college.com,password123,student,MATH,true,true
Meera Sharma,student1779@college.com,password123,student,MECH,true,true
Aditya Sheikh,student1780@college.com,password123,student,PHY,true,true
Aryan Tiwari,student1781@college.com,password123,student,MBA,true,true
Kavya Sharma,student1782@college.com,password123,student,CHEM,true,true
Emma Agarwal,student1783@college.com,password123,student,CIVIL,true,true
Aliya Hussain,student1784@college.com,password123,student,CSE,true,true
Aryan Verma,student1785@college.com,password123,student,EEE,true,true
Sameer Sharma,student1786@college.com,password123,student,ECE,true,true
Mohammed Tiwari,student1787@college.com,password123,student,IT,true,true
Nikhil Das,student1788@college.com,password123,student,MATH,true,true
Zoya Mehta,student1789@college.com,password123,student,MECH,true,true
Vikram Iyer,student1790@college.com,password123,student,PHY,true,true
Reyansh Joshi,student1791@college.com,password123,student,MBA,true,true
Neha Pinto,student1792@college.com,password123,student,CHEM,true,true
Vikram Rao,student1793@college.com,password123,student,CIVIL,true,true
Arjun Gupta,student1794@college.com,password123,student,CSE,true,true
Vikram Chopra,student1795@college.com,password123,student,EEE,true,true
Zara Tiwari,student1796@college.com,password123,student,ECE,true,true
Pooja Rodrigues,student1797@college.com,password123,student,IT,true,true
Pooja Bansal,student1798@college.com,password123,student,MATH,true,true
Saanvi Jacob,student1799@college.com,password123,student,MECH,true,true
Krishna Bansal,student1800@college.com,password123,student,PHY,true,true
Emma Ahmed,student1801@college.com,password123,student,MBA,true,true
Isha Dubey,student1802@college.com,password123,student,CHEM,true,true
Aryan Rao,student1803@college.com,password123,student,CIVIL,true,true
Olivia Desai,student1804@college.com,password123,student,CSE,true,true
Vivaan Das,student1805@college.com,password123,student,EEE,true,true
Karan Tiwari,student1806@college.com,password123,student,ECE,true,true
Krishna Mukherjee,student1807@college.com,password123,student,IT,true,true
Fatima Verma,student1808@college.com,password123,student,MATH,true,true
Kiran Ali,student1809@college.com,password123,student,MECH,true,true
Rohan Nair,student1810@college.com,password123,student,PHY,true,true
Kavya Pandey,student1811@college.com,password123,student,MBA,true,true
Farhan Gupta,student1812@college.com,password123,student,CHEM,true,true
Meera Thomas,student1813@college.com,password123,student,CIVIL,true,true
Rahul Yadav,student1814@college.com,password123,student,CSE,true,true
Sneha Costa,student1815@college.com,password123,student,EEE,true,true
Vihaan Rodrigues,student1816@college.com,password123,student,ECE,true,true
Vihaan Mathew,student1817@college.com,password123,student,IT,true,true
Reyansh George,student1818@college.com,password123,student,MATH,true,true
James Verma,student1819@college.com,password123,student,MECH,true,true
Vihaan Varghese,student1820@college.com,password123,student,PHY,true,true
Ayaan Pillai,student1821@college.com,password123,student,MBA,true,true
Tara Joshi,student1822@college.com,password123,student,CHEM,true,true
Ayaan D'Souza,student1823@college.com,password123,student,CIVIL,true,true
Rahul Khan,student1824@college.com,password123,student,CSE,true,true
Zoya Menon,student1825@college.com,password123,student,EEE,true,true
Dhruv Varghese,student1826@college.com,password123,student,ECE,true,true
Sameer Thomas,student1827@college.com,password123,student,IT,true,true
Aarav Khanna,student1828@college.com,password123,student,MATH,true,true
Riya Mathew,student1829@college.com,password123,student,MECH,true,true
Reyansh Mathew,student1830@college.com,password123,student,PHY,true,true
Pooja Malhotra,student1831@college.com,password123,student,MBA,true,true
Radha Rodrigues,student1832@college.com,password123,student,CHEM,true,true
Zoya Iyer,student1833@college.com,password123,student,CIVIL,true,true
Riya Reddy,student1834@college.com,password123,student,CSE,true,true
Neha Tiwari,student1835@college.com,password123,student,EEE,true,true
Radha Nair,student1836@college.com,password123,student,ECE,true,true
Suresh Nair,student1837@college.com,password123,student,IT,true,true
David Reddy,student1838@college.com,password123,student,MATH,true,true
Divya Banerjee,student1839@college.com,password123,student,MECH,true,true
Lakshmi Banerjee,student1840@college.com,password123,student,PHY,true,true
Yusuf Kapoor,student1841@college.com,password123,student,MBA,true,true
James Hussain,student1842@college.com,password123,student,CHEM,true,true
Aryan Mehta,student1843@college.com,password123,student,CIVIL,true,true
Ayesha Pillai,student1844@college.com,password123,student,CSE,true,true
Suresh Rao,student1845@college.com,password123,student,EEE,true,true
Aditya D'Souza,student1846@college.com,password123,student,ECE,true,true
Divya Mukherjee,student1847@college.com,password123,student,IT,true,true
Zoya Khan,student1848@college.com,password123,student,MATH,true,true
Diya Bose,student1849@college.com,password123,student,MECH,true,true
Aarav Sharma,student1850@college.com,password123,student,PHY,true,true
Imran Patel,student1851@college.com,password123,student,MBA,true,true
Olivia Nair,student1852@college.com,password123,student,CHEM,true,true
James Fernandes,student1853@college.com,password123,student,CIVIL,true,true
Imran Ahmed,student1854@college.com,password123,student,CSE,true,true
Ishaan Patel,student1855@college.com,password123,student,EEE,true,true
Yusuf Ali,student1856@college.com,password123,student,ECE,true,true
Arjun Tiwari,student1857@college.com,password123,student,IT,true,true
Fatima Reddy,student1858@college.com,password123,student,MATH,true,true
Emma Kapoor,student1859@college.com,password123,student,MECH,true,true
Farhan Das,student1860@college.com,password123,student,PHY,true,true
Zara Chopra,student1861@college.com,password123,student,MBA,true,true
Rahul Chauhan,student1862@college.com,password123,student,CHEM,true,true
Vihaan Reddy,student1863@college.com,password123,student,CIVIL,true,true
Michael Chatterjee,student1864@college.com,password123,student,CSE,true,true
Emily Gupta,student1865@college.com,password123,student,EEE,true,true
Robert Chopra,student1866@college.com,password123,student,ECE,true,true
Kavya Jacob,student1867@college.com,password123,student,IT,true,true
Ananya Naidu,student1868@college.com,password123,student,MATH,true,true
Sara Nair,student1869@college.com,password123,student,MECH,true,true
Reyansh Dubey,student1870@college.com,password123,student,PHY,true,true
Sarah Gupta,student1871@college.com,password123,student,MBA,true,true
Aarav Iyer,student1872@college.com,password123,student,CHEM,true,true
Imran George,student1873@college.com,password123,student,CIVIL,true,true
Rohan Bansal,student1874@college.com,password123,student,CSE,true,true
Isha Rathore,student1875@college.com,password123,student,EEE,true,true
Radha Malhotra,student1876@college.com,password123,student,ECE,true,true
Sarah Tiwari,student1877@college.com,password123,student,IT,true,true
Sai Shah,student1878@college.com,password123,student,MATH,true,true
Michael Bansal,student1879@college.com,password123,student,MECH,true,true
Kabir Nair,student1880@college.com,password123,student,PHY,true,true
Priya Desai,student1881@college.com,password123,student,MBA,true,true
Zara Malhotra,student1882@college.com,password123,student,CHEM,true,true
James Joshi,student1883@college.com,password123,student,CIVIL,true,true
Zoya Khan,student1884@college.com,password123,student,CSE,true,true
John Pillai,student1885@college.com,password123,student,EEE,true,true
Farhan Rao,student1886@college.com,password123,student,ECE,true,true
Ayaan Iyer,student1887@college.com,password123,student,IT,true,true
Zoya Tiwari,student1888@college.com,password123,student,MATH,true,true
Vihaan Rao,student1889@college.com,password123,student,MECH,true,true
Reyansh Pillai,student1890@college.com,password123,student,PHY,true,true
Olivia Pinto,student1891@college.com,password123,student,MBA,true,true
Anjali Fernandes,student1892@college.com,password123,student,CHEM,true,true
Sameer Rathore,student1893@college.com,password123,student,CIVIL,true,true
Kabir Costa,student1894@college.com,password123,student,CSE,true,true
Meera Yadav,student1895@college.com,password123,student,EEE,true,true
Isha Costa,student1896@college.com,password123,student,ECE,true,true
Vivaan Jacob,student1897@college.com,password123,student,IT,true,true
Sarah Tiwari,student1898@college.com,password123,student,MATH,true,true
Emma Iyer,student1899@college.com,password123,student,MECH,true,true
Anjali Ahmed,student1900@college.com,password123,student,PHY,true,true
Ayaan Pillai,student1901@college.com,password123,student,MBA,true,true
Tara Gupta,student1902@college.com,password123,student,CHEM,true,true
Arjun Kapoor,student1903@college.com,password123,student,CIVIL,true,true
Farhan Agarwal,student1904@college.com,password123,student,CSE,true,true
Aarav Pandey,student1905@college.com,password123,student,EEE,true,true
Emily Jacob,student1906@college.com,password123,student,ECE,true,true
Pooja Yadav,student1907@college.com,password123,student,IT,true,true
Sara Fernandes,student1908@college.com,password123,student,MATH,true,true
Fatima Fernandes,student1909@college.com,password123,student,MECH,true,true
Karan Mathew,student1910@college.com,password123,student,PHY,true,true
Emily Bansal,student1911@college.com,password123,student,MBA,true,true
Pooja Hussain,student1912@college.com,password123,student,CHEM,true,true
Zoya Varghese,student1913@college.com,password123,student,CIVIL,true,true
Radha Reddy,student1914@college.com,password123,student,CSE,true,true
Saanvi Mathew,student1915@college.com,password123,student,EEE,true,true
Fatima Bose,student1916@college.com,password123,student,ECE,true,true
Anjali Mehta,student1917@college.com,password123,student,IT,true,true
Imran Jacob,student1918@college.com,password123,student,MATH,true,true
Farhan Joshi,student1919@college.com,password123,student,MECH,true,true
Ishaan D'Souza,student1920@college.com,password123,student,PHY,true,true
Emma Costa,student1921@college.com,password123,student,MBA,true,true
Vihaan Sharma,student1922@college.com,password123,student,CHEM,true,true
Farhan Rao,student1923@college.com,password123,student,CIVIL,true,true
Neha Khan,student1924@college.com,password123,student,CSE,true,true
Robert Ahmed,student1925@college.com,password123,student,EEE,true,true
Emily Rao,student1926@college.com,password123,student,ECE,true,true
Arjun Dubey,student1927@college.com,password123,student,IT,true,true
Divya Agarwal,student1928@college.com,password123,student,MATH,true,true
Nikhil Bansal,student1929@college.com,password123,student,MECH,true,true
Amit Singh,student1930@college.com,password123,student,PHY,true,true
Neha Das,student1931@college.com,password123,student,MBA,true,true
Swati George,student1932@college.com,password123,student,CHEM,true,true
Meera Desai,student1933@college.com,password123,student,CIVIL,true,true
Michael Bose,student1934@college.com,password123,student,CSE,true,true
Sai Chauhan,student1935@college.com,password123,student,EEE,true,true
Tara Fernandes,student1936@college.com,password123,student,ECE,true,true
Tara Patel,student1937@college.com,password123,student,IT,true,true
Robert Ahmed,student1938@college.com,password123,student,MATH,true,true
Tara Agarwal,student1939@college.com,password123,student,MECH,true,true
Ayaan Ahmed,student1940@college.com,password123,student,PHY,true,true
Sara George,student1941@college.com,password123,student,MBA,true,true
Vivaan Reddy,student1942@college.com,password123,student,CHEM,true,true
Priya Pillai,student1943@college.com,password123,student,CIVIL,true,true
Aditya D'Souza,student1944@college.com,password123,student,CSE,true,true
Swati Sharma,student1945@college.com,password123,student,EEE,true,true
Michael Patel,student1946@college.com,password123,student,ECE,true,true
David Rodrigues,student1947@college.com,password123,student,IT,true,true
Radha Thomas,student1948@college.com,password123,student,MATH,true,true
Vikram Ali,student1949@college.com,password123,student,MECH,true,true
Swati Mukherjee,student1950@college.com,password123,student,PHY,true,true
Farhan Mathew,student1951@college.com,password123,student,MBA,true,true
Zara Bansal,student1952@college.com,password123,student,CHEM,true,true
Kavya Singh,student1953@college.com,password123,student,CIVIL,true,true
Michael Das,student1954@college.com,password123,student,CSE,true,true
Robert Chauhan,student1955@college.com,password123,student,EEE,true,true
Diya D'Souza,student1956@college.com,password123,student,ECE,true,true
Yusuf Costa,student1957@college.com,password123,student,IT,true,true
Lakshmi Khan,student1958@college.com,password123,student,MATH,true,true
Ayesha Mathew,student1959@college.com,password123,student,MECH,true,true
Kavya Pandey,student1960@college.com,password123,student,PHY,true,true
Tara Nair,student1961@college.com,password123,student,MBA,true,true
Reyansh Dubey,student1962@college.com,password123,student,CHEM,true,true
Imran Das,student1963@college.com,password123,student,CIVIL,true,true
Aarav Bansal,student1964@college.com,password123,student,CSE,true,true
Isha Thomas,student1965@college.com,password123,student,EEE,true,true
John Chopra,student1966@college.com,password123,student,ECE,true,true
Swati Hussain,student1967@college.com,password123,student,IT,true,true
Kavya Varghese,student1968@college.com,password123,student,MATH,true,true
Reyansh Gupta,student1969@college.com,password123,student,MECH,true,true
Emma Rao,student1970@college.com,password123,student,PHY,true,true
Divya Iyer,student1971@college.com,password123,student,MBA,true,true
Michael Pandey,student1972@college.com,password123,student,CHEM,true,true
Sara Tiwari,student1973@college.com,password123,student,CIVIL,true,true
Riya Reddy,student1974@college.com,password123,student,CSE,true,true
Rahul Costa,student1975@college.com,password123,student,EEE,true,true
Aryan Banerjee,student1976@college.com,password123,student,ECE,true,true
Ayaan Desai,student1977@college.com,password123,student,IT,true,true
Dhruv Chauhan,student1978@college.com,password123,student,MATH,true,true
Michael Banerjee,student1979@college.com,password123,student,MECH,true,true
Ayesha Bansal,student1980@college.com,password123,student,PHY,true,true
Reyansh Dubey,student1981@college.com,password123,student,MBA,true,true
Riya Gupta,student1982@college.com,password123,student,CHEM,true,true
Grace Thomas,student1983@college.com,password123,student,CIVIL,true,true
James Jacob,student1984@college.com,password123,student,CSE,true,true
Kiran Nair,student1985@college.com,password123,student,EEE,true,true
Yusuf Rathore,student1986@college.com,password123,student,ECE,true,true
Zara Mathew,student1987@college.com,password123,student,IT,true,true
Kiran Ali,student1988@college.com,password123,student,MATH,true,true
Krishna Ahmed,student1989@college.com,password123,student,MECH,true,true
Aarav Hussain,student1990@college.com,password123,student,PHY,true,true
Sara Singh,student1991@college.com,password123,student,MBA,true,true
Swati Naidu,student1992@college.com,password123,student,CHEM,true,true
James Pinto,student1993@college.com,password123,student,CIVIL,true,true
Anjali Ali,student1994@college.com,password123,student,CSE,true,true
Yusuf Chatterjee,student1995@college.com,password123,student,EEE,true,true
Zoya Pinto,student1996@college.com,password123,student,ECE,true,true
Kabir Tiwari,student1997@college.com,password123,student,IT,true,true
Michael Iyer,student1998@college.com,password123,student,MATH,true,true
Reyansh Joshi,student1999@college.com,password123,student,MECH,true,true
Imran Rodrigues,student2000@college.com,password123,student,PHY,true,true
Lakshmi Agarwal,student2001@college.com,password123,student,MBA,true,true
Neha Joshi,student2002@college.com,password123,student,CHEM,true,true
Riya Rodrigues,student2003@college.com,password123,student,CIVIL,true,true
Olivia Varghese,student2004@college.com,password123,student,CSE,true,true
Aliya Bose,student2005@college.com,password123,student,EEE,true,true
Amit Desai,student2006@college.com,password123,student,ECE,true,true
Diya Chopra,student2007@college.com,password123,student,IT,true,true
Tara Iyer,student2008@college.com,password123,student,MATH,true,true
Krishna Pillai,student2009@college.com,password123,student,MECH,true,true
Lakshmi Varghese,student2010@college.com,password123,student,PHY,true,true
Sarah Mishra,student2011@college.com,password123,student,MBA,true,true
Neha Khanna,student2012@college.com,password123,student,CHEM,true,true
James Varghese,student2013@college.com,password123,student,CIVIL,true,true
Swati Agarwal,student2014@college.com,password123,student,CSE,true,true
Ayesha Mishra,student2015@college.com,password123,student,EEE,true,true
Grace D'Souza,student2016@college.com,password123,student,ECE,true,true
Mohammed Mukherjee,student2017@college.com,password123,student,IT,true,true
Aryan Mukherjee,student2018@college.com,password123,student,MATH,true,true
Radha Pandey,student2019@college.com,password123,student,MECH,true,true
Suresh Jacob,student2020@college.com,password123,student,PHY,true,true
Isha Jacob,student2021@college.com,password123,student,MBA,true,true
Krishna Pandey,student2022@college.com,password123,student,CHEM,true,true
Farhan Chatterjee,student2023@college.com,password123,student,CIVIL,true,true
Neha Sheikh,student2024@college.com,password123,student,CSE,true,true
Zoya Thomas,student2025@college.com,password123,student,EEE,true,true
Ananya Pandey,student2026@college.com,password123,student,ECE,true,true
Ayaan Dubey,student2027@college.com,password123,student,IT,true,true
Isha D'Souza,student2028@college.com,password123,student,MATH,true,true
Anjali Pinto,student2029@college.com,password123,student,MECH,true,true
Anita Mathew,student2030@college.com,password123,student,PHY,true,true
Ayesha Pillai,student2031@college.com,password123,student,MBA,true,true
Sameer Mishra,student2032@college.com,password123,student,CHEM,true,true
Emma Sheikh,student2033@college.com,password123,student,CIVIL,true,true
Suresh Naidu,student2034@college.com,password123,student,CSE,true,true
John Sharma,student2035@college.com,password123,student,EEE,true,true
Pooja Reddy,student2036@college.com,password123,student,ECE,true,true
Vivaan Joshi,student2037@college.com,password123,student,IT,true,true
Ishaan Singh,student2038@college.com,password123,student,MATH,true,true
Imran Singh,student2039@college.com,password123,student,MECH,true,true
Aryan Malhotra,student2040@college.com,password123,student,PHY,true,true
Aliya Rao,student2041@college.com,password123,student,MBA,true,true
Suresh Jacob,student2042@college.com,password123,student,CHEM,true,true
Rahul Menon,student2043@college.com,password123,student,CIVIL,true,true
James Singh,student2044@college.com,password123,student,CSE,true,true
Zoya Chopra,student2045@college.com,password123,student,EEE,true,true
Dhruv Dubey,student2046@college.com,password123,student,ECE,true,true
Sneha Gupta,student2047@college.com,password123,student,IT,true,true
Isha Rathore,student2048@college.com,password123,student,MATH,true,true
Reyansh Costa,student2049@college.com,password123,student,MECH,true,true
Emily Jacob,student2050@college.com,password123,student,PHY,true,true
Sara D'Souza,student2051@college.com,password123,student,MBA,true,true
Emily Das,student2052@college.com,password123,student,CHEM,true,true
Sara George,student2053@college.com,password123,student,CIVIL,true,true
Swati Joshi,student2054@college.com,password123,student,CSE,true,true
Nikhil Ali,student2055@college.com,password123,student,EEE,true,true
David Varghese,student2056@college.com,password123,student,ECE,true,true
Suresh Varghese,student2057@college.com,password123,student,IT,true,true
Imran Singh,student2058@college.com,password123,student,MATH,true,true
Grace Joshi,student2059@college.com,password123,student,MECH,true,true
Meera Pillai,student2060@college.com,password123,student,PHY,true,true
David Jacob,student2061@college.com,password123,student,MBA,true,true
Ananya D'Souza,student2062@college.com,password123,student,CHEM,true,true
Vihaan Sharma,student2063@college.com,password123,student,CIVIL,true,true
Sara Kapoor,student2064@college.com,password123,student,CSE,true,true
Aryan Costa,student2065@college.com,password123,student,EEE,true,true
Emily Yadav,student2066@college.com,password123,student,ECE,true,true
Emily Rathore,student2067@college.com,password123,student,IT,true,true
James Das,student2068@college.com,password123,student,MATH,true,true
Olivia Thomas,student2069@college.com,password123,student,MECH,true,true
Ayesha Pandey,student2070@college.com,password123,student,PHY,true,true
Farhan Shah,student2071@college.com,password123,student,MBA,true,true
Aliya Pinto,student2072@college.com,password123,student,CHEM,true,true
Sneha Mishra,student2073@college.com,password123,student,CIVIL,true,true
Lakshmi Banerjee,student2074@college.com,password123,student,CSE,true,true
Yusuf Tiwari,student2075@college.com,password123,student,EEE,true,true
Aryan Chopra,student2076@college.com,password123,student,ECE,true,true
Tara Chatterjee,student2077@college.com,password123,student,IT,true,true
Sameer Kumar,student2078@college.com,password123,student,MATH,true,true
Kabir Chatterjee,student2079@college.com,password123,student,MECH,true,true
Sara Ali,student2080@college.com,password123,student,PHY,true,true
Ayaan Joshi,student2081@college.com,password123,student,MBA,true,true
Aditya Naidu,student2082@college.com,password123,student,CHEM,true,true
Amit D'Souza,student2083@college.com,password123,student,CIVIL,true,true
Rahul Iyer,student2084@college.com,password123,student,CSE,true,true
Rohan Pinto,student2085@college.com,password123,student,EEE,true,true
Robert Kapoor,student2086@college.com,password123,student,ECE,true,true
Aarav Bansal,student2087@college.com,password123,student,IT,true,true
Zara Pandey,student2088@college.com,password123,student,MATH,true,true
Grace Menon,student2089@college.com,password123,student,MECH,true,true
Aditya Menon,student2090@college.com,password123,student,PHY,true,true
Grace Agarwal,student2091@college.com,password123,student,MBA,true,true
Lakshmi Singh,student2092@college.com,password123,student,CHEM,true,true
Yusuf Thomas,student2093@college.com,password123,student,CIVIL,true,true
Radha Mathew,student2094@college.com,password123,student,CSE,true,true
Vikram Ahmed,student2095@college.com,password123,student,EEE,true,true
David Fernandes,student2096@college.com,password123,student,ECE,true,true
Swati Mehta,student2097@college.com,password123,student,IT,true,true
Arjun Pandey,student2098@college.com,password123,student,MATH,true,true
Ananya Hussain,student2099@college.com,password123,student,MECH,true,true
Karan Chatterjee,student2100@college.com,password123,student,PHY,true,true
Pooja Kumar,student2101@college.com,password123,student,MBA,true,true
David Ali,student2102@college.com,password123,student,CHEM,true,true
Rohan Pillai,student2103@college.com,password123,student,CIVIL,true,true
Sneha Sheikh,student2104@college.com,password123,student,CSE,true,true
Priya Patel,student2105@college.com,password123,student,EEE,true,true
Isha Das,student2106@college.com,password123,student,ECE,true,true
Sarah Mukherjee,student2107@college.com,password123,student,IT,true,true
Imran Bansal,student2108@college.com,password123,student,MATH,true,true
Diya Shah,student2109@college.com,password123,student,MECH,true,true
Suresh Mukherjee,student2110@college.com,password123,student,PHY,true,true
Aliya Costa,student2111@college.com,password123,student,MBA,true,true
Pooja Khan,student2112@college.com,password123,student,CHEM,true,true
Swati Dubey,student2113@college.com,password123,student,CIVIL,true,true
Farhan Sharma,student2114@college.com,password123,student,CSE,true,true
Ayaan Mathew,student2115@college.com,password123,student,EEE,true,true
Isha Rathore,student2116@college.com,password123,student,ECE,true,true
Nikhil George,student2117@college.com,password123,student,IT,true,true
Radha Costa,student2118@college.com,password123,student,MATH,true,true
Nikhil Gupta,student2119@college.com,password123,student,MECH,true,true
Sameer Agarwal,student2120@college.com,password123,student,PHY,true,true
Meera Nair,student2121@college.com,password123,student,MBA,true,true
Meera Kapoor,student2122@college.com,password123,student,CHEM,true,true
Sneha Tiwari,student2123@college.com,password123,student,CIVIL,true,true
Suresh Verma,student2124@college.com,password123,student,CSE,true,true
Olivia Hussain,student2125@college.com,password123,student,EEE,true,true
Michael Yadav,student2126@college.com,password123,student,ECE,true,true
Kavya Ali,student2127@college.com,password123,student,IT,true,true
John Ali,student2128@college.com,password123,student,MATH,true,true
Tara Ahmed,student2129@college.com,password123,student,MECH,true,true
Aditya Chopra,student2130@college.com,password123,student,PHY,true,true
Emma George,student2131@college.com,password123,student,MBA,true,true
Aryan Agarwal,student2132@college.com,password123,student,CHEM,true,true
Neha Patel,student2133@college.com,password123,student,CIVIL,true,true
Reyansh Rao,student2134@college.com,password123,student,CSE,true,true
Yusuf Sheikh,student2135@college.com,password123,student,EEE,true,true
Sneha Sharma,student2136@college.com,password123,student,ECE,true,true
Mohammed Kumar,student2137@college.com,password123,student,IT,true,true
Dhruv Mathew,student2138@college.com,password123,student,MATH,true,true
Mohammed Yadav,student2139@college.com,password123,student,MECH,true,true
Dhruv Jacob,student2140@college.com,password123,student,PHY,true,true
Saanvi Reddy,student2141@college.com,password123,student,MBA,true,true
Dhruv Sheikh,student2142@college.com,password123,student,CHEM,true,true
James Varghese,student2143@college.com,password123,student,CIVIL,true,true
Sarah Mishra,student2144@college.com,password123,student,CSE,true,true
Yusuf Naidu,student2145@college.com,password123,student,EEE,true,true
Farhan Kumar,student2146@college.com,password123,student,ECE,true,true
Sara Jacob,student2147@college.com,password123,student,IT,true,true
Ishaan Verma,student2148@college.com,password123,student,MATH,true,true
Zara Pandey,student2149@college.com,password123,student,MECH,true,true
Diya Gupta,student2150@college.com,password123,student,PHY,true,true
Sai Kumar,student2151@college.com,password123,student,MBA,true,true
Vihaan Chatterjee,student2152@college.com,password123,student,CHEM,true,true
David Kapoor,student2153@college.com,password123,student,CIVIL,true,true
Swati Kumar,student2154@college.com,password123,student,CSE,true,true
Anita Das,student2155@college.com,password123,student,EEE,true,true
Olivia Kapoor,student2156@college.com,password123,student,ECE,true,true
Riya Joshi,student2157@college.com,password123,student,IT,true,true
Tara Thomas,student2158@college.com,password123,student,MATH,true,true
Priya Naidu,student2159@college.com,password123,student,MECH,true,true
Ananya Verma,student2160@college.com,password123,student,PHY,true,true
Meera Jacob,student2161@college.com,password123,student,MBA,true,true
Ayaan Sheikh,student2162@college.com,password123,student,CHEM,true,true
Aarav George,student2163@college.com,password123,student,CIVIL,true,true
Fatima Costa,student2164@college.com,password123,student,CSE,true,true
Arjun Dubey,student2165@college.com,password123,student,EEE,true,true
Sara Pinto,student2166@college.com,password123,student,ECE,true,true
Aditya Varghese,student2167@college.com,password123,student,IT,true,true
Robert Kumar,student2168@college.com,password123,student,MATH,true,true
Isha Ali,student2169@college.com,password123,student,MECH,true,true
Reyansh Chopra,student2170@college.com,password123,student,PHY,true,true
David Jacob,student2171@college.com,password123,student,MBA,true,true
Vikram Rodrigues,student2172@college.com,password123,student,CHEM,true,true
Sai Chopra,student2173@college.com,password123,student,CIVIL,true,true
Aliya Rathore,student2174@college.com,password123,student,CSE,true,true
Meera Desai,student2175@college.com,password123,student,EEE,true,true
Michael Mathew,student2176@college.com,password123,student,ECE,true,true
Vivaan Khan,student2177@college.com,password123,student,IT,true,true
Rohan Sheikh,student2178@college.com,password123,student,MATH,true,true
Karan Iyer,student2179@college.com,password123,student,MECH,true,true
Sara Desai,student2180@college.com,password123,student,PHY,true,true
David Sheikh,student2181@college.com,password123,student,MBA,true,true
Suresh Thomas,student2182@college.com,password123,student,CHEM,true,true
Ishaan Khanna,student2183@college.com,password123,student,CIVIL,true,true
Sameer Tiwari,student2184@college.com,password123,student,CSE,true,true
Farhan Shah,student2185@college.com,password123,student,EEE,true,true
Aarav D'Souza,student2186@college.com,password123,student,ECE,true,true
Emily D'Souza,student2187@college.com,password123,student,IT,true,true
Ishaan Nair,student2188@college.com,password123,student,MATH,true,true
Aditya Sharma,student2189@college.com,password123,student,MECH,true,true
Anita Rodrigues,student2190@college.com,password123,student,PHY,true,true
Priya Sheikh,student2191@college.com,password123,student,MBA,true,true
Swati Patel,student2192@college.com,password123,student,CHEM,true,true
Vikram Mukherjee,student2193@college.com,password123,student,CIVIL,true,true
Sara Mishra,student2194@college.com,password123,student,CSE,true,true
Emma Tiwari,student2195@college.com,password123,student,EEE,true,true
Isha Mukherjee,student2196@college.com,password123,student,ECE,true,true
Riya George,student2197@college.com,password123,student,IT,true,true
Robert Ali,student2198@college.com,password123,student,MATH,true,true
Ishaan Rao,student2199@college.com,password123,student,MECH,true,true
Kabir Das,student2200@college.com,password123,student,PHY,true,true
Radha Kapoor,student2201@college.com,password123,student,MBA,true,true
Aryan Nair,student2202@college.com,password123,student,CHEM,true,true
Kabir Mathew,student2203@college.com,password123,student,CIVIL,true,true
John Fernandes,student2204@college.com,password123,student,CSE,true,true
Robert Singh,student2205@college.com,password123,student,EEE,true,true
Robert Dubey,student2206@college.com,password123,student,ECE,true,true
Grace D'Souza,student2207@college.com,password123,student,IT,true,true
Zara George,student2208@college.com,password123,student,MATH,true,true
Swati Kumar,student2209@college.com,password123,student,MECH,true,true
Suresh Mathew,student2210@college.com,password123,student,PHY,true,true
Arjun Kapoor,student2211@college.com,password123,student,MBA,true,true
Reyansh Banerjee,student2212@college.com,password123,student,CHEM,true,true
Fatima Pinto,student2213@college.com,password123,student,CIVIL,true,true
Divya Bansal,student2214@college.com,password123,student,CSE,true,true
Isha Iyer,student2215@college.com,password123,student,EEE,true,true
Imran George,student2216@college.com,password123,student,ECE,true,true
Nikhil Reddy,student2217@college.com,password123,student,IT,true,true
Suresh Costa,student2218@college.com,password123,student,MATH,true,true
Arjun Banerjee,student2219@college.com,password123,student,MECH,true,true
Ananya Ahmed,student2220@college.com,password123,student,PHY,true,true
Tara Bansal,student2221@college.com,password123,student,MBA,true,true
Radha Mathew,student2222@college.com,password123,student,CHEM,true,true
Vikram Varghese,student2223@college.com,password123,student,CIVIL,true,true
Kiran Menon,student2224@college.com,password123,student,CSE,true,true
Anita Fernandes,student2225@college.com,password123,student,EEE,true,true
Kavya Agarwal,student2226@college.com,password123,student,ECE,true,true
Saanvi Rao,student2227@college.com,password123,student,IT,true,true
Aarav Agarwal,student2228@college.com,password123,student,MATH,true,true
Nikhil Das,student2229@college.com,password123,student,MECH,true,true
Ayesha Mishra,student2230@college.com,password123,student,PHY,true,true
Farhan Naidu,student2231@college.com,password123,student,MBA,true,true
Amit Shah,student2232@college.com,password123,student,CHEM,true,true
Krishna Jacob,student2233@college.com,password123,student,CIVIL,true,true
Fatima Bansal,student2234@college.com,password123,student,CSE,true,true
Sarah Khan,student2235@college.com,password123,student,EEE,true,true
Zara Rathore,student2236@college.com,password123,student,ECE,true,true
Isha Yadav,student2237@college.com,password123,student,IT,true,true
Vikram Ahmed,student2238@college.com,password123,student,MATH,true,true
Swati Reddy,student2239@college.com,password123,student,MECH,true,true
Kabir George,student2240@college.com,password123,student,PHY,true,true
Lakshmi Patel,student2241@college.com,password123,student,MBA,true,true
James Malhotra,student2242@college.com,password123,student,CHEM,true,true
Robert Iyer,student2243@college.com,password123,student,CIVIL,true,true
Emma Sheikh,student2244@college.com,password123,student,CSE,true,true
Aryan Kapoor,student2245@college.com,password123,student,EEE,true,true
Fatima Thomas,student2246@college.com,password123,student,ECE,true,true
Arjun Tiwari,student2247@college.com,password123,student,IT,true,true
Arjun Verma,student2248@college.com,password123,student,MATH,true,true
Robert Ali,student2249@college.com,password123,student,MECH,true,true
Mohammed Verma,student2250@college.com,password123,student,PHY,true,true
Michael Pinto,student2251@college.com,password123,student,MBA,true,true
Kiran Desai,student2252@college.com,password123,student,CHEM,true,true
Yusuf Pinto,student2253@college.com,password123,student,CIVIL,true,true
Dhruv Gupta,student2254@college.com,password123,student,CSE,true,true
Swati Kapoor,student2255@college.com,password123,student,EEE,true,true
Sneha Sheikh,student2256@college.com,password123,student,ECE,true,true
Anjali George,student2257@college.com,password123,student,IT,true,true
Yusuf Menon,student2258@college.com,password123,student,MATH,true,true
Kavya Desai,student2259@college.com,password123,student,MECH,true,true
Karan Yadav,student2260@college.com,password123,student,PHY,true,true
Kiran Tiwari,student2261@college.com,password123,student,MBA,true,true
Robert Chopra,student2262@college.com,password123,student,CHEM,true,true
Krishna Chauhan,student2263@college.com,password123,student,CIVIL,true,true
Neha Ali,student2264@college.com,password123,student,CSE,true,true
Sai Desai,student2265@college.com,password123,student,EEE,true,true
Kavya Ali,student2266@college.com,password123,student,ECE,true,true
Aarav Mathew,student2267@college.com,password123,student,IT,true,true
Nikhil Costa,student2268@college.com,password123,student,MATH,true,true
Sameer Rao,student2269@college.com,password123,student,MECH,true,true
Aliya Ali,student2270@college.com,password123,student,PHY,true,true
Krishna Rathore,student2271@college.com,password123,student,MBA,true,true
Rohan Chatterjee,student2272@college.com,password123,student,CHEM,true,true
Anita Fernandes,student2273@college.com,password123,student,CIVIL,true,true
Imran Menon,student2274@college.com,password123,student,CSE,true,true
Sara Tiwari,student2275@college.com,password123,student,EEE,true,true
Anjali Mehta,student2276@college.com,password123,student,ECE,true,true
Aditya Das,student2277@college.com,password123,student,IT,true,true
Aliya Ahmed,student2278@college.com,password123,student,MATH,true,true
Karan Kumar,student2279@college.com,password123,student,MECH,true,true
Rahul Shah,student2280@college.com,password123,student,PHY,true,true
Karan Gupta,student2281@college.com,password123,student,MBA,true,true
Imran Mukherjee,student2282@college.com,password123,student,CHEM,true,true
Pooja Shah,student2283@college.com,password123,student,CIVIL,true,true
Meera Khan,student2284@college.com,password123,student,CSE,true,true
Olivia Chauhan,student2285@college.com,password123,student,EEE,true,true
Sarah Gupta,student2286@college.com,password123,student,ECE,true,true
Aditya George,student2287@college.com,password123,student,IT,true,true
Ananya Reddy,student2288@college.com,password123,student,MATH,true,true
Ayesha Hussain,student2289@college.com,password123,student,MECH,true,true
Mohammed Malhotra,student2290@college.com,password123,student,PHY,true,true
James Mishra,student2291@college.com,password123,student,MBA,true,true
Rahul Pinto,student2292@college.com,password123,student,CHEM,true,true
Sneha Fernandes,student2293@college.com,password123,student,CIVIL,true,true
Kabir Joshi,student2294@college.com,password123,student,CSE,true,true
Farhan Joshi,student2295@college.com,password123,student,EEE,true,true
Kavya Pinto,student2296@college.com,password123,student,ECE,true,true
Farhan Kumar,student2297@college.com,password123,student,IT,true,true
Pooja Kapoor,student2298@college.com,password123,student,MATH,true,true
Meera Das,student2299@college.com,password123,student,MECH,true,true
Pooja Desai,student2300@college.com,password123,student,PHY,true,true
Isha Mehta,student2301@college.com,password123,student,MBA,true,true
Divya Khan,student2302@college.com,password123,student,CHEM,true,true
Sarah Rodrigues,student2303@college.com,password123,student,CIVIL,true,true
Aarav Ali,student2304@college.com,password123,student,CSE,true,true
Sarah Iyer,student2305@college.com,password123,student,EEE,true,true
Tara Rao,student2306@college.com,password123,student,ECE,true,true
Karan Kumar,student2307@college.com,password123,student,IT,true,true
Neha George,student2308@college.com,password123,student,MATH,true,true
Amit Mukherjee,student2309@college.com,password123,student,MECH,true,true
Ishaan Chatterjee,student2310@college.com,password123,student,PHY,true,true
Rohan Shah,student2311@college.com,password123,student,MBA,true,true
Lakshmi Pandey,student2312@college.com,password123,student,CHEM,true,true
Michael Nair,student2313@college.com,password123,student,CIVIL,true,true
Imran Das,student2314@college.com,password123,student,CSE,true,true
Riya Bansal,student2315@college.com,password123,student,EEE,true,true
Fatima Nair,student2316@college.com,password123,student,ECE,true,true
Anjali Jacob,student2317@college.com,password123,student,IT,true,true
Anjali Khan,student2318@college.com,password123,student,MATH,true,true
Dhruv Pinto,student2319@college.com,password123,student,MECH,true,true
Rohan George,student2320@college.com,password123,student,PHY,true,true
James Pillai,student2321@college.com,password123,student,MBA,true,true
Vivaan Bose,student2322@college.com,password123,student,CHEM,true,true
Aditya Iyer,student2323@college.com,password123,student,CIVIL,true,true
Anita Pinto,student2324@college.com,password123,student,CSE,true,true
Rohan Iyer,student2325@college.com,password123,student,EEE,true,true
Mohammed Ali,student2326@college.com,password123,student,ECE,true,true
Aditya Fernandes,student2327@college.com,password123,student,IT,true,true
Ishaan Singh,student2328@college.com,password123,student,MATH,true,true
Rohan Kapoor,student2329@college.com,password123,student,MECH,true,true
Grace Chatterjee,student2330@college.com,password123,student,PHY,true,true
Pooja Desai,student2331@college.com,password123,student,MBA,true,true
Lakshmi Fernandes,student2332@college.com,password123,student,CHEM,true,true
Mohammed Verma,student2333@college.com,password123,student,CIVIL,true,true
Sarah Tiwari,student2334@college.com,password123,student,CSE,true,true
Fatima Mathew,student2335@college.com,password123,student,EEE,true,true
Michael Chopra,student2336@college.com,password123,student,ECE,true,true
Sai Mukherjee,student2337@college.com,password123,student,IT,true,true
Tara Rodrigues,student2338@college.com,password123,student,MATH,true,true
Anjali Khan,student2339@college.com,password123,student,MECH,true,true
Rohan Das,student2340@college.com,password123,student,PHY,true,true
James Pillai,student2341@college.com,password123,student,MBA,true,true
Lakshmi Menon,student2342@college.com,password123,student,CHEM,true,true
David Pinto,student2343@college.com,password123,student,CIVIL,true,true
Michael Yadav,student2344@college.com,password123,student,CSE,true,true
Kabir Costa,student2345@college.com,password123,student,EEE,true,true
Imran Ali,student2346@college.com,password123,student,ECE,true,true
Rahul Rao,student2347@college.com,password123,student,IT,true,true
Fatima Jacob,student2348@college.com,password123,student,MATH,true,true
Diya Chauhan,student2349@college.com,password123,student,MECH,true,true
Lakshmi Pinto,student2350@college.com,password123,student,PHY,true,true
Arjun Das,student2351@college.com,password123,student,MBA,true,true
Meera Joshi,student2352@college.com,password123,student,CHEM,true,true
Krishna Reddy,student2353@college.com,password123,student,CIVIL,true,true
Vivaan Banerjee,student2354@college.com,password123,student,CSE,true,true
Pooja Ali,student2355@college.com,password123,student,EEE,true,true
Sameer Pillai,student2356@college.com,password123,student,ECE,true,true
Michael Menon,student2357@college.com,password123,student,IT,true,true
Lakshmi Reddy,student2358@college.com,password123,student,MATH,true,true
Kabir Khan,student2359@college.com,password123,student,MECH,true,true
Emma Costa,student2360@college.com,password123,student,PHY,true,true
Lakshmi Gupta,student2361@college.com,password123,student,MBA,true,true
Sarah Sheikh,student2362@college.com,password123,student,CHEM,true,true
Neha Dubey,student2363@college.com,password123,student,CIVIL,true,true
Ayaan Patel,student2364@college.com,password123,student,CSE,true,true
Anjali Mathew,student2365@college.com,password123,student,EEE,true,true
Krishna Rodrigues,student2366@college.com,password123,student,ECE,true,true
Sneha Sharma,student2367@college.com,password123,student,IT,true,true
Emma Yadav,student2368@college.com,password123,student,MATH,true,true
Sameer George,student2369@college.com,password123,student,MECH,true,true
Saanvi Hussain,student2370@college.com,password123,student,PHY,true,true
Riya Shah,student2371@college.com,password123,student,MBA,true,true
Emily Gupta,student2372@college.com,password123,student,CHEM,true,true
Zoya Hussain,student2373@college.com,password123,student,CIVIL,true,true
Saanvi Das,student2374@college.com,password123,student,CSE,true,true
John Khan,student2375@college.com,password123,student,EEE,true,true
David Yadav,student2376@college.com,password123,student,ECE,true,true
Meera Mehta,student2377@college.com,password123,student,IT,true,true
Kiran Mishra,student2378@college.com,password123,student,MATH,true,true
Olivia Dubey,student2379@college.com,password123,student,MECH,true,true
James Varghese,student2380@college.com,password123,student,PHY,true,true
Anita Reddy,student2381@college.com,password123,student,MBA,true,true
Saanvi Iyer,student2382@college.com,password123,student,CHEM,true,true
Rahul Khan,student2383@college.com,password123,student,CIVIL,true,true
Yusuf Das,student2384@college.com,password123,student,CSE,true,true
Olivia Patel,student2385@college.com,password123,student,EEE,true,true
Suresh Rodrigues,student2386@college.com,password123,student,ECE,true,true
Sarah Sheikh,student2387@college.com,password123,student,IT,true,true
Riya Kapoor,student2388@college.com,password123,student,MATH,true,true
Aryan Sharma,student2389@college.com,password123,student,MECH,true,true
Ayesha Mishra,student2390@college.com,password123,student,PHY,true,true
David Sharma,student2391@college.com,password123,student,MBA,true,true
Anita Hussain,student2392@college.com,password123,student,CHEM,true,true
Ayaan Hussain,student2393@college.com,password123,student,CIVIL,true,true
Aarav Joshi,student2394@college.com,password123,student,CSE,true,true
Farhan Mukherjee,student2395@college.com,password123,student,EEE,true,true
Zoya Agarwal,student2396@college.com,password123,student,ECE,true,true
Riya Shah,student2397@college.com,password123,student,IT,true,true
Reyansh Menon,student2398@college.com,password123,student,MATH,true,true
Saanvi George,student2399@college.com,password123,student,MECH,true,true
Kiran Kapoor,student2400@college.com,password123,student,PHY,true,true
Rahul Sheikh,student2401@college.com,password123,student,MBA,true,true
Saanvi Fernandes,student2402@college.com,password123,student,CHEM,true,true
Kavya Costa,student2403@college.com,password123,student,CIVIL,true,true
Amit Jacob,student2404@college.com,password123,student,CSE,true,true
Priya Dubey,student2405@college.com,password123,student,EEE,true,true
Dhruv Pillai,student2406@college.com,password123,student,ECE,true,true
Swati D'Souza,student2407@college.com,password123,student,IT,true,true
Anjali Chatterjee,student2408@college.com,password123,student,MATH,true,true
Kavya D'Souza,student2409@college.com,password123,student,MECH,true,true
Swati Khan,student2410@college.com,password123,student,PHY,true,true
Rahul Khanna,student2411@college.com,password123,student,MBA,true,true
Anita Mehta,student2412@college.com,password123,student,CHEM,true,true
Yusuf Pandey,student2413@college.com,password123,student,CIVIL,true,true
Priya Mishra,student2414@college.com,password123,student,CSE,true,true
Krishna Mathew,student2415@college.com,password123,student,EEE,true,true
Ayaan Mishra,student2416@college.com,password123,student,ECE,true,true
Karan Rathore,student2417@college.com,password123,student,IT,true,true
David Varghese,student2418@college.com,password123,student,MATH,true,true
Rohan Reddy,student2419@college.com,password123,student,MECH,true,true
Dhruv Ali,student2420@college.com,password123,student,PHY,true,true
Priya Bansal,student2421@college.com,password123,student,MBA,true,true
John D'Souza,student2422@college.com,password123,student,CHEM,true,true
Radha Varghese,student2423@college.com,password123,student,CIVIL,true,true
Sameer Pandey,student2424@college.com,password123,student,CSE,true,true
Vihaan Rao,student2425@college.com,password123,student,EEE,true,true
Meera Thomas,student2426@college.com,password123,student,ECE,true,true
Aarav Patel,student2427@college.com,password123,student,IT,true,true
Michael Menon,student2428@college.com,password123,student,MATH,true,true
Anjali Rodrigues,student2429@college.com,password123,student,MECH,true,true
Saanvi Patel,student2430@college.com,password123,student,PHY,true,true
Arjun Kapoor,student2431@college.com,password123,student,MBA,true,true
Karan Shah,student2432@college.com,password123,student,CHEM,true,true
Sai Rodrigues,student2433@college.com,password123,student,CIVIL,true,true
Aditya Tiwari,student2434@college.com,password123,student,CSE,true,true
Meera Desai,student2435@college.com,password123,student,EEE,true,true
Radha George,student2436@college.com,password123,student,ECE,true,true
Pooja Chopra,student2437@college.com,password123,student,IT,true,true
Ayesha Rodrigues,student2438@college.com,password123,student,MATH,true,true
Vihaan Yadav,student2439@college.com,password123,student,MECH,true,true
Michael Chatterjee,student2440@college.com,password123,student,PHY,true,true
Mohammed Ahmed,student2441@college.com,password123,student,MBA,true,true
Tara Sharma,student2442@college.com,password123,student,CHEM,true,true
Aryan Mathew,student2443@college.com,password123,student,CIVIL,true,true
Grace Hussain,student2444@college.com,password123,student,CSE,true,true
Suresh Banerjee,student2445@college.com,password123,student,EEE,true,true
Aditya Rodrigues,student2446@college.com,password123,student,ECE,true,true
Neha Hussain,student2447@college.com,password123,student,IT,true,true
Zoya Das,student2448@college.com,password123,student,MATH,true,true
Radha Rao,student2449@college.com,password123,student,MECH,true,true
Sameer Gupta,student2450@college.com,password123,student,PHY,true,true
Kavya Bose,student2451@college.com,password123,student,MBA,true,true
Farhan Sharma,student2452@college.com,password123,student,CHEM,true,true
Rohan Patel,student2453@college.com,password123,student,CIVIL,true,true
Amit Yadav,student2454@college.com,password123,student,CSE,true,true
Priya Mehta,student2455@college.com,password123,student,EEE,true,true
Imran Desai,student2456@college.com,password123,student,ECE,true,true
Priya Pinto,student2457@college.com,password123,student,IT,true,true
Aryan Hussain,student2458@college.com,password123,student,MATH,true,true
Aarav Mishra,student2459@college.com,password123,student,MECH,true,true
Ayesha Kumar,student2460@college.com,password123,student,PHY,true,true
Olivia Patel,student2461@college.com,password123,student,MBA,true,true
Swati Chopra,student2462@college.com,password123,student,CHEM,true,true
Fatima D'Souza,student2463@college.com,password123,student,CIVIL,true,true
Olivia Pinto,student2464@college.com,password123,student,CSE,true,true
Isha Mehta,student2465@college.com,password123,student,EEE,true,true
Michael Malhotra,student2466@college.com,password123,student,ECE,true,true
Karan Rodrigues,student2467@college.com,password123,student,IT,true,true
Aryan Chauhan,student2468@college.com,password123,student,MATH,true,true
Grace Desai,student2469@college.com,password123,student,MECH,true,true
Anita Sharma,student2470@college.com,password123,student,PHY,true,true
Rahul Chatterjee,student2471@college.com,password123,student,MBA,true,true
Riya Ali,student2472@college.com,password123,student,CHEM,true,true
Reyansh D'Souza,student2473@college.com,password123,student,CIVIL,true,true
Arjun Ali,student2474@college.com,password123,student,CSE,true,true
Suresh Bansal,student2475@college.com,password123,student,EEE,true,true
Ayaan Ali,student2476@college.com,password123,student,ECE,true,true
Rahul Sheikh,student2477@college.com,password123,student,IT,true,true
Michael Fernandes,student2478@college.com,password123,student,MATH,true,true
Rahul Varghese,student2479@college.com,password123,student,MECH,true,true
Tara Joshi,student2480@college.com,password123,student,PHY,true,true
Anita Khan,student2481@college.com,password123,student,MBA,true,true
Yusuf Bose,student2482@college.com,password123,student,CHEM,true,true
Aliya Bansal,student2483@college.com,password123,student,CIVIL,true,true
Yusuf Chauhan,student2484@college.com,password123,student,CSE,true,true
Sameer Chauhan,student2485@college.com,password123,student,EEE,true,true
Emma Pinto,student2486@college.com,password123,student,ECE,true,true
Emily Verma,student2487@college.com,password123,student,IT,true,true
Anjali Nair,student2488@college.com,password123,student,MATH,true,true
Rahul Kumar,student2489@college.com,password123,student,MECH,true,true
Meera Thomas,student2490@college.com,password123,student,PHY,true,true
David Das,student2491@college.com,password123,student,MBA,true,true
Sameer Varghese,student2492@college.com,password123,student,CHEM,true,true
Karan Agarwal,student2493@college.com,password123,student,CIVIL,true,true
Riya Mehta,student2494@college.com,password123,student,CSE,true,true
Pooja Sheikh,student2495@college.com,password123,student,EEE,true,true
Aarav Varghese,student2496@college.com,password123,student,ECE,true,true
James Kapoor,student2497@college.com,password123,student,IT,true,true
Nikhil Chopra,student2498@college.com,password123,student,MATH,true,true
Sai Desai,student2499@college.com,password123,student,MECH,true,true
Sameer Mishra,student2500@college.com,password123,student,PHY,true,true
Michael Bansal,student2501@college.com,password123,student,MBA,true,true
Arjun D'Souza,student2502@college.com,password123,student,CHEM,true,true
Grace Chatterjee,student2503@college.com,password123,student,CIVIL,true,true
Anjali Agarwal,student2504@college.com,password123,student,CSE,true,true
Isha Mukherjee,student2505@college.com,password123,student,EEE,true,true
Emma Fernandes,student2506@college.com,password123,student,ECE,true,true
Amit Chatterjee,student2507@college.com,password123,student,IT,true,true
Sara Jacob,student2508@college.com,password123,student,MATH,true,true
Grace Banerjee,student2509@college.com,password123,student,MECH,true,true
Divya Mishra,student2510@college.com,password123,student,PHY,true,true
Aryan Bose,student2511@college.com,password123,student,MBA,true,true
Sara Bose,student2512@college.com,password123,student,CHEM,true,true
Emily Kapoor,student2513@college.com,password123,student,CIVIL,true,true
Dhruv Das,student2514@college.com,password123,student,CSE,true,true
Aryan Bose,student2515@college.com,password123,student,EEE,true,true
James Costa,student2516@college.com,password123,student,ECE,true,true
Isha Menon,student2517@college.com,password123,student,IT,true,true
Yusuf Reddy,student2518@college.com,password123,student,MATH,true,true
Ayaan Patel,student2519@college.com,password123,student,MECH,true,true
Sameer Mathew,student2520@college.com,password123,student,PHY,true,true
Divya Costa,student2521@college.com,password123,student,MBA,true,true
Aarav Dubey,student2522@college.com,password123,student,CHEM,true,true
Robert Sheikh,student2523@college.com,password123,student,CIVIL,true,true
Aditya Khan,student2524@college.com,password123,student,CSE,true,true
Kavya Costa,student2525@college.com,password123,student,EEE,true,true
Ananya Ahmed,student2526@college.com,password123,student,ECE,true,true
Emma Fernandes,student2527@college.com,password123,student,IT,true,true
Emily Malhotra,student2528@college.com,password123,student,MATH,true,true
Divya Chatterjee,student2529@college.com,password123,student,MECH,true,true
Aliya Ali,student2530@college.com,password123,student,PHY,true,true
Amit Desai,student2531@college.com,password123,student,MBA,true,true
Karan Dubey,student2532@college.com,password123,student,CHEM,true,true
Anita Iyer,student2533@college.com,password123,student,CIVIL,true,true
Vihaan Hussain,student2534@college.com,password123,student,CSE,true,true
John Naidu,student2535@college.com,password123,student,EEE,true,true
Anjali Sheikh,student2536@college.com,password123,student,ECE,true,true
Aditya Ali,student2537@college.com,password123,student,IT,true,true
Isha Desai,student2538@college.com,password123,student,MATH,true,true
Emily Jacob,student2539@college.com,password123,student,MECH,true,true
Yusuf Chatterjee,student2540@college.com,password123,student,PHY,true,true
Zara Nair,student2541@college.com,password123,student,MBA,true,true
Zoya Hussain,student2542@college.com,password123,student,CHEM,true,true
Zara Agarwal,student2543@college.com,password123,student,CIVIL,true,true
Zoya Sharma,student2544@college.com,password123,student,CSE,true,true
Aarav Jacob,student2545@college.com,password123,student,EEE,true,true
Dhruv Joshi,student2546@college.com,password123,student,ECE,true,true
Kiran Reddy,student2547@college.com,password123,student,IT,true,true
Ananya Shah,student2548@college.com,password123,student,MATH,true,true
Radha Kapoor,student2549@college.com,password123,student,MECH,true,true
Kabir D'Souza,student2550@college.com,password123,student,PHY,true,true
Rahul Bose,student2551@college.com,password123,student,MBA,true,true
Amit Khan,student2552@college.com,password123,student,CHEM,true,true
Radha Bansal,student2553@college.com,password123,student,CIVIL,true,true
Kavya Chatterjee,student2554@college.com,password123,student,CSE,true,true
Divya Naidu,student2555@college.com,password123,student,EEE,true,true
Dhruv Pillai,student2556@college.com,password123,student,ECE,true,true
Zoya Dubey,student2557@college.com,password123,student,IT,true,true
Kavya Shah,student2558@college.com,password123,student,MATH,true,true
Robert Desai,student2559@college.com,password123,student,MECH,true,true
Amit Rathore,student2560@college.com,password123,student,PHY,true,true
Kabir Fernandes,student2561@college.com,password123,student,MBA,true,true
Krishna Fernandes,student2562@college.com,password123,student,CHEM,true,true
Sameer Das,student2563@college.com,password123,student,CIVIL,true,true
Michael Reddy,student2564@college.com,password123,student,CSE,true,true
Fatima Malhotra,student2565@college.com,password123,student,EEE,true,true
John Bose,student2566@college.com,password123,student,ECE,true,true
Swati Naidu,student2567@college.com,password123,student,IT,true,true
Robert Joshi,student2568@college.com,password123,student,MATH,true,true
Aryan Menon,student2569@college.com,password123,student,MECH,true,true
John Mishra,student2570@college.com,password123,student,PHY,true,true
Ishaan Khan,student2571@college.com,password123,student,MBA,true,true
John Sharma,student2572@college.com,password123,student,CHEM,true,true
Kabir Pillai,student2573@college.com,password123,student,CIVIL,true,true
Divya Iyer,student2574@college.com,password123,student,CSE,true,true
Emma Thomas,student2575@college.com,password123,student,EEE,true,true
Pooja Sheikh,student2576@college.com,password123,student,ECE,true,true
Fatima Agarwal,student2577@college.com,password123,student,IT,true,true
David Ahmed,student2578@college.com,password123,student,MATH,true,true
Vikram Kapoor,student2579@college.com,password123,student,MECH,true,true
Swati Fernandes,student2580@college.com,password123,student,PHY,true,true
Vihaan Desai,student2581@college.com,password123,student,MBA,true,true
Reyansh Varghese,student2582@college.com,password123,student,CHEM,true,true
Rohan Singh,student2583@college.com,password123,student,CIVIL,true,true
Dhruv Kapoor,student2584@college.com,password123,student,CSE,true,true
Anjali Thomas,student2585@college.com,password123,student,EEE,true,true
Reyansh Rathore,student2586@college.com,password123,student,ECE,true,true
Sara Bansal,student2587@college.com,password123,student,IT,true,true
Rahul Shah,student2588@college.com,password123,student,MATH,true,true
Kavya D'Souza,student2589@college.com,password123,student,MECH,true,true
Swati Kapoor,student2590@college.com,password123,student,PHY,true,true
Isha Verma,student2591@college.com,password123,student,MBA,true,true
Riya Nair,student2592@college.com,password123,student,CHEM,true,true
Isha Jacob,student2593@college.com,password123,student,CIVIL,true,true
Lakshmi Banerjee,student2594@college.com,password123,student,CSE,true,true
Anita Fernandes,student2595@college.com,password123,student,EEE,true,true
Farhan George,student2596@college.com,password123,student,ECE,true,true
Sneha Chatterjee,student2597@college.com,password123,student,IT,true,true
Yusuf Chopra,student2598@college.com,password123,student,MATH,true,true
Isha Agarwal,student2599@college.com,password123,student,MECH,true,true
Sameer Ali,student2600@college.com,password123,student,PHY,true,true
Divya Yadav,student2601@college.com,password123,student,MBA,true,true
Sara Rathore,student2602@college.com,password123,student,CHEM,true,true
Sarah Patel,student2603@college.com,password123,student,CIVIL,true,true
Meera Costa,student2604@college.com,password123,student,CSE,true,true
Suresh Chauhan,student2605@college.com,password123,student,EEE,true,true
Mohammed Menon,student2606@college.com,password123,student,ECE,true,true
Emily Rao,student2607@college.com,password123,student,IT,true,true
Mohammed Bansal,student2608@college.com,password123,student,MATH,true,true
Riya Thomas,student2609@college.com,password123,student,MECH,true,true
Radha Fernandes,student2610@college.com,password123,student,PHY,true,true
Priya Kumar,student2611@college.com,password123,student,MBA,true,true
Sai Rao,student2612@college.com,password123,student,CHEM,true,true
Diya Das,student2613@college.com,password123,student,CIVIL,true,true
Ananya Agarwal,student2614@college.com,password123,student,CSE,true,true
Farhan Chopra,student2615@college.com,password123,student,EEE,true,true
Ayesha Malhotra,student2616@college.com,password123,student,ECE,true,true
Lakshmi George,student2617@college.com,password123,student,IT,true,true
Priya Malhotra,student2618@college.com,password123,student,MATH,true,true
Sarah Rathore,student2619@college.com,password123,student,MECH,true,true
Yusuf Shah,student2620@college.com,password123,student,PHY,true,true
Sara Pinto,student2621@college.com,password123,student,MBA,true,true
Pooja Rathore,student2622@college.com,password123,student,CHEM,true,true
Riya Rao,student2623@college.com,password123,student,CIVIL,true,true
Kabir Verma,student2624@college.com,password123,student,CSE,true,true
Krishna Tiwari,student2625@college.com,password123,student,EEE,true,true
Nikhil Mathew,student2626@college.com,password123,student,ECE,true,true
Rahul Mishra,student2627@college.com,password123,student,IT,true,true
Zoya Mishra,student2628@college.com,password123,student,MATH,true,true
Sai Mukherjee,student2629@college.com,password123,student,MECH,true,true
Rohan Desai,student2630@college.com,password123,student,PHY,true,true
Reyansh Reddy,student2631@college.com,password123,student,MBA,true,true
Arjun Khan,student2632@college.com,password123,student,CHEM,true,true
Swati Singh,student2633@college.com,password123,student,CIVIL,true,true
Vivaan Yadav,student2634@college.com,password123,student,CSE,true,true
Priya Hussain,student2635@college.com,password123,student,EEE,true,true
Aliya Patel,student2636@college.com,password123,student,ECE,true,true
Reyansh Kapoor,student2637@college.com,password123,student,IT,true,true
Radha Menon,student2638@college.com,password123,student,MATH,true,true
Sai George,student2639@college.com,password123,student,MECH,true,true
Grace Joshi,student2640@college.com,password123,student,PHY,true,true
Vikram Das,student2641@college.com,password123,student,MBA,true,true
Nikhil Mishra,student2642@college.com,password123,student,CHEM,true,true
Suresh Rathore,student2643@college.com,password123,student,CIVIL,true,true
Mohammed Iyer,student2644@college.com,password123,student,CSE,true,true
Krishna Hussain,student2645@college.com,password123,student,EEE,true,true
James Rao,student2646@college.com,password123,student,ECE,true,true
Vivaan Gupta,student2647@college.com,password123,student,IT,true,true
Imran Mehta,student2648@college.com,password123,student,MATH,true,true
Emily Agarwal,student2649@college.com,password123,student,MECH,true,true
Emily Khan,student2650@college.com,password123,student,PHY,true,true
Zara Sheikh,student2651@college.com,password123,student,MBA,true,true
Grace Malhotra,student2652@college.com,password123,student,CHEM,true,true
Swati Rathore,student2653@college.com,password123,student,CIVIL,true,true
Krishna Varghese,student2654@college.com,password123,student,CSE,true,true
Sneha Chatterjee,student2655@college.com,password123,student,EEE,true,true
Kiran Rodrigues,student2656@college.com,password123,student,ECE,true,true
Zara Thomas,student2657@college.com,password123,student,IT,true,true
Sara Thomas,student2658@college.com,password123,student,MATH,true,true
Sarah Fernandes,student2659@college.com,password123,student,MECH,true,true
Saanvi Hussain,student2660@college.com,password123,student,PHY,true,true
Mohammed Thomas,student2661@college.com,password123,student,MBA,true,true
Sneha Khanna,student2662@college.com,password123,student,CHEM,true,true
Olivia Mehta,student2663@college.com,password123,student,CIVIL,true,true
Anjali Sheikh,student2664@college.com,password123,student,CSE,true,true
Karan Patel,student2665@college.com,password123,student,EEE,true,true
Tara Khanna,student2666@college.com,password123,student,ECE,true,true
Kavya Pillai,student2667@college.com,password123,student,IT,true,true
Rahul Menon,student2668@college.com,password123,student,MATH,true,true
Vikram Sharma,student2669@college.com,password123,student,MECH,true,true
Aarav Hussain,student2670@college.com,password123,student,PHY,true,true
Michael Dubey,student2671@college.com,password123,student,MBA,true,true
Robert Iyer,student2672@college.com,password123,student,CHEM,true,true
Isha Chopra,student2673@college.com,password123,student,CIVIL,true,true
Anjali Sheikh,student2674@college.com,password123,student,CSE,true,true
Aarav Varghese,student2675@college.com,password123,student,EEE,true,true
Grace Ahmed,student2676@college.com,password123,student,ECE,true,true
Aliya Khan,student2677@college.com,password123,student,IT,true,true
Vikram Sharma,student2678@college.com,password123,student,MATH,true,true
Yusuf Naidu,student2679@college.com,password123,student,MECH,true,true
John Chopra,student2680@college.com,password123,student,PHY,true,true
Lakshmi Das,student2681@college.com,password123,student,MBA,true,true
David Sharma,student2682@college.com,password123,student,CHEM,true,true
Swati Shah,student2683@college.com,password123,student,CIVIL,true,true
Aryan Pillai,student2684@college.com,password123,student,CSE,true,true
Sarah D'Souza,student2685@college.com,password123,student,EEE,true,true
Saanvi Desai,student2686@college.com,password123,student,ECE,true,true
Nikhil Rao,student2687@college.com,password123,student,IT,true,true
Ayesha Mishra,student2688@college.com,password123,student,MATH,true,true
Farhan Joshi,student2689@college.com,password123,student,MECH,true,true
James Joshi,student2690@college.com,password123,student,PHY,true,true
Karan Kapoor,student2691@college.com,password123,student,MBA,true,true
Sai Naidu,student2692@college.com,password123,student,CHEM,true,true
Mohammed Bose,student2693@college.com,password123,student,CIVIL,true,true
Pooja Dubey,student2694@college.com,password123,student,CSE,true,true
John Costa,student2695@college.com,password123,student,EEE,true,true
John Varghese,student2696@college.com,password123,student,ECE,true,true
Sameer Malhotra,student2697@college.com,password123,student,IT,true,true
Suresh George,student2698@college.com,password123,student,MATH,true,true
Sara Sheikh,student2699@college.com,password123,student,MECH,true,true
John Malhotra,student2700@college.com,password123,student,PHY,true,true
Riya Banerjee,student2701@college.com,password123,student,MBA,true,true
Robert Kumar,student2702@college.com,password123,student,CHEM,true,true
Kabir Iyer,student2703@college.com,password123,student,CIVIL,true,true
Suresh Nair,student2704@college.com,password123,student,CSE,true,true
Mohammed Chauhan,student2705@college.com,password123,student,EEE,true,true
Radha Rathore,student2706@college.com,password123,student,ECE,true,true
Amit Varghese,student2707@college.com,password123,student,IT,true,true
Radha Ahmed,student2708@college.com,password123,student,MATH,true,true
Aryan Agarwal,student2709@college.com,password123,student,MECH,true,true
Vivaan Menon,student2710@college.com,password123,student,PHY,true,true
Vihaan Sheikh,student2711@college.com,password123,student,MBA,true,true
Vivaan Chatterjee,student2712@college.com,password123,student,CHEM,true,true
Reyansh Chopra,student2713@college.com,password123,student,CIVIL,true,true
Amit Iyer,student2714@college.com,password123,student,CSE,true,true
Ayesha Rathore,student2715@college.com,password123,student,EEE,true,true
Fatima Sharma,student2716@college.com,password123,student,ECE,true,true
Karan Patel,student2717@college.com,password123,student,IT,true,true
Ishaan Sharma,student2718@college.com,password123,student,MATH,true,true
Divya Mukherjee,student2719@college.com,password123,student,MECH,true,true
Diya Pillai,student2720@college.com,password123,student,PHY,true,true
Vikram Ahmed,student2721@college.com,password123,student,MBA,true,true
Kavya Chauhan,student2722@college.com,password123,student,CHEM,true,true
Zoya Gupta,student2723@college.com,password123,student,CIVIL,true,true
Diya Patel,student2724@college.com,password123,student,CSE,true,true
James Dubey,student2725@college.com,password123,student,EEE,true,true
Ishaan Singh,student2726@college.com,password123,student,ECE,true,true
Amit Yadav,student2727@college.com,password123,student,IT,true,true
Priya Kumar,student2728@college.com,password123,student,MATH,true,true
Sneha Khan,student2729@college.com,password123,student,MECH,true,true
Kabir Banerjee,student2730@college.com,password123,student,PHY,true,true
Emma Kapoor,student2731@college.com,password123,student,MBA,true,true
Michael Joshi,student2732@college.com,password123,student,CHEM,true,true
James Sharma,student2733@college.com,password123,student,CIVIL,true,true
Ayaan Yadav,student2734@college.com,password123,student,CSE,true,true
Ayesha Bose,student2735@college.com,password123,student,EEE,true,true
Meera Yadav,student2736@college.com,password123,student,ECE,true,true
Tara Bose,student2737@college.com,password123,student,IT,true,true
Sara Gupta,student2738@college.com,password123,student,MATH,true,true
Aryan Chauhan,student2739@college.com,password123,student,MECH,true,true
Sara Yadav,student2740@college.com,password123,student,PHY,true,true
Reyansh Hussain,student2741@college.com,password123,student,MBA,true,true
Imran Mukherjee,student2742@college.com,password123,student,CHEM,true,true
Anjali Joshi,student2743@college.com,password123,student,CIVIL,true,true
Sameer Khanna,student2744@college.com,password123,student,CSE,true,true
Grace Agarwal,student2745@college.com,password123,student,EEE,true,true
Rohan Thomas,student2746@college.com,password123,student,ECE,true,true
Fatima Gupta,student2747@college.com,password123,student,IT,true,true
Sara D'Souza,student2748@college.com,password123,student,MATH,true,true
Pooja Nair,student2749@college.com,password123,student,MECH,true,true
Rahul Khan,student2750@college.com,password123,student,PHY,true,true
Mohammed Khanna,student2751@college.com,password123,student,MBA,true,true
Aryan Shah,student2752@college.com,password123,student,CHEM,true,true
Sarah Singh,student2753@college.com,password123,student,CIVIL,true,true
Emily Mathew,student2754@college.com,password123,student,CSE,true,true
Dhruv Nair,student2755@college.com,password123,student,EEE,true,true
Nikhil Thomas,student2756@college.com,password123,student,ECE,true,true
Saanvi Agarwal,student2757@college.com,password123,student,IT,true,true
Aarav Rao,student2758@college.com,password123,student,MATH,true,true
David Malhotra,student2759@college.com,password123,student,MECH,true,true
Kiran Nair,student2760@college.com,password123,student,PHY,true,true
Priya Bose,student2761@college.com,password123,student,MBA,true,true
Aarav Gupta,student2762@college.com,password123,student,CHEM,true,true
Kiran Varghese,student2763@college.com,password123,student,CIVIL,true,true
Anjali Varghese,student2764@college.com,password123,student,CSE,true,true
Lakshmi Menon,student2765@college.com,password123,student,EEE,true,true
Kavya Yadav,student2766@college.com,password123,student,ECE,true,true
Sai Bose,student2767@college.com,password123,student,IT,true,true
Rohan Ahmed,student2768@college.com,password123,student,MATH,true,true
Sai Jacob,student2769@college.com,password123,student,MECH,true,true
Radha Bansal,student2770@college.com,password123,student,PHY,true,true
Grace Dubey,student2771@college.com,password123,student,MBA,true,true
Mohammed Singh,student2772@college.com,password123,student,CHEM,true,true
Vihaan Mehta,student2773@college.com,password123,student,CIVIL,true,true
Farhan Menon,student2774@college.com,password123,student,CSE,true,true
Zoya Sheikh,student2775@college.com,password123,student,EEE,true,true
David Reddy,student2776@college.com,password123,student,ECE,true,true
Krishna Ahmed,student2777@college.com,password123,student,IT,true,true
Karan Agarwal,student2778@college.com,password123,student,MATH,true,true
Swati George,student2779@college.com,password123,student,MECH,true,true
Aliya Mehta,student2780@college.com,password123,student,PHY,true,true
John Rathore,student2781@college.com,password123,student,MBA,true,true
Fatima Banerjee,student2782@college.com,password123,student,CHEM,true,true
Vivaan Varghese,student2783@college.com,password123,student,CIVIL,true,true
Meera Mehta,student2784@college.com,password123,student,CSE,true,true
Fatima Iyer,student2785@college.com,password123,student,EEE,true,true
Rahul Gupta,student2786@college.com,password123,student,ECE,true,true
Divya Pandey,student2787@college.com,password123,student,IT,true,true
Tara D'Souza,student2788@college.com,password123,student,MATH,true,true
Suresh Sheikh,student2789@college.com,password123,student,MECH,true,true
Zoya Ahmed,student2790@college.com,password123,student,PHY,true,true
Aryan Fernandes,student2791@college.com,password123,student,MBA,true,true
Kabir Sheikh,student2792@college.com,password123,student,CHEM,true,true
Isha Agarwal,student2793@college.com,password123,student,CIVIL,true,true
Fatima Chauhan,student2794@college.com,password123,student,CSE,true,true
Amit Rodrigues,student2795@college.com,password123,student,EEE,true,true
Olivia D'Souza,student2796@college.com,password123,student,ECE,true,true
Rohan Kumar,student2797@college.com,password123,student,IT,true,true
Pooja Menon,student2798@college.com,password123,student,MATH,true,true
Tara Chopra,student2799@college.com,password123,student,MECH,true,true
Michael Kapoor,student2800@college.com,password123,student,PHY,true,true
Sneha Shah,student2801@college.com,password123,student,MBA,true,true
Zara Sharma,student2802@college.com,password123,student,CHEM,true,true
Yusuf Thomas,student2803@college.com,password123,student,CIVIL,true,true
Neha Joshi,student2804@college.com,password123,student,CSE,true,true
Fatima Chatterjee,student2805@college.com,password123,student,EEE,true,true
Sarah Verma,student2806@college.com,password123,student,ECE,true,true
Radha Shah,student2807@college.com,password123,student,IT,true,true
Yusuf Costa,student2808@college.com,password123,student,MATH,true,true
Nikhil Agarwal,student2809@college.com,password123,student,MECH,true,true
Fatima Kumar,student2810@college.com,password123,student,PHY,true,true
Imran Sheikh,student2811@college.com,password123,student,MBA,true,true
Michael Joshi,student2812@college.com,password123,student,CHEM,true,true
Aryan Hussain,student2813@college.com,password123,student,CIVIL,true,true
Sameer Ahmed,student2814@college.com,password123,student,CSE,true,true
Yusuf D'Souza,student2815@college.com,password123,student,EEE,true,true
Ishaan Costa,student2816@college.com,password123,student,ECE,true,true
Suresh Agarwal,student2817@college.com,password123,student,IT,true,true
Riya George,student2818@college.com,password123,student,MATH,true,true
Ananya Nair,student2819@college.com,password123,student,MECH,true,true
Reyansh Hussain,student2820@college.com,password123,student,PHY,true,true
Imran Kumar,student2821@college.com,password123,student,MBA,true,true
Aditya Iyer,student2822@college.com,password123,student,CHEM,true,true
Kabir Gupta,student2823@college.com,password123,student,CIVIL,true,true
Aryan Reddy,student2824@college.com,password123,student,CSE,true,true
Divya Banerjee,student2825@college.com,password123,student,EEE,true,true
Reyansh Gupta,student2826@college.com,password123,student,ECE,true,true
Anita George,student2827@college.com,password123,student,IT,true,true
James Joshi,student2828@college.com,password123,student,MATH,true,true
Imran Ahmed,student2829@college.com,password123,student,MECH,true,true
Pooja Costa,student2830@college.com,password123,student,PHY,true,true
Zoya Pinto,student2831@college.com,password123,student,MBA,true,true
Rahul Singh,student2832@college.com,password123,student,CHEM,true,true
Kavya Das,student2833@college.com,password123,student,CIVIL,true,true
Lakshmi Pandey,student2834@college.com,password123,student,CSE,true,true
Arjun Sharma,student2835@college.com,password123,student,EEE,true,true
Grace Mukherjee,student2836@college.com,password123,student,ECE,true,true
Farhan Ahmed,student2837@college.com,password123,student,IT,true,true
Grace Patel,student2838@college.com,password123,student,MATH,true,true
Zara Thomas,student2839@college.com,password123,student,MECH,true,true
Vihaan Shah,student2840@college.com,password123,student,PHY,true,true
Swati Mishra,student2841@college.com,password123,student,MBA,true,true
Sarah Pillai,student2842@college.com,password123,student,CHEM,true,true
Michael Shah,student2843@college.com,password123,student,CIVIL,true,true
David Pandey,student2844@college.com,password123,student,CSE,true,true
Vihaan Costa,student2845@college.com,password123,student,EEE,true,true
Amit Hussain,student2846@college.com,password123,student,ECE,true,true
Aditya Tiwari,student2847@college.com,password123,student,IT,true,true
Arjun Khanna,student2848@college.com,password123,student,MATH,true,true
Arjun Mukherjee,student2849@college.com,password123,student,MECH,true,true
Pooja Reddy,student2850@college.com,password123,student,PHY,true,true
Reyansh Tiwari,student2851@college.com,password123,student,MBA,true,true
Karan Sheikh,student2852@college.com,password123,student,CHEM,true,true
Meera Banerjee,student2853@college.com,password123,student,CIVIL,true,true
Aryan Hussain,student2854@college.com,password123,student,CSE,true,true
Imran Bose,student2855@college.com,password123,student,EEE,true,true
Anita Thomas,student2856@college.com,password123,student,ECE,true,true
Kabir D'Souza,student2857@college.com,password123,student,IT,true,true
Sara D'Souza,student2858@college.com,password123,student,MATH,true,true
Riya Mishra,student2859@college.com,password123,student,MECH,true,true
Reyansh Yadav,student2860@college.com,password123,student,PHY,true,true
Mohammed Fernandes,student2861@college.com,password123,student,MBA,true,true
Isha Jacob,student2862@college.com,password123,student,CHEM,true,true
Zara Varghese,student2863@college.com,password123,student,CIVIL,true,true
Imran Naidu,student2864@college.com,password123,student,CSE,true,true
Sarah Reddy,student2865@college.com,password123,student,EEE,true,true
Rohan Chatterjee,student2866@college.com,password123,student,ECE,true,true
Swati Desai,student2867@college.com,password123,student,IT,true,true
Neha Bansal,student2868@college.com,password123,student,MATH,true,true
Imran Rao,student2869@college.com,password123,student,MECH,true,true
Sneha Rodrigues,student2870@college.com,password123,student,PHY,true,true
Tara Mehta,student2871@college.com,password123,student,MBA,true,true
Emma Agarwal,student2872@college.com,password123,student,CHEM,true,true
Swati Agarwal,student2873@college.com,password123,student,CIVIL,true,true
Robert Shah,student2874@college.com,password123,student,CSE,true,true
Riya Dubey,student2875@college.com,password123,student,EEE,true,true
Mohammed Naidu,student2876@college.com,password123,student,ECE,true,true
Michael Tiwari,student2877@college.com,password123,student,IT,true,true
Ananya Rodrigues,student2878@college.com,password123,student,MATH,true,true
Nikhil Fernandes,student2879@college.com,password123,student,MECH,true,true
Sneha Mukherjee,student2880@college.com,password123,student,PHY,true,true
Meera Yadav,student2881@college.com,password123,student,MBA,true,true
Swati Mishra,student2882@college.com,password123,student,CHEM,true,true
Rahul Shah,student2883@college.com,password123,student,CIVIL,true,true
Tara Rathore,student2884@college.com,password123,student,CSE,true,true
Priya Sharma,student2885@college.com,password123,student,EEE,true,true
Fatima Gupta,student2886@college.com,password123,student,ECE,true,true
Suresh Rodrigues,student2887@college.com,password123,student,IT,true,true
Vivaan Hussain,student2888@college.com,password123,student,MATH,true,true
Krishna Khanna,student2889@college.com,password123,student,MECH,true,true
Aarav Khanna,student2890@college.com,password123,student,PHY,true,true
Karan Mukherjee,student2891@college.com,password123,student,MBA,true,true
Robert Agarwal,student2892@college.com,password123,student,CHEM,true,true
Vivaan Yadav,student2893@college.com,password123,student,CIVIL,true,true
Michael Varghese,student2894@college.com,password123,student,CSE,true,true
Michael Malhotra,student2895@college.com,password123,student,EEE,true,true
Olivia D'Souza,student2896@college.com,password123,student,ECE,true,true
Neha D'Souza,student2897@college.com,password123,student,IT,true,true
Anita Fernandes,student2898@college.com,password123,student,MATH,true,true
Ishaan Reddy,student2899@college.com,password123,student,MECH,true,true
Aditya Chauhan,student2900@college.com,password123,student,PHY,true,true
Isha Menon,student2901@college.com,password123,student,MBA,true,true
Krishna Kapoor,student2902@college.com,password123,student,CHEM,true,true
Kavya Pinto,student2903@college.com,password123,student,CIVIL,true,true
Nikhil Das,student2904@college.com,password123,student,CSE,true,true
Rahul Khanna,student2905@college.com,password123,student,EEE,true,true
Sai Fernandes,student2906@college.com,password123,student,ECE,true,true
Priya Fernandes,student2907@college.com,password123,student,IT,true,true
Olivia Mukherjee,student2908@college.com,password123,student,MATH,true,true
Fatima Kumar,student2909@college.com,password123,student,MECH,true,true
Fatima Agarwal,student2910@college.com,password123,student,PHY,true,true
David Khan,student2911@college.com,password123,student,MBA,true,true
Kabir Ahmed,student2912@college.com,password123,student,CHEM,true,true
Michael Varghese,student2913@college.com,password123,student,CIVIL,true,true
Zoya Fernandes,student2914@college.com,password123,student,CSE,true,true
Michael Reddy,student2915@college.com,password123,student,EEE,true,true
Lakshmi George,student2916@college.com,password123,student,ECE,true,true
Vikram Gupta,student2917@college.com,password123,student,IT,true,true
Fatima Fernandes,student2918@college.com,password123,student,MATH,true,true
Meera Patel,student2919@college.com,password123,student,MECH,true,true
Yusuf Singh,student2920@college.com,password123,student,PHY,true,true
Olivia Yadav,student2921@college.com,password123,student,MBA,true,true
Diya Mehta,student2922@college.com,password123,student,CHEM,true,true
Sarah Naidu,student2923@college.com,password123,student,CIVIL,true,true
Riya Nair,student2924@college.com,password123,student,CSE,true,true
Emily Yadav,student2925@college.com,password123,student,EEE,true,true
Karan Mishra,student2926@college.com,password123,student,ECE,true,true
Farhan Rodrigues,student2927@college.com,password123,student,IT,true,true
Grace Sharma,student2928@college.com,password123,student,MATH,true,true
Mohammed Yadav,student2929@college.com,password123,student,MECH,true,true
Mohammed Joshi,student2930@college.com,password123,student,PHY,true,true
Vihaan Khanna,student2931@college.com,password123,student,MBA,true,true
Pooja Gupta,student2932@college.com,password123,student,CHEM,true,true
Ananya Sheikh,student2933@college.com,password123,student,CIVIL,true,true
Anita Menon,student2934@college.com,password123,student,CSE,true,true
Ananya Ali,student2935@college.com,password123,student,EEE,true,true
Zoya Das,student2936@college.com,password123,student,ECE,true,true
Ishaan Singh,student2937@college.com,password123,student,IT,true,true
Sameer Tiwari,student2938@college.com,password123,student,MATH,true,true
Priya Rathore,student2939@college.com,password123,student,MECH,true,true
Aliya Rodrigues,student2940@college.com,password123,student,PHY,true,true
Anita Ali,student2941@college.com,password123,student,MBA,true,true
Sai Das,student2942@college.com,password123,student,CHEM,true,true
Saanvi Chopra,student2943@college.com,password123,student,CIVIL,true,true
David Desai,student2944@college.com,password123,student,CSE,true,true
Ishaan Iyer,student2945@college.com,password123,student,EEE,true,true
Diya Patel,student2946@college.com,password123,student,ECE,true,true
Anjali Fernandes,student2947@college.com,password123,student,IT,true,true
Sara Singh,student2948@college.com,password123,student,MATH,true,true
Swati Desai,student2949@college.com,password123,student,MECH,true,true
Rahul Patel,student2950@college.com,password123,student,PHY,true,true
Priya Ali,student2951@college.com,password123,student,MBA,true,true
Saanvi Yadav,student2952@college.com,password123,student,CHEM,true,true
Zoya Iyer,student2953@college.com,password123,student,CIVIL,true,true
Aliya Iyer,student2954@college.com,password123,student,CSE,true,true
Anjali D'Souza,student2955@college.com,password123,student,EEE,true,true
Aryan Ahmed,student2956@college.com,password123,student,ECE,true,true
Priya George,student2957@college.com,password123,student,IT,true,true
Anita Banerjee,student2958@college.com,password123,student,MATH,true,true
Swati Costa,student2959@college.com,password123,student,MECH,true,true
Sara Hussain,student2960@college.com,password123,student,PHY,true,true
Nikhil Bose,student2961@college.com,password123,student,MBA,true,true
Arjun Malhotra,student2962@college.com,password123,student,CHEM,true,true
Yusuf Naidu,student2963@college.com,password123,student,CIVIL,true,true
Ananya Jacob,student2964@college.com,password123,student,CSE,true,true
Grace Fernandes,student2965@college.com,password123,student,EEE,true,true
Sai Nair,student2966@college.com,password123,student,ECE,true,true
Imran Pillai,student2967@college.com,password123,student,IT,true,true
Saanvi Shah,student2968@college.com,password123,student,MATH,true,true
Isha Banerjee,student2969@college.com,password123,student,MECH,true,true
Ananya Mehta,student2970@college.com,password123,student,PHY,true,true
Lakshmi George,student2971@college.com,password123,student,MBA,true,true
Vivaan Yadav,student2972@college.com,password123,student,CHEM,true,true
Vikram Rao,student2973@college.com,password123,student,CIVIL,true,true
Isha Costa,student2974@college.com,password123,student,CSE,true,true
Michael Rathore,student2975@college.com,password123,student,EEE,true,true
Radha Menon,student2976@college.com,password123,student,ECE,true,true
Tara Gupta,student2977@college.com,password123,student,IT,true,true
Grace Das,student2978@college.com,password123,student,MATH,true,true
Aryan Jacob,student2979@college.com,password123,student,MECH,true,true
Kavya Menon,student2980@college.com,password123,student,PHY,true,true
Aliya Tiwari,student2981@college.com,password123,student,MBA,true,true
Robert Patel,student2982@college.com,password123,student,CHEM,true,true
Ayaan Mishra,student2983@college.com,password123,student,CIVIL,true,true
Vihaan Bose,student2984@college.com,password123,student,CSE,true,true
Radha Menon,student2985@college.com,password123,student,EEE,true,true
Emily Chopra,student2986@college.com,password123,student,ECE,true,true
Aarav Bansal,student2987@college.com,password123,student,IT,true,true
Zoya Nair,student2988@college.com,password123,student,MATH,true,true
Vikram Rathore,student2989@college.com,password123,student,MECH,true,true
Anjali Verma,student2990@college.com,password123,student,PHY,true,true
Diya Mukherjee,student2991@college.com,password123,student,MBA,true,true
Sara Sheikh,student2992@college.com,password123,student,CHEM,true,true
Dhruv Mukherjee,student2993@college.com,password123,student,CIVIL,true,true
Sneha Hussain,student2994@college.com,password123,student,CSE,true,true
Aliya Kapoor,student2995@college.com,password123,student,EEE,true,true
Swati Khan,student2996@college.com,password123,student,ECE,true,true
Radha Tiwari,student2997@college.com,password123,student,IT,true,true
Ishaan Varghese,student2998@college.com,password123,student,MATH,true,true
Zoya Mathew,student2999@college.com,password123,student,MECH,true,true
Vivaan Joshi,student3000@college.com,password123,student,PHY,true,true
Kiran Mathew,student3001@college.com,password123,student,MBA,true,true
Pooja Gupta,student3002@college.com,password123,student,CHEM,true,true
Rahul Rao,student3003@college.com,password123,student,CIVIL,true,true
Vihaan Chopra,student3004@college.com,password123,student,CSE,true,true
Aryan Varghese,student3005@college.com,password123,student,EEE,true,true
Radha Malhotra,student3006@college.com,password123,student,ECE,true,true
Vihaan Chauhan,student3007@college.com,password123,student,IT,true,true
Farhan Sharma,student3008@college.com,password123,student,MATH,true,true
Arjun Joshi,student3009@college.com,password123,student,MECH,true,true
Imran Malhotra,student3010@college.com,password123,student,PHY,true,true
Imran Mathew,student3011@college.com,password123,student,MBA,true,true
Kavya Reddy,student3012@college.com,password123,student,CHEM,true,true
Vivaan Chopra,student3013@college.com,password123,student,CIVIL,true,true
Emily George,student3014@college.com,password123,student,CSE,true,true
Meera Das,student3015@college.com,password123,student,EEE,true,true
Meera Ali,student3016@college.com,password123,student,ECE,true,true
Ayesha Reddy,student3017@college.com,password123,student,IT,true,true
Emma Agarwal,student3018@college.com,password123,student,MATH,true,true
Divya Rodrigues,student3019@college.com,password123,student,MECH,true,true
Sneha Patel,student3020@college.com,password123,student,PHY,true,true
Kabir Banerjee,student3021@college.com,password123,student,MBA,true,true
Neha Chauhan,student3022@college.com,password123,student,CHEM,true,true
Swati Pandey,student3023@college.com,password123,student,CIVIL,true,true
Vivaan Gupta,student3024@college.com,password123,student,CSE,true,true
Nikhil Hussain,student3025@college.com,password123,student,EEE,true,true
Vikram Bansal,student3026@college.com,password123,student,ECE,true,true
Divya Desai,student3027@college.com,password123,student,IT,true,true
Sara Rao,student3028@college.com,password123,student,MATH,true,true
Vivaan Mehta,student3029@college.com,password123,student,MECH,true,true
Sameer Mehta,student3030@college.com,password123,student,PHY,true,true
Isha Thomas,student3031@college.com,password123,student,MBA,true,true
Vikram Bose,student3032@college.com,password123,student,CHEM,true,true
Neha Malhotra,student3033@college.com,password123,student,CIVIL,true,true
John Singh,student3034@college.com,password123,student,CSE,true,true
Mohammed Kapoor,student3035@college.com,password123,student,EEE,true,true
Sarah Joshi,student3036@college.com,password123,student,ECE,true,true
Sarah Verma,student3037@college.com,password123,student,IT,true,true
Swati Malhotra,student3038@college.com,password123,student,MATH,true,true
Karan Menon,student3039@college.com,password123,student,MECH,true,true
Diya Desai,student3040@college.com,password123,student,PHY,true,true
Imran Iyer,student3041@college.com,password123,student,MBA,true,true
Sai Tiwari,student3042@college.com,password123,student,CHEM,true,true
Meera Hussain,student3043@college.com,password123,student,CIVIL,true,true
Sameer Costa,student3044@college.com,password123,student,CSE,true,true
Emily Thomas,student3045@college.com,password123,student,EEE,true,true
Sameer Das,student3046@college.com,password123,student,ECE,true,true
Riya Bose,student3047@college.com,password123,student,IT,true,true
Anita Menon,student3048@college.com,password123,student,MATH,true,true
Saanvi Khanna,student3049@college.com,password123,student,MECH,true,true
Olivia Rodrigues,student3050@college.com,password123,student,PHY,true,true
Diya Rathore,student3051@college.com,password123,student,MBA,true,true
Sneha Iyer,student3052@college.com,password123,student,CHEM,true,true
Dhruv George,student3053@college.com,password123,student,CIVIL,true,true
Krishna Pinto,student3054@college.com,password123,student,CSE,true,true
Sneha Jacob,student3055@college.com,password123,student,EEE,true,true
John Banerjee,student3056@college.com,password123,student,ECE,true,true
Emily Iyer,student3057@college.com,password123,student,IT,true,true
Vikram Varghese,student3058@college.com,password123,student,MATH,true,true
Ayesha Hussain,student3059@college.com,password123,student,MECH,true,true
Olivia Iyer,student3060@college.com,password123,student,PHY,true,true
Saanvi Yadav,student3061@college.com,password123,student,MBA,true,true
Ishaan George,student3062@college.com,password123,student,CHEM,true,true
Grace Fernandes,student3063@college.com,password123,student,CIVIL,true,true
Olivia Rao,student3064@college.com,password123,student,CSE,true,true
Ananya Kumar,student3065@college.com,password123,student,EEE,true,true
Swati Sheikh,student3066@college.com,password123,student,ECE,true,true
Fatima Nair,student3067@college.com,password123,student,IT,true,true
Kabir Agarwal,student3068@college.com,password123,student,MATH,true,true
James Menon,student3069@college.com,password123,student,MECH,true,true
Fatima Verma,student3070@college.com,password123,student,PHY,true,true
Aliya Agarwal,student3071@college.com,password123,student,MBA,true,true
Sarah Pillai,student3072@college.com,password123,student,CHEM,true,true
Riya Khanna,student3073@college.com,password123,student,CIVIL,true,true
Tara Mishra,student3074@college.com,password123,student,CSE,true,true
Grace Thomas,student3075@college.com,password123,student,EEE,true,true
Grace Mishra,student3076@college.com,password123,student,ECE,true,true
Amit Menon,student3077@college.com,password123,student,IT,true,true
Yusuf Banerjee,student3078@college.com,password123,student,MATH,true,true
Reyansh Iyer,student3079@college.com,password123,student,MECH,true,true
Kabir Verma,student3080@college.com,password123,student,PHY,true,true
Aliya Costa,student3081@college.com,password123,student,MBA,true,true
Radha Malhotra,student3082@college.com,password123,student,CHEM,true,true
Lakshmi Fernandes,student3083@college.com,password123,student,CIVIL,true,true
Radha Das,student3084@college.com,password123,student,CSE,true,true
Lakshmi Das,student3085@college.com,password123,student,EEE,true,true
Karan Jacob,student3086@college.com,password123,student,ECE,true,true
Vivaan Mehta,student3087@college.com,password123,student,IT,true,true
Sai Varghese,student3088@college.com,password123,student,MATH,true,true
Yusuf Khan,student3089@college.com,password123,student,MECH,true,true
Krishna Ali,student3090@college.com,password123,student,PHY,true,true
Robert Rodrigues,student3091@college.com,password123,student,MBA,true,true
Anjali Pandey,student3092@college.com,password123,student,CHEM,true,true
Farhan Shah,student3093@college.com,password123,student,CIVIL,true,true
Kabir Joshi,student3094@college.com,password123,student,CSE,true,true
Divya Khan,student3095@college.com,password123,student,EEE,true,true
Krishna Rao,student3096@college.com,password123,student,ECE,true,true
Aryan Das,student3097@college.com,password123,student,IT,true,true
Aditya Pillai,student3098@college.com,password123,student,MATH,true,true
Aliya Sharma,student3099@college.com,password123,student,MECH,true,true
Grace Malhotra,student3100@college.com,password123,student,PHY,true,true
Riya Das,student3101@college.com,password123,student,MBA,true,true
Sara Mathew,student3102@college.com,password123,student,CHEM,true,true
Aryan Dubey,student3103@college.com,password123,student,CIVIL,true,true
Dhruv Kumar,student3104@college.com,password123,student,CSE,true,true
Kabir Rathore,student3105@college.com,password123,student,EEE,true,true
Emily Costa,student3106@college.com,password123,student,ECE,true,true
Divya Varghese,student3107@college.com,password123,student,IT,true,true
Ananya Chauhan,student3108@college.com,password123,student,MATH,true,true
Sarah Bose,student3109@college.com,password123,student,MECH,true,true
Saanvi Desai,student3110@college.com,password123,student,PHY,true,true
Yusuf Gupta,student3111@college.com,password123,student,MBA,true,true
Lakshmi Mishra,student3112@college.com,password123,student,CHEM,true,true
Michael Joshi,student3113@college.com,password123,student,CIVIL,true,true
Fatima Agarwal,student3114@college.com,password123,student,CSE,true,true
Priya Costa,student3115@college.com,password123,student,EEE,true,true
Sara Fernandes,student3116@college.com,password123,student,ECE,true,true
Lakshmi Sheikh,student3117@college.com,password123,student,IT,true,true
Pooja George,student3118@college.com,password123,student,MATH,true,true
Sarah Pandey,student3119@college.com,password123,student,MECH,true,true
David Gupta,student3120@college.com,password123,student,PHY,true,true
Pooja Reddy,student3121@college.com,password123,student,MBA,true,true
Tara Chauhan,student3122@college.com,password123,student,CHEM,true,true
Michael Gupta,student3123@college.com,password123,student,CIVIL,true,true
Sarah Bose,student3124@college.com,password123,student,CSE,true,true
Pooja Sheikh,student3125@college.com,password123,student,EEE,true,true
Priya Mishra,student3126@college.com,password123,student,ECE,true,true
Aditya D'Souza,student3127@college.com,password123,student,IT,true,true
Meera Hussain,student3128@college.com,password123,student,MATH,true,true
Aliya Thomas,student3129@college.com,password123,student,MECH,true,true
Vihaan Banerjee,student3130@college.com,password123,student,PHY,true,true
Suresh Rathore,student3131@college.com,password123,student,MBA,true,true
Priya Khanna,student3132@college.com,password123,student,CHEM,true,true
Yusuf Chopra,student3133@college.com,password123,student,CIVIL,true,true
Zara Rao,student3134@college.com,password123,student,CSE,true,true
Saanvi Chopra,student3135@college.com,password123,student,EEE,true,true
Radha Singh,student3136@college.com,password123,student,ECE,true,true
Zoya Hussain,student3137@college.com,password123,student,IT,true,true
Emma Menon,student3138@college.com,password123,student,MATH,true,true
Zara George,student3139@college.com,password123,student,MECH,true,true
Tara Patel,student3140@college.com,password123,student,PHY,true,true
Fatima Ali,student3141@college.com,password123,student,MBA,true,true
Ayaan Chatterjee,student3142@college.com,password123,student,CHEM,true,true
Yusuf Pinto,student3143@college.com,password123,student,CIVIL,true,true
Emma Varghese,student3144@college.com,password123,student,CSE,true,true
Sneha Iyer,student3145@college.com,password123,student,EEE,true,true
Priya Pillai,student3146@college.com,password123,student,ECE,true,true
Ananya Rathore,student3147@college.com,password123,student,IT,true,true
Vivaan Chatterjee,student3148@college.com,password123,student,MATH,true,true
Zara Pinto,student3149@college.com,password123,student,MECH,true,true
Emma Pandey,student3150@college.com,password123,student,PHY,true,true
Emma Banerjee,student3151@college.com,password123,student,MBA,true,true
Sarah Chauhan,student3152@college.com,password123,student,CHEM,true,true
Sai Kapoor,student3153@college.com,password123,student,CIVIL,true,true
Ananya Varghese,student3154@college.com,password123,student,CSE,true,true
Farhan Pandey,student3155@college.com,password123,student,EEE,true,true
David Rao,student3156@college.com,password123,student,ECE,true,true
Ayesha Tiwari,student3157@college.com,password123,student,IT,true,true
Ayaan Patel,student3158@college.com,password123,student,MATH,true,true
Ayaan Pandey,student3159@college.com,password123,student,MECH,true,true
Tara Thomas,student3160@college.com,password123,student,PHY,true,true
Kavya Patel,student3161@college.com,password123,student,MBA,true,true
Pooja Pandey,student3162@college.com,password123,student,CHEM,true,true
Meera Tiwari,student3163@college.com,password123,student,CIVIL,true,true
David Ali,student3164@college.com,password123,student,CSE,true,true
Radha Rao,student3165@college.com,password123,student,EEE,true,true
Meera D'Souza,student3166@college.com,password123,student,ECE,true,true
Meera Gupta,student3167@college.com,password123,student,IT,true,true
Yusuf Rao,student3168@college.com,password123,student,MATH,true,true
Olivia Bansal,student3169@college.com,password123,student,MECH,true,true
Anita Mathew,student3170@college.com,password123,student,PHY,true,true
Emily Menon,student3171@college.com,password123,student,MBA,true,true
Rohan Menon,student3172@college.com,password123,student,CHEM,true,true
Kabir Yadav,student3173@college.com,password123,student,CIVIL,true,true
Ayesha Singh,student3174@college.com,password123,student,CSE,true,true
Riya Khanna,student3175@college.com,password123,student,EEE,true,true
Vikram Tiwari,student3176@college.com,password123,student,ECE,true,true
Yusuf Rathore,student3177@college.com,password123,student,IT,true,true
Suresh Thomas,student3178@college.com,password123,student,MATH,true,true
Kabir Nair,student3179@college.com,password123,student,MECH,true,true
Emma Iyer,student3180@college.com,password123,student,PHY,true,true
Aryan Sharma,student3181@college.com,password123,student,MBA,true,true
Radha Dubey,student3182@college.com,password123,student,CHEM,true,true
Rahul Sharma,student3183@college.com,password123,student,CIVIL,true,true
Zara Ahmed,student3184@college.com,password123,student,CSE,true,true
Robert Ahmed,student3185@college.com,password123,student,EEE,true,true
Sneha Sharma,student3186@college.com,password123,student,ECE,true,true
Lakshmi Ahmed,student3187@college.com,password123,student,IT,true,true
Nikhil Mukherjee,student3188@college.com,password123,student,MATH,true,true
Kiran Mathew,student3189@college.com,password123,student,MECH,true,true
Anjali Chauhan,student3190@college.com,password123,student,PHY,true,true
Riya Rathore,student3191@college.com,password123,student,MBA,true,true
Sai Rodrigues,student3192@college.com,password123,student,CHEM,true,true
Lakshmi Sharma,student3193@college.com,password123,student,CIVIL,true,true
Nikhil D'Souza,student3194@college.com,password123,student,CSE,true,true
Amit Costa,student3195@college.com,password123,student,EEE,true,true
Mohammed D'Souza,student3196@college.com,password123,student,ECE,true,true
Michael Mukherjee,student3197@college.com,password123,student,IT,true,true
Vihaan Chatterjee,student3198@college.com,password123,student,MATH,true,true
Ishaan Singh,student3199@college.com,password123,student,MECH,true,true
Farhan Mehta,student3200@college.com,password123,student,PHY,true,true
Aditya Menon,student3201@college.com,password123,student,MBA,true,true
Robert Gupta,student3202@college.com,password123,student,CHEM,true,true
Imran Fernandes,student3203@college.com,password123,student,CIVIL,true,true
James Rodrigues,student3204@college.com,password123,student,CSE,true,true
Vikram Bansal,student3205@college.com,password123,student,EEE,true,true
Olivia Patel,student3206@college.com,password123,student,ECE,true,true
Vihaan Reddy,student3207@college.com,password123,student,IT,true,true
Riya Chatterjee,student3208@college.com,password123,student,MATH,true,true
Rohan Jacob,student3209@college.com,password123,student,MECH,true,true
Suresh Costa,student3210@college.com,password123,student,PHY,true,true
Imran Varghese,student3211@college.com,password123,student,MBA,true,true
Zoya Rodrigues,student3212@college.com,password123,student,CHEM,true,true
Anita D'Souza,student3213@college.com,password123,student,CIVIL,true,true
Kabir Chauhan,student3214@college.com,password123,student,CSE,true,true
Sara Pinto,student3215@college.com,password123,student,EEE,true,true
Kavya Gupta,student3216@college.com,password123,student,ECE,true,true
Sai Yadav,student3217@college.com,password123,student,IT,true,true
Vikram Agarwal,student3218@college.com,password123,student,MATH,true,true
Kavya Joshi,student3219@college.com,password123,student,MECH,true,true
Michael Kumar,student3220@college.com,password123,student,PHY,true,true
Aliya Naidu,student3221@college.com,password123,student,MBA,true,true
James D'Souza,student3222@college.com,password123,student,CHEM,true,true
Arjun Chopra,student3223@college.com,password123,student,CIVIL,true,true
Anjali Iyer,student3224@college.com,password123,student,CSE,true,true
Ayaan Varghese,student3225@college.com,password123,student,EEE,true,true
Emily Malhotra,student3226@college.com,password123,student,ECE,true,true
Diya Hussain,student3227@college.com,password123,student,IT,true,true
Riya Hussain,student3228@college.com,password123,student,MATH,true,true
Dhruv Varghese,student3229@college.com,password123,student,MECH,true,true
Dhruv Costa,student3230@college.com,password123,student,PHY,true,true
Vihaan Reddy,student3231@college.com,password123,student,MBA,true,true
Anita Tiwari,student3232@college.com,password123,student,CHEM,true,true
Mohammed Hussain,student3233@college.com,password123,student,CIVIL,true,true
Sai Khan,student3234@college.com,password123,student,CSE,true,true
Fatima Varghese,student3235@college.com,password123,student,EEE,true,true
Lakshmi Pandey,student3236@college.com,password123,student,ECE,true,true
Suresh Naidu,student3237@college.com,password123,student,IT,true,true
Lakshmi Agarwal,student3238@college.com,password123,student,MATH,true,true
Rahul Hussain,student3239@college.com,password123,student,MECH,true,true
Anita Costa,student3240@college.com,password123,student,PHY,true,true
Isha Iyer,student3241@college.com,password123,student,MBA,true,true
Radha Fernandes,student3242@college.com,password123,student,CHEM,true,true
Divya Hussain,student3243@college.com,password123,student,CIVIL,true,true
Fatima Thomas,student3244@college.com,password123,student,CSE,true,true
Divya Ahmed,student3245@college.com,password123,student,EEE,true,true
John Chatterjee,student3246@college.com,password123,student,ECE,true,true
Sarah Costa,student3247@college.com,password123,student,IT,true,true
Karan Pandey,student3248@college.com,password123,student,MATH,true,true
Suresh Banerjee,student3249@college.com,password123,student,MECH,true,true
Aarav Nair,student3250@college.com,password123,student,PHY,true,true
Vivaan Chauhan,student3251@college.com,password123,student,MBA,true,true
Mohammed Nair,student3252@college.com,password123,student,CHEM,true,true
Sara Mukherjee,student3253@college.com,password123,student,CIVIL,true,true
John Costa,student3254@college.com,password123,student,CSE,true,true
Riya Pillai,student3255@college.com,password123,student,EEE,true,true
Aditya Bansal,student3256@college.com,password123,student,ECE,true,true
Isha D'Souza,student3257@college.com,password123,student,IT,true,true
John Thomas,student3258@college.com,password123,student,MATH,true,true
Dhruv Sharma,student3259@college.com,password123,student,MECH,true,true
Mohammed Banerjee,student3260@college.com,password123,student,PHY,true,true
Zoya Chopra,student3261@college.com,password123,student,MBA,true,true
Rahul Kumar,student3262@college.com,password123,student,CHEM,true,true
Vikram Khanna,student3263@college.com,password123,student,CIVIL,true,true
Neha D'Souza,student3264@college.com,password123,student,CSE,true,true
Ananya Yadav,student3265@college.com,password123,student,EEE,true,true
Aarav Nair,student3266@college.com,password123,student,ECE,true,true
Sameer Bansal,student3267@college.com,password123,student,IT,true,true
Diya Desai,student3268@college.com,password123,student,MATH,true,true
Fatima Fernandes,student3269@college.com,password123,student,MECH,true,true
Radha Verma,student3270@college.com,password123,student,PHY,true,true
James Chatterjee,student3271@college.com,password123,student,MBA,true,true
Aryan Bansal,student3272@college.com,password123,student,CHEM,true,true
James Bansal,student3273@college.com,password123,student,CIVIL,true,true
Grace Jacob,student3274@college.com,password123,student,CSE,true,true
Anjali Khan,student3275@college.com,password123,student,EEE,true,true
John Gupta,student3276@college.com,password123,student,ECE,true,true
Farhan Iyer,student3277@college.com,password123,student,IT,true,true
Anjali Menon,student3278@college.com,password123,student,MATH,true,true
Mohammed Chauhan,student3279@college.com,password123,student,MECH,true,true
Emma Sheikh,student3280@college.com,password123,student,PHY,true,true
Emma Bansal,student3281@college.com,password123,student,MBA,true,true
Zara Pillai,student3282@college.com,password123,student,CHEM,true,true
Grace Mishra,student3283@college.com,password123,student,CIVIL,true,true
Vihaan Hussain,student3284@college.com,password123,student,CSE,true,true
Vikram Fernandes,student3285@college.com,password123,student,EEE,true,true
Fatima Jacob,student3286@college.com,password123,student,ECE,true,true
Ananya D'Souza,student3287@college.com,password123,student,IT,true,true
Sneha Verma,student3288@college.com,password123,student,MATH,true,true
Dhruv Fernandes,student3289@college.com,password123,student,MECH,true,true
Sameer Bansal,student3290@college.com,password123,student,PHY,true,true
John Mehta,student3291@college.com,password123,student,MBA,true,true
Arjun Menon,student3292@college.com,password123,student,CHEM,true,true
Amit Verma,student3293@college.com,password123,student,CIVIL,true,true
Diya Joshi,student3294@college.com,password123,student,CSE,true,true
Mohammed Sheikh,student3295@college.com,password123,student,EEE,true,true
James Rao,student3296@college.com,password123,student,ECE,true,true
Anita Rodrigues,student3297@college.com,password123,student,IT,true,true
Meera Chatterjee,student3298@college.com,password123,student,MATH,true,true
Lakshmi Nair,student3299@college.com,password123,student,MECH,true,true
Emily Dubey,student3300@college.com,password123,student,PHY,true,true
Vikram Pandey,student3301@college.com,password123,student,MBA,true,true
Robert Agarwal,student3302@college.com,password123,student,CHEM,true,true
Ayesha Gupta,student3303@college.com,password123,student,CIVIL,true,true
Amit Pillai,student3304@college.com,password123,student,CSE,true,true
Sai Ahmed,student3305@college.com,password123,student,EEE,true,true
Sarah Bose,student3306@college.com,password123,student,ECE,true,true
Kavya Rathore,student3307@college.com,password123,student,IT,true,true
James Khanna,student3308@college.com,password123,student,MATH,true,true
Dhruv Hussain,student3309@college.com,password123,student,MECH,true,true
Vikram Chatterjee,student3310@college.com,password123,student,PHY,true,true
Ayaan Shah,student3311@college.com,password123,student,MBA,true,true
David Gupta,student3312@college.com,password123,student,CHEM,true,true
Yusuf Banerjee,student3313@college.com,password123,student,CIVIL,true,true
Olivia Patel,student3314@college.com,password123,student,CSE,true,true
Tara Ali,student3315@college.com,password123,student,EEE,true,true
Vivaan Khan,student3316@college.com,password123,student,ECE,true,true
Emma Ali,student3317@college.com,password123,student,IT,true,true
Ishaan Banerjee,student3318@college.com,password123,student,MATH,true,true
Diya Khan,student3319@college.com,password123,student,MECH,true,true
Fatima Hussain,student3320@college.com,password123,student,PHY,true,true
Vikram Yadav,student3321@college.com,password123,student,MBA,true,true
Ananya Menon,student3322@college.com,password123,student,CHEM,true,true
Yusuf Reddy,student3323@college.com,password123,student,CIVIL,true,true
Michael Hussain,student3324@college.com,password123,student,CSE,true,true
Sameer Iyer,student3325@college.com,password123,student,EEE,true,true
Dhruv Tiwari,student3326@college.com,password123,student,ECE,true,true
Aditya Chauhan,student3327@college.com,password123,student,IT,true,true
Meera Pandey,student3328@college.com,password123,student,MATH,true,true
Emily Hussain,student3329@college.com,password123,student,MECH,true,true
Ayaan Sharma,student3330@college.com,password123,student,PHY,true,true
Vikram Gupta,student3331@college.com,password123,student,MBA,true,true
Sameer Rodrigues,student3332@college.com,password123,student,CHEM,true,true
Emily Patel,student3333@college.com,password123,student,CIVIL,true,true
Diya Chauhan,student3334@college.com,password123,student,CSE,true,true
Sarah Gupta,student3335@college.com,password123,student,EEE,true,true
Reyansh Hussain,student3336@college.com,password123,student,ECE,true,true
Yusuf Mathew,student3337@college.com,password123,student,IT,true,true
Sara Khanna,student3338@college.com,password123,student,MATH,true,true
Vivaan Fernandes,student3339@college.com,password123,student,MECH,true,true
Aliya Khanna,student3340@college.com,password123,student,PHY,true,true
Mohammed Mukherjee,student3341@college.com,password123,student,MBA,true,true
Ananya Banerjee,student3342@college.com,password123,student,CHEM,true,true
Aryan Chopra,student3343@college.com,password123,student,CIVIL,true,true
Amit Sheikh,student3344@college.com,password123,student,CSE,true,true
Ananya Yadav,student3345@college.com,password123,student,EEE,true,true
Tara Mathew,student3346@college.com,password123,student,ECE,true,true
Ayaan Malhotra,student3347@college.com,password123,student,IT,true,true
Ishaan Rao,student3348@college.com,password123,student,MATH,true,true
Amit Nair,student3349@college.com,password123,student,MECH,true,true
Aarav Costa,student3350@college.com,password123,student,PHY,true,true
Swati Ali,student3351@college.com,password123,student,MBA,true,true
Reyansh Mukherjee,student3352@college.com,password123,student,CHEM,true,true
Sneha Mehta,student3353@college.com,password123,student,CIVIL,true,true
Swati Agarwal,student3354@college.com,password123,student,CSE,true,true
Amit Menon,student3355@college.com,password123,student,EEE,true,true
Ayesha Chopra,student3356@college.com,password123,student,ECE,true,true
Anita Bose,student3357@college.com,password123,student,IT,true,true
Rohan Kumar,student3358@college.com,password123,student,MATH,true,true
Vikram Costa,student3359@college.com,password123,student,MECH,true,true
Emma Bansal,student3360@college.com,password123,student,PHY,true,true
Sneha Rathore,student3361@college.com,password123,student,MBA,true,true
Vihaan Iyer,student3362@college.com,password123,student,CHEM,true,true
Vivaan Khan,student3363@college.com,password123,student,CIVIL,true,true
Emma Jacob,student3364@college.com,password123,student,CSE,true,true
Vihaan Reddy,student3365@college.com,password123,student,EEE,true,true
Meera Singh,student3366@college.com,password123,student,ECE,true,true
Sai Naidu,student3367@college.com,password123,student,IT,true,true
Priya Chatterjee,student3368@college.com,password123,student,MATH,true,true
Ayesha Rodrigues,student3369@college.com,password123,student,MECH,true,true
Emma Pinto,student3370@college.com,password123,student,PHY,true,true
Mohammed Varghese,student3371@college.com,password123,student,MBA,true,true
Zoya Rathore,student3372@college.com,password123,student,CHEM,true,true
Radha Mehta,student3373@college.com,password123,student,CIVIL,true,true
Vikram Bansal,student3374@college.com,password123,student,CSE,true,true
Michael Banerjee,student3375@college.com,password123,student,EEE,true,true
Ayesha Dubey,student3376@college.com,password123,student,ECE,true,true
Imran Sheikh,student3377@college.com,password123,student,IT,true,true
Sai Dubey,student3378@college.com,password123,student,MATH,true,true
Aliya Chauhan,student3379@college.com,password123,student,MECH,true,true
Anita Iyer,student3380@college.com,password123,student,PHY,true,true
Sai Varghese,student3381@college.com,password123,student,MBA,true,true
Zara Reddy,student3382@college.com,password123,student,CHEM,true,true
Zara Khanna,student3383@college.com,password123,student,CIVIL,true,true
Sameer George,student3384@college.com,password123,student,CSE,true,true
Ayesha Yadav,student3385@college.com,password123,student,EEE,true,true
Zara Khan,student3386@college.com,password123,student,ECE,true,true
Karan Das,student3387@college.com,password123,student,IT,true,true
Ishaan Costa,student3388@college.com,password123,student,MATH,true,true
Rahul Shah,student3389@college.com,password123,student,MECH,true,true
Priya Chatterjee,student3390@college.com,password123,student,PHY,true,true
Zoya Mathew,student3391@college.com,password123,student,MBA,true,true
Diya Agarwal,student3392@college.com,password123,student,CHEM,true,true
Zara Ahmed,student3393@college.com,password123,student,CIVIL,true,true
Vivaan Kumar,student3394@college.com,password123,student,CSE,true,true
Anjali Nair,student3395@college.com,password123,student,EEE,true,true
Isha Khan,student3396@college.com,password123,student,ECE,true,true
Zara Rao,student3397@college.com,password123,student,IT,true,true
Suresh Yadav,student3398@college.com,password123,student,MATH,true,true
Isha Rodrigues,student3399@college.com,password123,student,MECH,true,true
Anita Iyer,student3400@college.com,password123,student,PHY,true,true
Neha Reddy,student3401@college.com,password123,student,MBA,true,true
Priya Pandey,student3402@college.com,password123,student,CHEM,true,true
David Reddy,student3403@college.com,password123,student,CIVIL,true,true
Ananya D'Souza,student3404@college.com,password123,student,CSE,true,true
Farhan Kumar,student3405@college.com,password123,student,EEE,true,true
David Khanna,student3406@college.com,password123,student,ECE,true,true
Sneha Chauhan,student3407@college.com,password123,student,IT,true,true
Priya Pinto,student3408@college.com,password123,student,MATH,true,true
Riya Bose,student3409@college.com,password123,student,MECH,true,true
Radha Bose,student3410@college.com,password123,student,PHY,true,true
Swati Rao,student3411@college.com,password123,student,MBA,true,true
Anjali Joshi,student3412@college.com,password123,student,CHEM,true,true
Arjun Bansal,student3413@college.com,password123,student,CIVIL,true,true
Dhruv Varghese,student3414@college.com,password123,student,CSE,true,true
Kiran Naidu,student3415@college.com,password123,student,EEE,true,true
David Naidu,student3416@college.com,password123,student,ECE,true,true
Anita Bansal,student3417@college.com,password123,student,IT,true,true
Sneha Varghese,student3418@college.com,password123,student,MATH,true,true
Nikhil Chatterjee,student3419@college.com,password123,student,MECH,true,true
Imran Mathew,student3420@college.com,password123,student,PHY,true,true
Arjun Mishra,student3421@college.com,password123,student,MBA,true,true
Grace Pandey,student3422@college.com,password123,student,CHEM,true,true
Anita Ahmed,student3423@college.com,password123,student,CIVIL,true,true
Ayaan Pinto,student3424@college.com,password123,student,CSE,true,true
Lakshmi Chauhan,student3425@college.com,password123,student,EEE,true,true
Ananya D'Souza,student3426@college.com,password123,student,ECE,true,true
Reyansh Rathore,student3427@college.com,password123,student,IT,true,true
Kabir Khanna,student3428@college.com,password123,student,MATH,true,true
Priya Kumar,student3429@college.com,password123,student,MECH,true,true
Lakshmi Reddy,student3430@college.com,password123,student,PHY,true,true
Sameer Rodrigues,student3431@college.com,password123,student,MBA,true,true
Yusuf Joshi,student3432@college.com,password123,student,CHEM,true,true
Ananya Ahmed,student3433@college.com,password123,student,CIVIL,true,true
Farhan Mathew,student3434@college.com,password123,student,CSE,true,true
Vihaan Patel,student3435@college.com,password123,student,EEE,true,true
Dhruv Iyer,student3436@college.com,password123,student,ECE,true,true
Sarah Pinto,student3437@college.com,password123,student,IT,true,true
Emma Dubey,student3438@college.com,password123,student,MATH,true,true
Mohammed Sharma,student3439@college.com,password123,student,MECH,true,true
Aliya Menon,student3440@college.com,password123,student,PHY,true,true
Imran Menon,student3441@college.com,password123,student,MBA,true,true
Tara Sheikh,student3442@college.com,password123,student,CHEM,true,true
Suresh Joshi,student3443@college.com,password123,student,CIVIL,true,true
Radha Fernandes,student3444@college.com,password123,student,CSE,true,true
Tara Banerjee,student3445@college.com,password123,student,EEE,true,true
Dhruv Jacob,student3446@college.com,password123,student,ECE,true,true
Sarah Agarwal,student3447@college.com,password123,student,IT,true,true
Vikram Fernandes,student3448@college.com,password123,student,MATH,true,true
David Jacob,student3449@college.com,password123,student,MECH,true,true
Vikram Naidu,student3450@college.com,password123,student,PHY,true,true
Ayesha Mehta,student3451@college.com,password123,student,MBA,true,true
Sai Pinto,student3452@college.com,password123,student,CHEM,true,true
Aarav Costa,student3453@college.com,password123,student,CIVIL,true,true
Neha Desai,student3454@college.com,password123,student,CSE,true,true
Robert Iyer,student3455@college.com,password123,student,EEE,true,true
Robert Chopra,student3456@college.com,password123,student,ECE,true,true
Vihaan Shah,student3457@college.com,password123,student,IT,true,true
Emma D'Souza,student3458@college.com,password123,student,MATH,true,true
Vihaan Sharma,student3459@college.com,password123,student,MECH,true,true
Ayesha D'Souza,student3460@college.com,password123,student,PHY,true,true
Michael Mehta,student3461@college.com,password123,student,MBA,true,true
Ayaan Chopra,student3462@college.com,password123,student,CHEM,true,true
Emily Verma,student3463@college.com,password123,student,CIVIL,true,true
Nikhil Naidu,student3464@college.com,password123,student,CSE,true,true
Zoya Pinto,student3465@college.com,password123,student,EEE,true,true
Priya Thomas,student3466@college.com,password123,student,ECE,true,true
Ananya Pandey,student3467@college.com,password123,student,IT,true,true
Meera Desai,student3468@college.com,password123,student,MATH,true,true
Meera Naidu,student3469@college.com,password123,student,MECH,true,true
Sneha Mukherjee,student3470@college.com,password123,student,PHY,true,true
Imran Chatterjee,student3471@college.com,password123,student,MBA,true,true
Anjali Iyer,student3472@college.com,password123,student,CHEM,true,true
Aryan D'Souza,student3473@college.com,password123,student,CIVIL,true,true
Meera Shah,student3474@college.com,password123,student,CSE,true,true
James Pillai,student3475@college.com,password123,student,EEE,true,true
Ishaan Chopra,student3476@college.com,password123,student,ECE,true,true
Emily Mathew,student3477@college.com,password123,student,IT,true,true
Krishna Iyer,student3478@college.com,password123,student,MATH,true,true
Aarav Kumar,student3479@college.com,password123,student,MECH,true,true
Farhan Verma,student3480@college.com,password123,student,PHY,true,true
Ishaan Tiwari,student3481@college.com,password123,student,MBA,true,true
Sarah Ahmed,student3482@college.com,password123,student,CHEM,true,true
Imran Naidu,student3483@college.com,password123,student,CIVIL,true,true
Krishna Patel,student3484@college.com,password123,student,CSE,true,true
Krishna George,student3485@college.com,password123,student,EEE,true,true
John Pillai,student3486@college.com,password123,student,ECE,true,true
Emily Chauhan,student3487@college.com,password123,student,IT,true,true
Emma Varghese,student3488@college.com,password123,student,MATH,true,true
Lakshmi Naidu,student3489@college.com,password123,student,MECH,true,true
Radha Chatterjee,student3490@college.com,password123,student,PHY,true,true
Zara Ali,student3491@college.com,password123,student,MBA,true,true
Saanvi D'Souza,student3492@college.com,password123,student,CHEM,true,true
Michael Rathore,student3493@college.com,password123,student,CIVIL,true,true
Meera Mehta,student3494@college.com,password123,student,CSE,true,true
Karan Chatterjee,student3495@college.com,password123,student,EEE,true,true
Saanvi Rodrigues,student3496@college.com,password123,student,ECE,true,true
Aarav Fernandes,student3497@college.com,password123,student,IT,true,true
Divya Tiwari,student3498@college.com,password123,student,MATH,true,true
Nikhil Pandey,student3499@college.com,password123,student,MECH,true,true
Neha Malhotra,student3500@college.com,password123,student,PHY,true,true
Riya Sheikh,student3501@college.com,password123,student,MBA,true,true
Anita Shah,student3502@college.com,password123,student,CHEM,true,true
Aditya Gupta,student3503@college.com,password123,student,CIVIL,true,true
Anita Khan,student3504@college.com,password123,student,CSE,true,true
Ayesha Shah,student3505@college.com,password123,student,EEE,true,true
Ayaan Pinto,student3506@college.com,password123,student,ECE,true,true
Anjali Varghese,student3507@college.com,password123,student,IT,true,true
Sai Menon,student3508@college.com,password123,student,MATH,true,true
Fatima Tiwari,student3509@college.com,password123,student,MECH,true,true
Pooja Dubey,student3510@college.com,password123,student,PHY,true,true
Yusuf Malhotra,student3511@college.com,password123,student,MBA,true,true
Zara Hussain,student3512@college.com,password123,student,CHEM,true,true
Sai Hussain,student3513@college.com,password123,student,CIVIL,true,true
Sarah Costa,student3514@college.com,password123,student,CSE,true,true
Sai Bose,student3515@college.com,password123,student,EEE,true,true
Anjali Thomas,student3516@college.com,password123,student,ECE,true,true
Sara Mathew,student3517@college.com,password123,student,IT,true,true
Imran Kumar,student3518@college.com,password123,student,MATH,true,true
Sameer Thomas,student3519@college.com,password123,student,MECH,true,true
Sneha Pinto,student3520@college.com,password123,student,PHY,true,true
Vikram Costa,student3521@college.com,password123,student,MBA,true,true
Vihaan Bansal,student3522@college.com,password123,student,CHEM,true,true
Sneha Yadav,student3523@college.com,password123,student,CIVIL,true,true
Aarav Khan,student3524@college.com,password123,student,CSE,true,true
Zara Ali,student3525@college.com,password123,student,EEE,true,true
Emma Khan,student3526@college.com,password123,student,ECE,true,true
Anita Tiwari,student3527@college.com,password123,student,IT,true,true
Diya Pillai,student3528@college.com,password123,student,MATH,true,true
Isha Chopra,student3529@college.com,password123,student,MECH,true,true
Suresh Rao,student3530@college.com,password123,student,PHY,true,true
Aditya Varghese,student3531@college.com,password123,student,MBA,true,true
Grace Rodrigues,student3532@college.com,password123,student,CHEM,true,true
Sara Khanna,student3533@college.com,password123,student,CIVIL,true,true
Fatima Fernandes,student3534@college.com,password123,student,CSE,true,true
Rahul Singh,student3535@college.com,password123,student,EEE,true,true
Mohammed Khan,student3536@college.com,password123,student,ECE,true,true
Kiran Rao,student3537@college.com,password123,student,IT,true,true
Anita Singh,student3538@college.com,password123,student,MATH,true,true
Imran Chopra,student3539@college.com,password123,student,MECH,true,true
John Mishra,student3540@college.com,password123,student,PHY,true,true
Radha Verma,student3541@college.com,password123,student,MBA,true,true
Suresh Ahmed,student3542@college.com,password123,student,CHEM,true,true
Sai Iyer,student3543@college.com,password123,student,CIVIL,true,true
Neha Kumar,student3544@college.com,password123,student,CSE,true,true
Robert Malhotra,student3545@college.com,password123,student,EEE,true,true
Rahul Iyer,student3546@college.com,password123,student,ECE,true,true
Radha Malhotra,student3547@college.com,password123,student,IT,true,true
Amit Kapoor,student3548@college.com,password123,student,MATH,true,true
Aarav Mishra,student3549@college.com,password123,student,MECH,true,true
Ayaan Rodrigues,student3550@college.com,password123,student,PHY,true,true
Kabir Pinto,student3551@college.com,password123,student,MBA,true,true
Sara Menon,student3552@college.com,password123,student,CHEM,true,true
Imran Rathore,student3553@college.com,password123,student,CIVIL,true,true
Kavya Chatterjee,student3554@college.com,password123,student,CSE,true,true
Rahul Varghese,student3555@college.com,password123,student,EEE,true,true
Nikhil Ahmed,student3556@college.com,password123,student,ECE,true,true
Kabir Hussain,student3557@college.com,password123,student,IT,true,true
Emily Gupta,student3558@college.com,password123,student,MATH,true,true
Diya Patel,student3559@college.com,password123,student,MECH,true,true
Ishaan Rodrigues,student3560@college.com,password123,student,PHY,true,true
Grace Menon,student3561@college.com,password123,student,MBA,true,true
James Ahmed,student3562@college.com,password123,student,CHEM,true,true
Aliya Pillai,student3563@college.com,password123,student,CIVIL,true,true
Yusuf Joshi,student3564@college.com,password123,student,CSE,true,true
Nikhil Mathew,student3565@college.com,password123,student,EEE,true,true
Tara Tiwari,student3566@college.com,password123,student,ECE,true,true
Mohammed Rao,student3567@college.com,password123,student,IT,true,true
Dhruv Fernandes,student3568@college.com,password123,student,MATH,true,true
Fatima Mehta,student3569@college.com,password123,student,MECH,true,true
Vihaan George,student3570@college.com,password123,student,PHY,true,true
Rahul Dubey,student3571@college.com,password123,student,MBA,true,true
Michael Nair,student3572@college.com,password123,student,CHEM,true,true
Vihaan Rao,student3573@college.com,password123,student,CIVIL,true,true
Zara Desai,student3574@college.com,password123,student,CSE,true,true
Anjali Khanna,student3575@college.com,password123,student,EEE,true,true
Anjali Mishra,student3576@college.com,password123,student,ECE,true,true
Aliya Sheikh,student3577@college.com,password123,student,IT,true,true
Karan Joshi,student3578@college.com,password123,student,MATH,true,true
Sameer Pandey,student3579@college.com,password123,student,MECH,true,true
Meera Khan,student3580@college.com,password123,student,PHY,true,true
Rahul Menon,student3581@college.com,password123,student,MBA,true,true
Pooja Naidu,student3582@college.com,password123,student,CHEM,true,true
Aarav Chopra,student3583@college.com,password123,student,CIVIL,true,true
Grace Rathore,student3584@college.com,password123,student,CSE,true,true
Meera Jacob,student3585@college.com,password123,student,EEE,true,true
Ananya Hussain,student3586@college.com,password123,student,ECE,true,true
Sameer Gupta,student3587@college.com,password123,student,IT,true,true
Reyansh Sheikh,student3588@college.com,password123,student,MATH,true,true
Mohammed Mehta,student3589@college.com,password123,student,MECH,true,true
Robert Naidu,student3590@college.com,password123,student,PHY,true,true
Radha George,student3591@college.com,password123,student,MBA,true,true
Robert Malhotra,student3592@college.com,password123,student,CHEM,true,true
Diya Malhotra,student3593@college.com,password123,student,CIVIL,true,true
Amit Reddy,student3594@college.com,password123,student,CSE,true,true
Rahul George,student3595@college.com,password123,student,EEE,true,true
Kiran Desai,student3596@college.com,password123,student,ECE,true,true
Zara Yadav,student3597@college.com,password123,student,IT,true,true
Sameer Mishra,student3598@college.com,password123,student,MATH,true,true
Nikhil Tiwari,student3599@college.com,password123,student,MECH,true,true
Sameer Pinto,student3600@college.com,password123,student,PHY,true,true
Yusuf Banerjee,student3601@college.com,password123,student,MBA,true,true
Pooja Bansal,student3602@college.com,password123,student,CHEM,true,true
Sameer Varghese,student3603@college.com,password123,student,CIVIL,true,true
Kabir Agarwal,student3604@college.com,password123,student,CSE,true,true
Swati Sharma,student3605@college.com,password123,student,EEE,true,true
Sameer Sharma,student3606@college.com,password123,student,ECE,true,true
James Kumar,student3607@college.com,password123,student,IT,true,true
Aarav Pillai,student3608@college.com,password123,student,MATH,true,true
Reyansh Hussain,student3609@college.com,password123,student,MECH,true,true
Reyansh Jacob,student3610@college.com,password123,student,PHY,true,true
Tara Mehta,student3611@college.com,password123,student,MBA,true,true
Karan Tiwari,student3612@college.com,password123,student,CHEM,true,true
Suresh Kapoor,student3613@college.com,password123,student,CIVIL,true,true
Aryan Gupta,student3614@college.com,password123,student,CSE,true,true
Vivaan Costa,student3615@college.com,password123,student,EEE,true,true
Sai Singh,student3616@college.com,password123,student,ECE,true,true
Lakshmi Mathew,student3617@college.com,password123,student,IT,true,true
Emma Mukherjee,student3618@college.com,password123,student,MATH,true,true
Lakshmi Thomas,student3619@college.com,password123,student,MECH,true,true
Ayaan Pandey,student3620@college.com,password123,student,PHY,true,true
Ayaan Patel,student3621@college.com,password123,student,MBA,true,true
Robert Rodrigues,student3622@college.com,password123,student,CHEM,true,true
Krishna Joshi,student3623@college.com,password123,student,CIVIL,true,true
Imran Dubey,student3624@college.com,password123,student,CSE,true,true
Emma George,student3625@college.com,password123,student,EEE,true,true
Anita Chatterjee,student3626@college.com,password123,student,ECE,true,true
Emma Nair,student3627@college.com,password123,student,IT,true,true
Zoya Chatterjee,student3628@college.com,password123,student,MATH,true,true
Rahul Chopra,student3629@college.com,password123,student,MECH,true,true
Zara Mathew,student3630@college.com,password123,student,PHY,true,true
Grace Kumar,student3631@college.com,password123,student,MBA,true,true
Mohammed Chauhan,student3632@college.com,password123,student,CHEM,true,true
Grace Malhotra,student3633@college.com,password123,student,CIVIL,true,true
Yusuf Naidu,student3634@college.com,password123,student,CSE,true,true
Zoya Mathew,student3635@college.com,password123,student,EEE,true,true
Yusuf Yadav,student3636@college.com,password123,student,ECE,true,true
Ananya Kapoor,student3637@college.com,password123,student,IT,true,true
Rohan Yadav,student3638@college.com,password123,student,MATH,true,true
Arjun Malhotra,student3639@college.com,password123,student,MECH,true,true
Yusuf Singh,student3640@college.com,password123,student,PHY,true,true
Meera Joshi,student3641@college.com,password123,student,MBA,true,true
Diya Singh,student3642@college.com,password123,student,CHEM,true,true
Rahul Kapoor,student3643@college.com,password123,student,CIVIL,true,true
Kabir Rathore,student3644@college.com,password123,student,CSE,true,true
Arjun Ahmed,student3645@college.com,password123,student,EEE,true,true
Grace Banerjee,student3646@college.com,password123,student,ECE,true,true
Radha Desai,student3647@college.com,password123,student,IT,true,true
Kabir George,student3648@college.com,password123,student,MATH,true,true
Divya Reddy,student3649@college.com,password123,student,MECH,true,true
Ishaan Sheikh,student3650@college.com,password123,student,PHY,true,true
Yusuf Naidu,student3651@college.com,password123,student,MBA,true,true
Dhruv Costa,student3652@college.com,password123,student,CHEM,true,true
Farhan Reddy,student3653@college.com,password123,student,CIVIL,true,true
Olivia Rathore,student3654@college.com,password123,student,CSE,true,true
Ayesha Kapoor,student3655@college.com,password123,student,EEE,true,true
Reyansh Gupta,student3656@college.com,password123,student,ECE,true,true
Arjun Kumar,student3657@college.com,password123,student,IT,true,true
Anita Tiwari,student3658@college.com,password123,student,MATH,true,true
Rahul Yadav,student3659@college.com,password123,student,MECH,true,true
Tara Verma,student3660@college.com,password123,student,PHY,true,true
Emma Ahmed,student3661@college.com,password123,student,MBA,true,true
Ishaan George,student3662@college.com,password123,student,CHEM,true,true
Mohammed Sharma,student3663@college.com,password123,student,CIVIL,true,true
Grace Gupta,student3664@college.com,password123,student,CSE,true,true
Imran Joshi,student3665@college.com,password123,student,EEE,true,true
Amit Menon,student3666@college.com,password123,student,ECE,true,true
Zoya Bansal,student3667@college.com,password123,student,IT,true,true
Emma Desai,student3668@college.com,password123,student,MATH,true,true
Anita Sharma,student3669@college.com,password123,student,MECH,true,true
Neha Pandey,student3670@college.com,password123,student,PHY,true,true
Yusuf Ahmed,student3671@college.com,password123,student,MBA,true,true
Anjali Naidu,student3672@college.com,password123,student,CHEM,true,true
Priya Tiwari,student3673@college.com,password123,student,CIVIL,true,true
Yusuf Kumar,student3674@college.com,password123,student,CSE,true,true
Sneha Das,student3675@college.com,password123,student,EEE,true,true
Aarav Joshi,student3676@college.com,password123,student,ECE,true,true
Zoya Yadav,student3677@college.com,password123,student,IT,true,true
Anjali Nair,student3678@college.com,password123,student,MATH,true,true
Anita Sheikh,student3679@college.com,password123,student,MECH,true,true
Grace Mehta,student3680@college.com,password123,student,PHY,true,true
Diya Jacob,student3681@college.com,password123,student,MBA,true,true
Vikram Desai,student3682@college.com,password123,student,CHEM,true,true
Vihaan Thomas,student3683@college.com,password123,student,CIVIL,true,true
Farhan Patel,student3684@college.com,password123,student,CSE,true,true
Kavya Sheikh,student3685@college.com,password123,student,EEE,true,true
Robert Bansal,student3686@college.com,password123,student,ECE,true,true
Sai Chauhan,student3687@college.com,password123,student,IT,true,true
Aliya Yadav,student3688@college.com,password123,student,MATH,true,true
Suresh George,student3689@college.com,password123,student,MECH,true,true
Aryan Chatterjee,student3690@college.com,password123,student,PHY,true,true
Swati Gupta,student3691@college.com,password123,student,MBA,true,true
Meera Mathew,student3692@college.com,password123,student,CHEM,true,true
Aryan Khanna,student3693@college.com,password123,student,CIVIL,true,true
Zoya Joshi,student3694@college.com,password123,student,CSE,true,true
Emma Reddy,student3695@college.com,password123,student,EEE,true,true
Mohammed Varghese,student3696@college.com,password123,student,ECE,true,true
Isha Ahmed,student3697@college.com,password123,student,IT,true,true
Sai Thomas,student3698@college.com,password123,student,MATH,true,true
Tara Mishra,student3699@college.com,password123,student,MECH,true,true
Aryan Iyer,student3700@college.com,password123,student,PHY,true,true
Aditya Banerjee,student3701@college.com,password123,student,MBA,true,true
Vivaan Tiwari,student3702@college.com,password123,student,CHEM,true,true
Kiran Bose,student3703@college.com,password123,student,CIVIL,true,true
Divya Joshi,student3704@college.com,password123,student,CSE,true,true
Arjun Sheikh,student3705@college.com,password123,student,EEE,true,true
Farhan Khanna,student3706@college.com,password123,student,ECE,true,true
Divya Sheikh,student3707@college.com,password123,student,IT,true,true
James Rathore,student3708@college.com,password123,student,MATH,true,true
Vivaan Gupta,student3709@college.com,password123,student,MECH,true,true
Diya Singh,student3710@college.com,password123,student,PHY,true,true
Diya Tiwari,student3711@college.com,password123,student,MBA,true,true
Aditya Desai,student3712@college.com,password123,student,CHEM,true,true
Ayaan Mukherjee,student3713@college.com,password123,student,CIVIL,true,true
John George,student3714@college.com,password123,student,CSE,true,true
Imran Hussain,student3715@college.com,password123,student,EEE,true,true
Zara Jacob,student3716@college.com,password123,student,ECE,true,true
Emily Sheikh,student3717@college.com,password123,student,IT,true,true
Ishaan Mishra,student3718@college.com,password123,student,MATH,true,true
Kiran Das,student3719@college.com,password123,student,MECH,true,true
Grace Kumar,student3720@college.com,password123,student,PHY,true,true
Aditya Mishra,student3721@college.com,password123,student,MBA,true,true
Ishaan Ahmed,student3722@college.com,password123,student,CHEM,true,true
Farhan Verma,student3723@college.com,password123,student,CIVIL,true,true
Anjali Costa,student3724@college.com,password123,student,CSE,true,true
Aditya Bose,student3725@college.com,password123,student,EEE,true,true
Zoya George,student3726@college.com,password123,student,ECE,true,true
Krishna Sharma,student3727@college.com,password123,student,IT,true,true
Kabir Thomas,student3728@college.com,password123,student,MATH,true,true
Vihaan Khanna,student3729@college.com,password123,student,MECH,true,true
Michael Reddy,student3730@college.com,password123,student,PHY,true,true
Zara Costa,student3731@college.com,password123,student,MBA,true,true
Rohan Pinto,student3732@college.com,password123,student,CHEM,true,true
Arjun Reddy,student3733@college.com,password123,student,CIVIL,true,true
Ayaan Ahmed,student3734@college.com,password123,student,CSE,true,true
Lakshmi Costa,student3735@college.com,password123,student,EEE,true,true
Karan Kumar,student3736@college.com,password123,student,ECE,true,true
John Banerjee,student3737@college.com,password123,student,IT,true,true
Saanvi Bansal,student3738@college.com,password123,student,MATH,true,true
John Mishra,student3739@college.com,password123,student,MECH,true,true
Sameer Desai,student3740@college.com,password123,student,PHY,true,true
Ananya Nair,student3741@college.com,password123,student,MBA,true,true
Sameer Fernandes,student3742@college.com,password123,student,CHEM,true,true
Sneha Iyer,student3743@college.com,password123,student,CIVIL,true,true
Ananya Mukherjee,student3744@college.com,password123,student,CSE,true,true
Aliya Gupta,student3745@college.com,password123,student,EEE,true,true
Kiran Chatterjee,student3746@college.com,password123,student,ECE,true,true
Diya Kumar,student3747@college.com,password123,student,IT,true,true
Ayaan Malhotra,student3748@college.com,password123,student,MATH,true,true
Ishaan Dubey,student3749@college.com,password123,student,MECH,true,true
Riya Rao,student3750@college.com,password123,student,PHY,true,true
Zoya Shah,student3751@college.com,password123,student,MBA,true,true
Swati Rao,student3752@college.com,password123,student,CHEM,true,true
Tara Bose,student3753@college.com,password123,student,CIVIL,true,true
Grace Pinto,student3754@college.com,password123,student,CSE,true,true
Aditya Iyer,student3755@college.com,password123,student,EEE,true,true
Reyansh Thomas,student3756@college.com,password123,student,ECE,true,true
Radha Joshi,student3757@college.com,password123,student,IT,true,true
Yusuf Rao,student3758@college.com,password123,student,MATH,true,true
Vivaan Ahmed,student3759@college.com,password123,student,MECH,true,true
Sai Sharma,student3760@college.com,password123,student,PHY,true,true
Aarav Chatterjee,student3761@college.com,password123,student,MBA,true,true
Grace Patel,student3762@college.com,password123,student,CHEM,true,true
Ayesha George,student3763@college.com,password123,student,CIVIL,true,true
Kiran Chopra,student3764@college.com,password123,student,CSE,true,true
Riya Varghese,student3765@college.com,password123,student,EEE,true,true
John Yadav,student3766@college.com,password123,student,ECE,true,true
Anjali Varghese,student3767@college.com,password123,student,IT,true,true
Krishna Mukherjee,student3768@college.com,password123,student,MATH,true,true
Ishaan Thomas,student3769@college.com,password123,student,MECH,true,true
Amit Hussain,student3770@college.com,password123,student,PHY,true,true
Tara Pillai,student3771@college.com,password123,student,MBA,true,true
Nikhil Chatterjee,student3772@college.com,password123,student,CHEM,true,true
Radha Varghese,student3773@college.com,password123,student,CIVIL,true,true
Aditya Rodrigues,student3774@college.com,password123,student,CSE,true,true
Kabir Pandey,student3775@college.com,password123,student,EEE,true,true
Divya Costa,student3776@college.com,password123,student,ECE,true,true
Sai Thomas,student3777@college.com,password123,student,IT,true,true
Michael Khanna,student3778@college.com,password123,student,MATH,true,true
Isha Pillai,student3779@college.com,password123,student,MECH,true,true
Aarav D'Souza,student3780@college.com,password123,student,PHY,true,true
Nikhil Banerjee,student3781@college.com,password123,student,MBA,true,true
Ayaan Hussain,student3782@college.com,password123,student,CHEM,true,true
Reyansh Costa,student3783@college.com,password123,student,CIVIL,true,true
Kavya Dubey,student3784@college.com,password123,student,CSE,true,true
Sneha Ali,student3785@college.com,password123,student,EEE,true,true
Karan Chauhan,student3786@college.com,password123,student,ECE,true,true
Yusuf Thomas,student3787@college.com,password123,student,IT,true,true
Imran Mukherjee,student3788@college.com,password123,student,MATH,true,true
Amit Singh,student3789@college.com,password123,student,MECH,true,true
Aryan Nair,student3790@college.com,password123,student,PHY,true,true
David Menon,student3791@college.com,password123,student,MBA,true,true
Sameer Khan,student3792@college.com,password123,student,CHEM,true,true
Divya Chatterjee,student3793@college.com,password123,student,CIVIL,true,true
Rohan Mathew,student3794@college.com,password123,student,CSE,true,true
Grace Gupta,student3795@college.com,password123,student,EEE,true,true
Vihaan George,student3796@college.com,password123,student,ECE,true,true
Kavya Chopra,student3797@college.com,password123,student,IT,true,true
Dhruv Naidu,student3798@college.com,password123,student,MATH,true,true
Rahul Bansal,student3799@college.com,password123,student,MECH,true,true
Radha Dubey,student3800@college.com,password123,student,PHY,true,true
Zara Gupta,student3801@college.com,password123,student,MBA,true,true
Reyansh Mishra,student3802@college.com,password123,student,CHEM,true,true
Vihaan Sheikh,student3803@college.com,password123,student,CIVIL,true,true
Kabir Rao,student3804@college.com,password123,student,CSE,true,true
David Verma,student3805@college.com,password123,student,EEE,true,true
Divya Ali,student3806@college.com,password123,student,ECE,true,true
Ayaan Kumar,student3807@college.com,password123,student,IT,true,true
Emma Bose,student3808@college.com,password123,student,MATH,true,true
Fatima Rathore,student3809@college.com,password123,student,MECH,true,true
Kiran Pinto,student3810@college.com,password123,student,PHY,true,true
Ananya Pillai,student3811@college.com,password123,student,MBA,true,true
Aryan Mishra,student3812@college.com,password123,student,CHEM,true,true
Sameer Agarwal,student3813@college.com,password123,student,CIVIL,true,true
Karan Yadav,student3814@college.com,password123,student,CSE,true,true
Ayaan Agarwal,student3815@college.com,password123,student,EEE,true,true
Karan Reddy,student3816@college.com,password123,student,ECE,true,true
Nikhil Mishra,student3817@college.com,password123,student,IT,true,true
Riya Banerjee,student3818@college.com,password123,student,MATH,true,true
Meera Das,student3819@college.com,password123,student,MECH,true,true
Arjun Khan,student3820@college.com,password123,student,PHY,true,true
Kiran Ahmed,student3821@college.com,password123,student,MBA,true,true
Vihaan Naidu,student3822@college.com,password123,student,CHEM,true,true
Ishaan Mukherjee,student3823@college.com,password123,student,CIVIL,true,true
Grace Costa,student3824@college.com,password123,student,CSE,true,true
Zara Chatterjee,student3825@college.com,password123,student,EEE,true,true
Meera Shah,student3826@college.com,password123,student,ECE,true,true
Krishna Chauhan,student3827@college.com,password123,student,IT,true,true
Fatima Banerjee,student3828@college.com,password123,student,MATH,true,true
Mohammed Mehta,student3829@college.com,password123,student,MECH,true,true
Amit Banerjee,student3830@college.com,password123,student,PHY,true,true
Diya Iyer,student3831@college.com,password123,student,MBA,true,true
Aditya Varghese,student3832@college.com,password123,student,CHEM,true,true
Anita Singh,student3833@college.com,password123,student,CIVIL,true,true
Amit Iyer,student3834@college.com,password123,student,CSE,true,true
Ayaan Chauhan,student3835@college.com,password123,student,EEE,true,true
Zara Pillai,student3836@college.com,password123,student,ECE,true,true
Rohan Dubey,student3837@college.com,password123,student,IT,true,true
Diya Das,student3838@college.com,password123,student,MATH,true,true
Sarah Chopra,student3839@college.com,password123,student,MECH,true,true
Lakshmi Rao,student3840@college.com,password123,student,PHY,true,true
David Thomas,student3841@college.com,password123,student,MBA,true,true
Radha Rao,student3842@college.com,password123,student,CHEM,true,true
Anita D'Souza,student3843@college.com,password123,student,CIVIL,true,true
Robert Das,student3844@college.com,password123,student,CSE,true,true
Sai Pillai,student3845@college.com,password123,student,EEE,true,true
Robert Hussain,student3846@college.com,password123,student,ECE,true,true
Divya Mukherjee,student3847@college.com,password123,student,IT,true,true
Kiran Khan,student3848@college.com,password123,student,MATH,true,true
James Chauhan,student3849@college.com,password123,student,MECH,true,true
Amit Sharma,student3850@college.com,password123,student,PHY,true,true
Fatima Naidu,student3851@college.com,password123,student,MBA,true,true
Sara Bose,student3852@college.com,password123,student,CHEM,true,true
Nikhil Agarwal,student3853@college.com,password123,student,CIVIL,true,true
Saanvi Pinto,student3854@college.com,password123,student,CSE,true,true
Karan Pinto,student3855@college.com,password123,student,EEE,true,true
Ishaan Fernandes,student3856@college.com,password123,student,ECE,true,true
Emma Sharma,student3857@college.com,password123,student,IT,true,true
Riya Gupta,student3858@college.com,password123,student,MATH,true,true
Aditya Khan,student3859@college.com,password123,student,MECH,true,true
Fatima Yadav,student3860@college.com,password123,student,PHY,true,true
Neha Gupta,student3861@college.com,password123,student,MBA,true,true
Saanvi Hussain,student3862@college.com,password123,student,CHEM,true,true
Priya Khan,student3863@college.com,password123,student,CIVIL,true,true
John Varghese,student3864@college.com,password123,student,CSE,true,true
Michael Reddy,student3865@college.com,password123,student,EEE,true,true
Tara Ahmed,student3866@college.com,password123,student,ECE,true,true
Nikhil Patel,student3867@college.com,password123,student,IT,true,true
Swati Dubey,student3868@college.com,password123,student,MATH,true,true
Aarav Varghese,student3869@college.com,password123,student,MECH,true,true
Fatima Pillai,student3870@college.com,password123,student,PHY,true,true
Dhruv Iyer,student3871@college.com,password123,student,MBA,true,true
Isha Chopra,student3872@college.com,password123,student,CHEM,true,true
Nikhil George,student3873@college.com,password123,student,CIVIL,true,true
Sai Verma,student3874@college.com,password123,student,CSE,true,true
Anjali Mathew,student3875@college.com,password123,student,EEE,true,true
Vikram Rao,student3876@college.com,password123,student,ECE,true,true
Ayesha Chauhan,student3877@college.com,password123,student,IT,true,true
Robert Fernandes,student3878@college.com,password123,student,MATH,true,true
Sara Pinto,student3879@college.com,password123,student,MECH,true,true
Vivaan Chauhan,student3880@college.com,password123,student,PHY,true,true
Zara Yadav,student3881@college.com,password123,student,MBA,true,true
Krishna Pandey,student3882@college.com,password123,student,CHEM,true,true
Priya Chatterjee,student3883@college.com,password123,student,CIVIL,true,true
David Shah,student3884@college.com,password123,student,CSE,true,true
Mohammed Chauhan,student3885@college.com,password123,student,EEE,true,true
Ayesha Thomas,student3886@college.com,password123,student,ECE,true,true
Aarav Thomas,student3887@college.com,password123,student,IT,true,true
Arjun Joshi,student3888@college.com,password123,student,MATH,true,true
Emma Varghese,student3889@college.com,password123,student,MECH,true,true
Diya Hussain,student3890@college.com,password123,student,PHY,true,true
Aditya Chopra,student3891@college.com,password123,student,MBA,true,true
Saanvi Dubey,student3892@college.com,password123,student,CHEM,true,true
Amit Varghese,student3893@college.com,password123,student,CIVIL,true,true
Radha Sheikh,student3894@college.com,password123,student,CSE,true,true
Anita Mukherjee,student3895@college.com,password123,student,EEE,true,true
David Jacob,student3896@college.com,password123,student,ECE,true,true
Sai Costa,student3897@college.com,password123,student,IT,true,true
Sarah Bansal,student3898@college.com,password123,student,MATH,true,true
Sara Singh,student3899@college.com,password123,student,MECH,true,true
Neha Jacob,student3900@college.com,password123,student,PHY,true,true
Kavya Singh,student3901@college.com,password123,student,MBA,true,true
Ayaan Joshi,student3902@college.com,password123,student,CHEM,true,true
Kavya Chauhan,student3903@college.com,password123,student,CIVIL,true,true
Radha Gupta,student3904@college.com,password123,student,CSE,true,true
Kavya Shah,student3905@college.com,password123,student,EEE,true,true
Kabir George,student3906@college.com,password123,student,ECE,true,true
Swati Pandey,student3907@college.com,password123,student,IT,true,true
Arjun D'Souza,student3908@college.com,password123,student,MATH,true,true
Ayesha Yadav,student3909@college.com,password123,student,MECH,true,true
Dhruv Iyer,student3910@college.com,password123,student,PHY,true,true
Diya Bose,student3911@college.com,password123,student,MBA,true,true
Sneha Nair,student3912@college.com,password123,student,CHEM,true,true
Farhan Khan,student3913@college.com,password123,student,CIVIL,true,true
Sara Dubey,student3914@college.com,password123,student,CSE,true,true
Kiran Varghese,student3915@college.com,password123,student,EEE,true,true
Dhruv Dubey,student3916@college.com,password123,student,ECE,true,true
Sara Dubey,student3917@college.com,password123,student,IT,true,true
Karan Agarwal,student3918@college.com,password123,student,MATH,true,true
Isha Malhotra,student3919@college.com,password123,student,MECH,true,true
Neha Jacob,student3920@college.com,password123,student,PHY,true,true
Saanvi Malhotra,student3921@college.com,password123,student,MBA,true,true
Vihaan Kumar,student3922@college.com,password123,student,CHEM,true,true
Kavya Mehta,student3923@college.com,password123,student,CIVIL,true,true
Tara Ahmed,student3924@college.com,password123,student,CSE,true,true
Neha Hussain,student3925@college.com,password123,student,EEE,true,true
James Nair,student3926@college.com,password123,student,ECE,true,true
Anjali Pandey,student3927@college.com,password123,student,IT,true,true
Sneha Jacob,student3928@college.com,password123,student,MATH,true,true
Michael Sheikh,student3929@college.com,password123,student,MECH,true,true
Emma Chopra,student3930@college.com,password123,student,PHY,true,true
Tara Costa,student3931@college.com,password123,student,MBA,true,true
Kavya Jacob,student3932@college.com,password123,student,CHEM,true,true
Zoya Kumar,student3933@college.com,password123,student,CIVIL,true,true
Aryan Chauhan,student3934@college.com,password123,student,CSE,true,true
Sai Patel,student3935@college.com,password123,student,EEE,true,true
Priya Chatterjee,student3936@college.com,password123,student,ECE,true,true
Suresh Kumar,student3937@college.com,password123,student,IT,true,true
Reyansh Rao,student3938@college.com,password123,student,MATH,true,true
Amit Nair,student3939@college.com,password123,student,MECH,true,true
Zoya Menon,student3940@college.com,password123,student,PHY,true,true
Divya Menon,student3941@college.com,password123,student,MBA,true,true
Emily Mukherjee,student3942@college.com,password123,student,CHEM,true,true
Pooja Thomas,student3943@college.com,password123,student,CIVIL,true,true
Vivaan Chopra,student3944@college.com,password123,student,CSE,true,true
Riya Jacob,student3945@college.com,password123,student,EEE,true,true
Sneha Iyer,student3946@college.com,password123,student,ECE,true,true
Anjali Mehta,student3947@college.com,password123,student,IT,true,true
Riya Rathore,student3948@college.com,password123,student,MATH,true,true
Sara George,student3949@college.com,password123,student,MECH,true,true
Vivaan Chopra,student3950@college.com,password123,student,PHY,true,true
Aryan Kumar,student3951@college.com,password123,student,MBA,true,true
Vivaan Das,student3952@college.com,password123,student,CHEM,true,true
James Hussain,student3953@college.com,password123,student,CIVIL,true,true
Farhan Bansal,student3954@college.com,password123,student,CSE,true,true
Riya Pinto,student3955@college.com,password123,student,EEE,true,true
Diya George,student3956@college.com,password123,student,ECE,true,true
Farhan Agarwal,student3957@college.com,password123,student,IT,true,true
Divya Pinto,student3958@college.com,password123,student,MATH,true,true
Imran Varghese,student3959@college.com,password123,student,MECH,true,true
Pooja D'Souza,student3960@college.com,password123,student,PHY,true,true
Tara Chauhan,student3961@college.com,password123,student,MBA,true,true
Vikram Fernandes,student3962@college.com,password123,student,CHEM,true,true
Krishna Khanna,student3963@college.com,password123,student,CIVIL,true,true
Rohan Kapoor,student3964@college.com,password123,student,CSE,true,true
Karan Khan,student3965@college.com,password123,student,EEE,true,true
Kavya Chopra,student3966@college.com,password123,student,ECE,true,true
Yusuf Singh,student3967@college.com,password123,student,IT,true,true
Ishaan Mehta,student3968@college.com,password123,student,MATH,true,true
Suresh Chauhan,student3969@college.com,password123,student,MECH,true,true
Rohan Costa,student3970@college.com,password123,student,PHY,true,true
Grace Rao,student3971@college.com,password123,student,MBA,true,true
Ayesha Sheikh,student3972@college.com,password123,student,CHEM,true,true
Suresh Chatterjee,student3973@college.com,password123,student,CIVIL,true,true
Kabir Pandey,student3974@college.com,password123,student,CSE,true,true
Zoya Mathew,student3975@college.com,password123,student,EEE,true,true
David Menon,student3976@college.com,password123,student,ECE,true,true
Rohan Bose,student3977@college.com,password123,student,IT,true,true
Ayaan Gupta,student3978@college.com,password123,student,MATH,true,true
Ananya Fernandes,student3979@college.com,password123,student,MECH,true,true
Krishna Rathore,student3980@college.com,password123,student,PHY,true,true
Rahul Shah,student3981@college.com,password123,student,MBA,true,true
Kabir Mukherjee,student3982@college.com,password123,student,CHEM,true,true
Swati Pandey,student3983@college.com,password123,student,CIVIL,true,true
Aditya Mathew,student3984@college.com,password123,student,CSE,true,true
Ananya Mehta,student3985@college.com,password123,student,EEE,true,true
Ishaan Shah,student3986@college.com,password123,student,ECE,true,true
Tara Sheikh,student3987@college.com,password123,student,IT,true,true
Rohan Sheikh,student3988@college.com,password123,student,MATH,true,true
Vikram Nair,student3989@college.com,password123,student,MECH,true,true
Olivia Verma,student3990@college.com,password123,student,PHY,true,true
Priya Ahmed,student3991@college.com,password123,student,MBA,true,true
Yusuf Menon,student3992@college.com,password123,student,CHEM,true,true
Zara Agarwal,student3993@college.com,password123,student,CIVIL,true,true
Ishaan Sharma,student3994@college.com,password123,student,CSE,true,true
Sara Sheikh,student3995@college.com,password123,student,EEE,true,true
Neha Bansal,student3996@college.com,password123,student,ECE,true,true
Farhan Pandey,student3997@college.com,password123,student,IT,true,true
Suresh Khan,student3998@college.com,password123,student,MATH,true,true
Emma Chopra,student3999@college.com,password123,student,MECH,true,true
Aliya Fernandes,student4000@college.com,password123,student,PHY,true,true
Imran Menon,student4001@college.com,password123,student,MBA,true,true
John Fernandes,student4002@college.com,password123,student,CHEM,true,true
Fatima Rathore,student4003@college.com,password123,student,CIVIL,true,true
Diya Varghese,student4004@college.com,password123,student,CSE,true,true
Ayaan Tiwari,student4005@college.com,password123,student,EEE,true,true
Anjali Gupta,student4006@college.com,password123,student,ECE,true,true
Krishna Jacob,student4007@college.com,password123,student,IT,true,true
Swati Nair,student4008@college.com,password123,student,MATH,true,true
Vikram Verma,student4009@college.com,password123,student,MECH,true,true
Priya Costa,student4010@college.com,password123,student,PHY,true,true
James Das,student4011@college.com,password123,student,MBA,true,true
Tara Mehta,student4012@college.com,password123,student,CHEM,true,true
Sai Agarwal,student4013@college.com,password123,student,CIVIL,true,true
Vihaan Rodrigues,student4014@college.com,password123,student,CSE,true,true
Farhan Banerjee,student4015@college.com,password123,student,EEE,true,true
Kiran Hussain,student4016@college.com,password123,student,ECE,true,true
Karan Yadav,student4017@college.com,password123,student,IT,true,true
Amit Banerjee,student4018@college.com,password123,student,MATH,true,true
Vivaan Patel,student4019@college.com,password123,student,MECH,true,true
Sneha Rathore,student4020@college.com,password123,student,PHY,true,true
Sameer Mathew,student4021@college.com,password123,student,MBA,true,true
Sai Ali,student4022@college.com,password123,student,CHEM,true,true
Priya Banerjee,student4023@college.com,password123,student,CIVIL,true,true
Divya Agarwal,student4024@college.com,password123,student,CSE,true,true
Lakshmi Rodrigues,student4025@college.com,password123,student,EEE,true,true
Neha Singh,student4026@college.com,password123,student,ECE,true,true
Olivia Mathew,student4027@college.com,password123,student,IT,true,true
Kavya Desai,student4028@college.com,password123,student,MATH,true,true
Ishaan Pandey,student4029@college.com,password123,student,MECH,true,true
Robert Naidu,student4030@college.com,password123,student,PHY,true,true
Kavya Joshi,student4031@college.com,password123,student,MBA,true,true
Kavya Sharma,student4032@college.com,password123,student,CHEM,true,true
Suresh Mehta,student4033@college.com,password123,student,CIVIL,true,true
Isha Khanna,student4034@college.com,password123,student,CSE,true,true
Tara D'Souza,student4035@college.com,password123,student,EEE,true,true
Sai Mukherjee,student4036@college.com,password123,student,ECE,true,true
Fatima Rathore,student4037@college.com,password123,student,IT,true,true
Sara Pillai,student4038@college.com,password123,student,MATH,true,true
John Rathore,student4039@college.com,password123,student,MECH,true,true
Suresh Rao,student4040@college.com,password123,student,PHY,true,true
John Tiwari,student4041@college.com,password123,student,MBA,true,true
Emma Naidu,student4042@college.com,password123,student,CHEM,true,true
Fatima Pillai,student4043@college.com,password123,student,CIVIL,true,true
Krishna Pinto,student4044@college.com,password123,student,CSE,true,true
Lakshmi Patel,student4045@college.com,password123,student,EEE,true,true
Ishaan Mukherjee,student4046@college.com,password123,student,ECE,true,true
Vikram Khan,student4047@college.com,password123,student,IT,true,true
Emily Hussain,student4048@college.com,password123,student,MATH,true,true
Diya Kumar,student4049@college.com,password123,student,MECH,true,true
Grace Pinto,student4050@college.com,password123,student,PHY,true,true
Aliya Joshi,student4051@college.com,password123,student,MBA,true,true
Sai Sharma,student4052@college.com,password123,student,CHEM,true,true
Riya Thomas,student4053@college.com,password123,student,CIVIL,true,true
Olivia Malhotra,student4054@college.com,password123,student,CSE,true,true
Riya Chatterjee,student4055@college.com,password123,student,EEE,true,true
Swati Chauhan,student4056@college.com,password123,student,ECE,true,true
Ayesha Fernandes,student4057@college.com,password123,student,IT,true,true
Aliya Iyer,student4058@college.com,password123,student,MATH,true,true
Aryan Chatterjee,student4059@college.com,password123,student,MECH,true,true
James Joshi,student4060@college.com,password123,student,PHY,true,true
Suresh D'Souza,student4061@college.com,password123,student,MBA,true,true
Divya Gupta,student4062@college.com,password123,student,CHEM,true,true
Michael Khanna,student4063@college.com,password123,student,CIVIL,true,true
James Pinto,student4064@college.com,password123,student,CSE,true,true
Vikram Ahmed,student4065@college.com,password123,student,EEE,true,true
Swati Mishra,student4066@college.com,password123,student,ECE,true,true
Zara Das,student4067@college.com,password123,student,IT,true,true
Vivaan Sharma,student4068@college.com,password123,student,MATH,true,true
Ishaan Kapoor,student4069@college.com,password123,student,MECH,true,true
Vikram Thomas,student4070@college.com,password123,student,PHY,true,true
James Thomas,student4071@college.com,password123,student,MBA,true,true
Anjali Nair,student4072@college.com,password123,student,CHEM,true,true
Farhan Mathew,student4073@college.com,password123,student,CIVIL,true,true
Emma Chopra,student4074@college.com,password123,student,CSE,true,true
Riya Chatterjee,student4075@college.com,password123,student,EEE,true,true
Divya Varghese,student4076@college.com,password123,student,ECE,true,true
Farhan Bose,student4077@college.com,password123,student,IT,true,true
Vivaan Nair,student4078@college.com,password123,student,MATH,true,true
Aliya Malhotra,student4079@college.com,password123,student,MECH,true,true
Divya Kumar,student4080@college.com,password123,student,PHY,true,true
Lakshmi Mishra,student4081@college.com,password123,student,MBA,true,true
Kavya Pinto,student4082@college.com,password123,student,CHEM,true,true
Anjali Fernandes,student4083@college.com,password123,student,CIVIL,true,true
Saanvi Kapoor,student4084@college.com,password123,student,CSE,true,true
Mohammed Jacob,student4085@college.com,password123,student,EEE,true,true
Anjali Varghese,student4086@college.com,password123,student,ECE,true,true
Michael Nair,student4087@college.com,password123,student,IT,true,true
Kavya Ali,student4088@college.com,password123,student,MATH,true,true
Fatima Fernandes,student4089@college.com,password123,student,MECH,true,true
Vivaan Kapoor,student4090@college.com,password123,student,PHY,true,true
Rohan Pinto,student4091@college.com,password123,student,MBA,true,true
Vihaan Menon,student4092@college.com,password123,student,CHEM,true,true
Ananya Chauhan,student4093@college.com,password123,student,CIVIL,true,true
Sarah Varghese,student4094@college.com,password123,student,CSE,true,true
Krishna Mehta,student4095@college.com,password123,student,EEE,true,true
Rohan Singh,student4096@college.com,password123,student,ECE,true,true
Amit Shah,student4097@college.com,password123,student,IT,true,true
Riya Thomas,student4098@college.com,password123,student,MATH,true,true
Olivia Mehta,student4099@college.com,password123,student,MECH,true,true
Vihaan Chopra,student4100@college.com,password123,student,PHY,true,true
Suresh Hussain,student4101@college.com,password123,student,MBA,true,true
Mohammed Kumar,student4102@college.com,password123,student,CHEM,true,true
Neha Banerjee,student4103@college.com,password123,student,CIVIL,true,true
Yusuf Thomas,student4104@college.com,password123,student,CSE,true,true
Kabir Dubey,student4105@college.com,password123,student,EEE,true,true
Reyansh Rodrigues,student4106@college.com,password123,student,ECE,true,true
Aliya Rao,student4107@college.com,password123,student,IT,true,true
Sneha Agarwal,student4108@college.com,password123,student,MATH,true,true
Emily Agarwal,student4109@college.com,password123,student,MECH,true,true
Michael Jacob,student4110@college.com,password123,student,PHY,true,true
John Khanna,student4111@college.com,password123,student,MBA,true,true
Amit Jacob,student4112@college.com,password123,student,CHEM,true,true
Zoya Varghese,student4113@college.com,password123,student,CIVIL,true,true
Kavya Reddy,student4114@college.com,password123,student,CSE,true,true
Sneha Pinto,student4115@college.com,password123,student,EEE,true,true
Isha Menon,student4116@college.com,password123,student,ECE,true,true
Aarav Iyer,student4117@college.com,password123,student,IT,true,true
Pooja Chopra,student4118@college.com,password123,student,MATH,true,true
Kavya Yadav,student4119@college.com,password123,student,MECH,true,true
Divya Pillai,student4120@college.com,password123,student,PHY,true,true
Diya Rao,student4121@college.com,password123,student,MBA,true,true
Reyansh Mukherjee,student4122@college.com,password123,student,CHEM,true,true
Ishaan Ali,student4123@college.com,password123,student,CIVIL,true,true
Karan Banerjee,student4124@college.com,password123,student,CSE,true,true
David D'Souza,student4125@college.com,password123,student,EEE,true,true
Radha Varghese,student4126@college.com,password123,student,ECE,true,true
James Hussain,student4127@college.com,password123,student,IT,true,true
Robert Sheikh,student4128@college.com,password123,student,MATH,true,true
Ayesha D'Souza,student4129@college.com,password123,student,MECH,true,true
Zoya Dubey,student4130@college.com,password123,student,PHY,true,true
John Nair,student4131@college.com,password123,student,MBA,true,true
Riya Chauhan,student4132@college.com,password123,student,CHEM,true,true
Olivia Kumar,student4133@college.com,password123,student,CIVIL,true,true
Ayaan Iyer,student4134@college.com,password123,student,CSE,true,true
Grace Verma,student4135@college.com,password123,student,EEE,true,true
Anjali Mehta,student4136@college.com,password123,student,ECE,true,true
Vikram Varghese,student4137@college.com,password123,student,IT,true,true
Kavya Iyer,student4138@college.com,password123,student,MATH,true,true
Michael Rathore,student4139@college.com,password123,student,MECH,true,true
Sarah Rodrigues,student4140@college.com,password123,student,PHY,true,true
Pooja Dubey,student4141@college.com,password123,student,MBA,true,true
Diya Chatterjee,student4142@college.com,password123,student,CHEM,true,true
Ayesha Khanna,student4143@college.com,password123,student,CIVIL,true,true
Vivaan Mishra,student4144@college.com,password123,student,CSE,true,true
Michael Nair,student4145@college.com,password123,student,EEE,true,true
Karan Iyer,student4146@college.com,password123,student,ECE,true,true
Robert Varghese,student4147@college.com,password123,student,IT,true,true
Ishaan Varghese,student4148@college.com,password123,student,MATH,true,true
Karan Khanna,student4149@college.com,password123,student,MECH,true,true
Krishna Mukherjee,student4150@college.com,password123,student,PHY,true,true
Krishna Patel,student4151@college.com,password123,student,MBA,true,true
Saanvi Varghese,student4152@college.com,password123,student,CHEM,true,true
Aliya Nair,student4153@college.com,password123,student,CIVIL,true,true
Arjun Verma,student4154@college.com,password123,student,CSE,true,true
Yusuf Khan,student4155@college.com,password123,student,EEE,true,true
Aliya Naidu,student4156@college.com,password123,student,ECE,true,true
Aditya Banerjee,student4157@college.com,password123,student,IT,true,true
Reyansh Gupta,student4158@college.com,password123,student,MATH,true,true
David Mathew,student4159@college.com,password123,student,MECH,true,true
Neha Pinto,student4160@college.com,password123,student,PHY,true,true
Vihaan Khan,student4161@college.com,password123,student,MBA,true,true
Ayaan Kapoor,student4162@college.com,password123,student,CHEM,true,true
Aditya Kumar,student4163@college.com,password123,student,CIVIL,true,true
Vikram Mathew,student4164@college.com,password123,student,CSE,true,true
Aarav Dubey,student4165@college.com,password123,student,EEE,true,true
Reyansh Nair,student4166@college.com,password123,student,ECE,true,true
Olivia Rodrigues,student4167@college.com,password123,student,IT,true,true
Dhruv Pinto,student4168@college.com,password123,student,MATH,true,true
Emma Banerjee,student4169@college.com,password123,student,MECH,true,true
Kabir Mathew,student4170@college.com,password123,student,PHY,true,true
Isha Verma,student4171@college.com,password123,student,MBA,true,true
Sai Menon,student4172@college.com,password123,student,CHEM,true,true
Robert Mishra,student4173@college.com,password123,student,CIVIL,true,true
Amit Pinto,student4174@college.com,password123,student,CSE,true,true
Isha Mehta,student4175@college.com,password123,student,EEE,true,true
Rohan Ali,student4176@college.com,password123,student,ECE,true,true
Yusuf Tiwari,student4177@college.com,password123,student,IT,true,true
Radha Bose,student4178@college.com,password123,student,MATH,true,true
Neha Fernandes,student4179@college.com,password123,student,MECH,true,true
Arjun Reddy,student4180@college.com,password123,student,PHY,true,true
Michael Pinto,student4181@college.com,password123,student,MBA,true,true
Aliya Sharma,student4182@college.com,password123,student,CHEM,true,true
Pooja Mukherjee,student4183@college.com,password123,student,CIVIL,true,true
Ayesha Banerjee,student4184@college.com,password123,student,CSE,true,true
Suresh Rao,student4185@college.com,password123,student,EEE,true,true
Emma Dubey,student4186@college.com,password123,student,ECE,true,true
Sneha Sharma,student4187@college.com,password123,student,IT,true,true
Fatima Reddy,student4188@college.com,password123,student,MATH,true,true
Grace Mukherjee,student4189@college.com,password123,student,MECH,true,true
Olivia Ali,student4190@college.com,password123,student,PHY,true,true
Robert Pandey,student4191@college.com,password123,student,MBA,true,true
Anjali Shah,student4192@college.com,password123,student,CHEM,true,true
Zoya Pinto,student4193@college.com,password123,student,CIVIL,true,true
Kabir Rathore,student4194@college.com,password123,student,CSE,true,true
Sameer Reddy,student4195@college.com,password123,student,EEE,true,true
Kabir Mehta,student4196@college.com,password123,student,ECE,true,true
Meera Naidu,student4197@college.com,password123,student,IT,true,true
Dhruv Ali,student4198@college.com,password123,student,MATH,true,true
Karan Pillai,student4199@college.com,password123,student,MECH,true,true
Ayaan Dubey,student4200@college.com,password123,student,PHY,true,true
Ananya Nair,student4201@college.com,password123,student,MBA,true,true
Zara Nair,student4202@college.com,password123,student,CHEM,true,true
Pooja Iyer,student4203@college.com,password123,student,CIVIL,true,true
Divya Dubey,student4204@college.com,password123,student,CSE,true,true
Kavya Pandey,student4205@college.com,password123,student,EEE,true,true
Suresh D'Souza,student4206@college.com,password123,student,ECE,true,true
Fatima Gupta,student4207@college.com,password123,student,IT,true,true
Sai Agarwal,student4208@college.com,password123,student,MATH,true,true
Divya Nair,student4209@college.com,password123,student,MECH,true,true
Meera Chopra,student4210@college.com,password123,student,PHY,true,true
Zara Rodrigues,student4211@college.com,password123,student,MBA,true,true
Sara Khanna,student4212@college.com,password123,student,CHEM,true,true
Sameer Rathore,student4213@college.com,password123,student,CIVIL,true,true
Karan D'Souza,student4214@college.com,password123,student,CSE,true,true
Riya Chopra,student4215@college.com,password123,student,EEE,true,true
Robert Naidu,student4216@college.com,password123,student,ECE,true,true
Aryan Kumar,student4217@college.com,password123,student,IT,true,true
Emma Khan,student4218@college.com,password123,student,MATH,true,true
Sameer Shah,student4219@college.com,password123,student,MECH,true,true
Kabir Sharma,student4220@college.com,password123,student,PHY,true,true
Sameer Ahmed,student4221@college.com,password123,student,MBA,true,true
Sameer Reddy,student4222@college.com,password123,student,CHEM,true,true
Priya Rathore,student4223@college.com,password123,student,CIVIL,true,true
Pooja Mathew,student4224@college.com,password123,student,CSE,true,true
Sameer Patel,student4225@college.com,password123,student,EEE,true,true
Ayaan Menon,student4226@college.com,password123,student,ECE,true,true
Priya Desai,student4227@college.com,password123,student,IT,true,true
Zoya Pinto,student4228@college.com,password123,student,MATH,true,true
Reyansh Mishra,student4229@college.com,password123,student,MECH,true,true
Grace Rao,student4230@college.com,password123,student,PHY,true,true
Arjun Shah,student4231@college.com,password123,student,MBA,true,true
Aryan Bansal,student4232@college.com,password123,student,CHEM,true,true
Aryan Rodrigues,student4233@college.com,password123,student,CIVIL,true,true
Robert Desai,student4234@college.com,password123,student,CSE,true,true
Ayaan Das,student4235@college.com,password123,student,EEE,true,true
James Naidu,student4236@college.com,password123,student,ECE,true,true
Fatima Ahmed,student4237@college.com,password123,student,IT,true,true
Amit Dubey,student4238@college.com,password123,student,MATH,true,true
Ayesha Yadav,student4239@college.com,password123,student,MECH,true,true
Kiran Pinto,student4240@college.com,password123,student,PHY,true,true
Amit Dubey,student4241@college.com,password123,student,MBA,true,true
David George,student4242@college.com,password123,student,CHEM,true,true
Priya Mehta,student4243@college.com,password123,student,CIVIL,true,true
Anjali Mathew,student4244@college.com,password123,student,CSE,true,true
Lakshmi Desai,student4245@college.com,password123,student,EEE,true,true
Divya Ali,student4246@college.com,password123,student,ECE,true,true
Amit Menon,student4247@college.com,password123,student,IT,true,true
Yusuf Chauhan,student4248@college.com,password123,student,MATH,true,true
Reyansh Nair,student4249@college.com,password123,student,MECH,true,true
Rahul Ahmed,student4250@college.com,password123,student,PHY,true,true
Divya Das,student4251@college.com,password123,student,MBA,true,true
Mohammed Iyer,student4252@college.com,password123,student,CHEM,true,true
Vivaan Reddy,student4253@college.com,password123,student,CIVIL,true,true
Sara Singh,student4254@college.com,password123,student,CSE,true,true
James Kumar,student4255@college.com,password123,student,EEE,true,true
Divya Jacob,student4256@college.com,password123,student,ECE,true,true
Vivaan Chatterjee,student4257@college.com,password123,student,IT,true,true
Meera Rodrigues,student4258@college.com,password123,student,MATH,true,true
Sameer Agarwal,student4259@college.com,password123,student,MECH,true,true
Ishaan Khanna,student4260@college.com,password123,student,PHY,true,true
Radha Costa,student4261@college.com,password123,student,MBA,true,true
Reyansh Dubey,student4262@college.com,password123,student,CHEM,true,true
Arjun Mathew,student4263@college.com,password123,student,CIVIL,true,true
Aliya Hussain,student4264@college.com,password123,student,CSE,true,true
Yusuf Ahmed,student4265@college.com,password123,student,EEE,true,true
David Chauhan,student4266@college.com,password123,student,ECE,true,true
Aryan Chopra,student4267@college.com,password123,student,IT,true,true
Imran Ahmed,student4268@college.com,password123,student,MATH,true,true
Divya Ali,student4269@college.com,password123,student,MECH,true,true
Rahul Sheikh,student4270@college.com,password123,student,PHY,true,true
Diya Sheikh,student4271@college.com,password123,student,MBA,true,true
Sneha Verma,student4272@college.com,password123,student,CHEM,true,true
Aliya Gupta,student4273@college.com,password123,student,CIVIL,true,true
Saanvi Nair,student4274@college.com,password123,student,CSE,true,true
Meera Rathore,student4275@college.com,password123,student,EEE,true,true
Ananya Joshi,student4276@college.com,password123,student,ECE,true,true
Tara Chauhan,student4277@college.com,password123,student,IT,true,true
Aditya Gupta,student4278@college.com,password123,student,MATH,true,true
Kabir D'Souza,student4279@college.com,password123,student,MECH,true,true
Imran Yadav,student4280@college.com,password123,student,PHY,true,true
Vikram Pandey,student4281@college.com,password123,student,MBA,true,true
Rohan Ahmed,student4282@college.com,password123,student,CHEM,true,true
Saanvi Iyer,student4283@college.com,password123,student,CIVIL,true,true
Vikram Pandey,student4284@college.com,password123,student,CSE,true,true
Meera Ahmed,student4285@college.com,password123,student,EEE,true,true
Aliya Nair,student4286@college.com,password123,student,ECE,true,true
Anita Jacob,student4287@college.com,password123,student,IT,true,true
Divya Mathew,student4288@college.com,password123,student,MATH,true,true
Swati Jacob,student4289@college.com,password123,student,MECH,true,true
Sneha Fernandes,student4290@college.com,password123,student,PHY,true,true
Anjali Khan,student4291@college.com,password123,student,MBA,true,true
Swati Rao,student4292@college.com,password123,student,CHEM,true,true
Neha Singh,student4293@college.com,password123,student,CIVIL,true,true
Priya Kapoor,student4294@college.com,password123,student,CSE,true,true
Divya Pinto,student4295@college.com,password123,student,EEE,true,true
Meera Costa,student4296@college.com,password123,student,ECE,true,true
Sameer Mehta,student4297@college.com,password123,student,IT,true,true
Yusuf Chopra,student4298@college.com,password123,student,MATH,true,true
Ananya Singh,student4299@college.com,password123,student,MECH,true,true
Vivaan Pinto,student4300@college.com,password123,student,PHY,true,true
Aditya Iyer,student4301@college.com,password123,student,MBA,true,true
James Shah,student4302@college.com,password123,student,CHEM,true,true
Isha Mishra,student4303@college.com,password123,student,CIVIL,true,true
Kiran Verma,student4304@college.com,password123,student,CSE,true,true
Aliya Thomas,student4305@college.com,password123,student,EEE,true,true
Diya Joshi,student4306@college.com,password123,student,ECE,true,true
Reyansh Naidu,student4307@college.com,password123,student,IT,true,true
Isha Mehta,student4308@college.com,password123,student,MATH,true,true
Riya Mehta,student4309@college.com,password123,student,MECH,true,true
Vihaan Mathew,student4310@college.com,password123,student,PHY,true,true
Nikhil Bose,student4311@college.com,password123,student,MBA,true,true
Nikhil George,student4312@college.com,password123,student,CHEM,true,true
Vikram Pinto,student4313@college.com,password123,student,CIVIL,true,true
Sai Varghese,student4314@college.com,password123,student,CSE,true,true
Arjun Khanna,student4315@college.com,password123,student,EEE,true,true
Ayaan Bansal,student4316@college.com,password123,student,ECE,true,true
Rohan Verma,student4317@college.com,password123,student,IT,true,true
Sneha Agarwal,student4318@college.com,password123,student,MATH,true,true
Aditya Chauhan,student4319@college.com,password123,student,MECH,true,true
Imran Naidu,student4320@college.com,password123,student,PHY,true,true
Anita Ali,student4321@college.com,password123,student,MBA,true,true
Emma Pillai,student4322@college.com,password123,student,CHEM,true,true
Amit Verma,student4323@college.com,password123,student,CIVIL,true,true
Zoya Khan,student4324@college.com,password123,student,CSE,true,true
Kiran Verma,student4325@college.com,password123,student,EEE,true,true
Ananya Joshi,student4326@college.com,password123,student,ECE,true,true
Anita Joshi,student4327@college.com,password123,student,IT,true,true
Ananya Fernandes,student4328@college.com,password123,student,MATH,true,true
Reyansh Ahmed,student4329@college.com,password123,student,MECH,true,true
Reyansh Varghese,student4330@college.com,password123,student,PHY,true,true
Sameer Mukherjee,student4331@college.com,password123,student,MBA,true,true
Diya Ahmed,student4332@college.com,password123,student,CHEM,true,true
Neha Dubey,student4333@college.com,password123,student,CIVIL,true,true
Imran Bansal,student4334@college.com,password123,student,CSE,true,true
Rohan Costa,student4335@college.com,password123,student,EEE,true,true
Vikram Shah,student4336@college.com,password123,student,ECE,true,true
Saanvi Banerjee,student4337@college.com,password123,student,IT,true,true
Divya Thomas,student4338@college.com,password123,student,MATH,true,true
Robert Kumar,student4339@college.com,password123,student,MECH,true,true
James Sheikh,student4340@college.com,password123,student,PHY,true,true
Dhruv Chopra,student4341@college.com,password123,student,MBA,true,true
Rahul Singh,student4342@college.com,password123,student,CHEM,true,true
Vikram Fernandes,student4343@college.com,password123,student,CIVIL,true,true
Priya Das,student4344@college.com,password123,student,CSE,true,true
Radha Mishra,student4345@college.com,password123,student,EEE,true,true
Sai Pandey,student4346@college.com,password123,student,ECE,true,true
Robert Pinto,student4347@college.com,password123,student,IT,true,true
Reyansh Pinto,student4348@college.com,password123,student,MATH,true,true
Diya Malhotra,student4349@college.com,password123,student,MECH,true,true
Arjun Fernandes,student4350@college.com,password123,student,PHY,true,true
John Hussain,student4351@college.com,password123,student,MBA,true,true
Anjali Naidu,student4352@college.com,password123,student,CHEM,true,true
Dhruv Mehta,student4353@college.com,password123,student,CIVIL,true,true
David Kumar,student4354@college.com,password123,student,CSE,true,true
Farhan Khanna,student4355@college.com,password123,student,EEE,true,true
Neha Khanna,student4356@college.com,password123,student,ECE,true,true
Saanvi Mathew,student4357@college.com,password123,student,IT,true,true
Sneha Agarwal,student4358@college.com,password123,student,MATH,true,true
Aryan Pillai,student4359@college.com,password123,student,MECH,true,true
Priya Kapoor,student4360@college.com,password123,student,PHY,true,true
Radha Ali,student4361@college.com,password123,student,MBA,true,true
Zara Mathew,student4362@college.com,password123,student,CHEM,true,true
Aliya D'Souza,student4363@college.com,password123,student,CIVIL,true,true
Kabir Verma,student4364@college.com,password123,student,CSE,true,true
Mohammed Pandey,student4365@college.com,password123,student,EEE,true,true
Pooja Chatterjee,student4366@college.com,password123,student,ECE,true,true
Anita Ahmed,student4367@college.com,password123,student,IT,true,true
Dhruv Mathew,student4368@college.com,password123,student,MATH,true,true
Michael Mishra,student4369@college.com,password123,student,MECH,true,true
Zara Malhotra,student4370@college.com,password123,student,PHY,true,true
Grace Thomas,student4371@college.com,password123,student,MBA,true,true
Sneha Costa,student4372@college.com,password123,student,CHEM,true,true
Robert Yadav,student4373@college.com,password123,student,CIVIL,true,true
Olivia Naidu,student4374@college.com,password123,student,CSE,true,true
Grace Fernandes,student4375@college.com,password123,student,EEE,true,true
Fatima Thomas,student4376@college.com,password123,student,ECE,true,true
Vihaan Hussain,student4377@college.com,password123,student,IT,true,true
Aryan Shah,student4378@college.com,password123,student,MATH,true,true
Zara Menon,student4379@college.com,password123,student,MECH,true,true
Nikhil Menon,student4380@college.com,password123,student,PHY,true,true
Sara Jacob,student4381@college.com,password123,student,MBA,true,true
Aliya Khanna,student4382@college.com,password123,student,CHEM,true,true
Robert Naidu,student4383@college.com,password123,student,CIVIL,true,true
Riya Agarwal,student4384@college.com,password123,student,CSE,true,true
Emily Kumar,student4385@college.com,password123,student,EEE,true,true
Mohammed Mukherjee,student4386@college.com,password123,student,ECE,true,true
Robert Pillai,student4387@college.com,password123,student,IT,true,true
Amit Chopra,student4388@college.com,password123,student,MATH,true,true
Farhan Rao,student4389@college.com,password123,student,MECH,true,true
Rahul Jacob,student4390@college.com,password123,student,PHY,true,true
Lakshmi Bose,student4391@college.com,password123,student,MBA,true,true
Priya Bose,student4392@college.com,password123,student,CHEM,true,true
Ayaan Menon,student4393@college.com,password123,student,CIVIL,true,true
Aryan Verma,student4394@college.com,password123,student,CSE,true,true
Nikhil Khanna,student4395@college.com,password123,student,EEE,true,true
Zara Ahmed,student4396@college.com,password123,student,ECE,true,true
Swati Naidu,student4397@college.com,password123,student,IT,true,true
Saanvi George,student4398@college.com,password123,student,MATH,true,true
Emma Gupta,student4399@college.com,password123,student,MECH,true,true
Aryan Rao,student4400@college.com,password123,student,PHY,true,true
Amit Iyer,student4401@college.com,password123,student,MBA,true,true
Vivaan Kapoor,student4402@college.com,password123,student,CHEM,true,true
David Malhotra,student4403@college.com,password123,student,CIVIL,true,true
Imran D'Souza,student4404@college.com,password123,student,CSE,true,true
Kabir George,student4405@college.com,password123,student,EEE,true,true
Robert Gupta,student4406@college.com,password123,student,ECE,true,true
Fatima Ahmed,student4407@college.com,password123,student,IT,true,true
David Verma,student4408@college.com,password123,student,MATH,true,true
Vihaan Patel,student4409@college.com,password123,student,MECH,true,true
Ananya Rodrigues,student4410@college.com,password123,student,PHY,true,true
Vikram Kumar,student4411@college.com,password123,student,MBA,true,true
Emma Pillai,student4412@college.com,password123,student,CHEM,true,true
Emma Shah,student4413@college.com,password123,student,CIVIL,true,true
Imran Mathew,student4414@college.com,password123,student,CSE,true,true
Sarah Patel,student4415@college.com,password123,student,EEE,true,true
Priya Tiwari,student4416@college.com,password123,student,ECE,true,true
James Iyer,student4417@college.com,password123,student,IT,true,true
Nikhil Nair,student4418@college.com,password123,student,MATH,true,true
Anita Mishra,student4419@college.com,password123,student,MECH,true,true
Neha Nair,student4420@college.com,password123,student,PHY,true,true
Pooja Mathew,student4421@college.com,password123,student,MBA,true,true
James Pinto,student4422@college.com,password123,student,CHEM,true,true
Yusuf Hussain,student4423@college.com,password123,student,CIVIL,true,true
Rahul Ahmed,student4424@college.com,password123,student,CSE,true,true
Sarah Patel,student4425@college.com,password123,student,EEE,true,true
Nikhil Rodrigues,student4426@college.com,password123,student,ECE,true,true
Ayaan Yadav,student4427@college.com,password123,student,IT,true,true
John Agarwal,student4428@college.com,password123,student,MATH,true,true
Diya Pinto,student4429@college.com,password123,student,MECH,true,true
Sara Joshi,student4430@college.com,password123,student,PHY,true,true
John Mishra,student4431@college.com,password123,student,MBA,true,true
Sara Bose,student4432@college.com,password123,student,CHEM,true,true
Grace Naidu,student4433@college.com,password123,student,CIVIL,true,true
Dhruv Menon,student4434@college.com,password123,student,CSE,true,true
Reyansh Chatterjee,student4435@college.com,password123,student,EEE,true,true
Dhruv Malhotra,student4436@college.com,password123,student,ECE,true,true
Tara Pillai,student4437@college.com,password123,student,IT,true,true
Rahul Pinto,student4438@college.com,password123,student,MATH,true,true
Vihaan Ahmed,student4439@college.com,password123,student,MECH,true,true
Sneha Shah,student4440@college.com,password123,student,PHY,true,true
Zoya Nair,student4441@college.com,password123,student,MBA,true,true
Ananya Sheikh,student4442@college.com,password123,student,CHEM,true,true
Saanvi Khan,student4443@college.com,password123,student,CIVIL,true,true
Sameer Bose,student4444@college.com,password123,student,CSE,true,true
Amit Menon,student4445@college.com,password123,student,EEE,true,true
Kavya Khan,student4446@college.com,password123,student,ECE,true,true
Ayesha Shah,student4447@college.com,password123,student,IT,true,true
Michael Khanna,student4448@college.com,password123,student,MATH,true,true
Vivaan George,student4449@college.com,password123,student,MECH,true,true
Emma Rodrigues,student4450@college.com,password123,student,PHY,true,true
Aditya Mishra,student4451@college.com,password123,student,MBA,true,true
Imran Singh,student4452@college.com,password123,student,CHEM,true,true
Zoya Mathew,student4453@college.com,password123,student,CIVIL,true,true
Nikhil Kapoor,student4454@college.com,password123,student,CSE,true,true
Swati Joshi,student4455@college.com,password123,student,EEE,true,true
Vikram Thomas,student4456@college.com,password123,student,ECE,true,true
Zoya Shah,student4457@college.com,password123,student,IT,true,true
Emma Jacob,student4458@college.com,password123,student,MATH,true,true
Ayaan Sheikh,student4459@college.com,password123,student,MECH,true,true
Emily Bose,student4460@college.com,password123,student,PHY,true,true
Robert Rathore,student4461@college.com,password123,student,MBA,true,true
Meera Sharma,student4462@college.com,password123,student,CHEM,true,true
Olivia Desai,student4463@college.com,password123,student,CIVIL,true,true
Grace Kapoor,student4464@college.com,password123,student,CSE,true,true
Vikram Patel,student4465@college.com,password123,student,EEE,true,true
Grace Dubey,student4466@college.com,password123,student,ECE,true,true
Nikhil Khanna,student4467@college.com,password123,student,IT,true,true
Dhruv Rao,student4468@college.com,password123,student,MATH,true,true
Olivia Rathore,student4469@college.com,password123,student,MECH,true,true
Mohammed Agarwal,student4470@college.com,password123,student,PHY,true,true
Sarah Yadav,student4471@college.com,password123,student,MBA,true,true
Farhan Pillai,student4472@college.com,password123,student,CHEM,true,true
David Gupta,student4473@college.com,password123,student,CIVIL,true,true
Amit Patel,student4474@college.com,password123,student,CSE,true,true
Michael Yadav,student4475@college.com,password123,student,EEE,true,true
Divya Khan,student4476@college.com,password123,student,ECE,true,true
Sara Pillai,student4477@college.com,password123,student,IT,true,true
Grace Bansal,student4478@college.com,password123,student,MATH,true,true
Ayesha Naidu,student4479@college.com,password123,student,MECH,true,true
Sarah Reddy,student4480@college.com,password123,student,PHY,true,true
Michael Rao,student4481@college.com,password123,student,MBA,true,true
Zoya Kapoor,student4482@college.com,password123,student,CHEM,true,true
Neha Kumar,student4483@college.com,password123,student,CIVIL,true,true
Isha Pillai,student4484@college.com,password123,student,CSE,true,true
Lakshmi Tiwari,student4485@college.com,password123,student,EEE,true,true
Michael D'Souza,student4486@college.com,password123,student,ECE,true,true
Sara Agarwal,student4487@college.com,password123,student,IT,true,true
Zara Varghese,student4488@college.com,password123,student,MATH,true,true
Vivaan Dubey,student4489@college.com,password123,student,MECH,true,true
Vihaan George,student4490@college.com,password123,student,PHY,true,true
Farhan Chatterjee,student4491@college.com,password123,student,MBA,true,true
Mohammed Rathore,student4492@college.com,password123,student,CHEM,true,true
David George,student4493@college.com,password123,student,CIVIL,true,true
Krishna Sharma,student4494@college.com,password123,student,CSE,true,true
Priya Banerjee,student4495@college.com,password123,student,EEE,true,true
Mohammed Khanna,student4496@college.com,password123,student,ECE,true,true
Ananya Fernandes,student4497@college.com,password123,student,IT,true,true
Sai Nair,student4498@college.com,password123,student,MATH,true,true
Rohan Bose,student4499@college.com,password123,student,MECH,true,true
Pooja Pandey,student4500@college.com,password123,student,PHY,true,true
Yusuf George,student4501@college.com,password123,student,MBA,true,true
Aliya Iyer,student4502@college.com,password123,student,CHEM,true,true
Robert Rodrigues,student4503@college.com,password123,student,CIVIL,true,true
Sameer Pillai,student4504@college.com,password123,student,CSE,true,true
David Agarwal,student4505@college.com,password123,student,EEE,true,true
Tara Khan,student4506@college.com,password123,student,ECE,true,true
Emily Mishra,student4507@college.com,password123,student,IT,true,true
Krishna Kapoor,student4508@college.com,password123,student,MATH,true,true
Kabir Jacob,student4509@college.com,password123,student,MECH,true,true
Kiran Agarwal,student4510@college.com,password123,student,PHY,true,true
John Chopra,student4511@college.com,password123,student,MBA,true,true
Aryan Patel,student4512@college.com,password123,student,CHEM,true,true
Riya Shah,student4513@college.com,password123,student,CIVIL,true,true
Kabir Desai,student4514@college.com,password123,student,CSE,true,true
Sarah Joshi,student4515@college.com,password123,student,EEE,true,true
James Fernandes,student4516@college.com,password123,student,ECE,true,true
Karan Verma,student4517@college.com,password123,student,IT,true,true
Vivaan D'Souza,student4518@college.com,password123,student,MATH,true,true
Farhan Costa,student4519@college.com,password123,student,MECH,true,true
Mohammed Das,student4520@college.com,password123,student,PHY,true,true
Olivia Patel,student4521@college.com,password123,student,MBA,true,true
Zara Banerjee,student4522@college.com,password123,student,CHEM,true,true
Rahul Varghese,student4523@college.com,password123,student,CIVIL,true,true
Robert Rao,student4524@college.com,password123,student,CSE,true,true
Vihaan Desai,student4525@college.com,password123,student,EEE,true,true
Radha Naidu,student4526@college.com,password123,student,ECE,true,true
Lakshmi Kapoor,student4527@college.com,password123,student,IT,true,true
Ishaan Patel,student4528@college.com,password123,student,MATH,true,true
Kavya Rao,student4529@college.com,password123,student,MECH,true,true
Anita Nair,student4530@college.com,password123,student,PHY,true,true
Aarav Pandey,student4531@college.com,password123,student,MBA,true,true
Pooja Naidu,student4532@college.com,password123,student,CHEM,true,true
Yusuf Chauhan,student4533@college.com,password123,student,CIVIL,true,true
Michael Jacob,student4534@college.com,password123,student,CSE,true,true
Divya Nair,student4535@college.com,password123,student,EEE,true,true
Karan Pandey,student4536@college.com,password123,student,ECE,true,true
Dhruv Banerjee,student4537@college.com,password123,student,IT,true,true
Emily Malhotra,student4538@college.com,password123,student,MATH,true,true
Suresh Mishra,student4539@college.com,password123,student,MECH,true,true
Divya Joshi,student4540@college.com,password123,student,PHY,true,true
Krishna Naidu,student4541@college.com,password123,student,MBA,true,true
Robert Mukherjee,student4542@college.com,password123,student,CHEM,true,true
Lakshmi Mukherjee,student4543@college.com,password123,student,CIVIL,true,true
Michael Chopra,student4544@college.com,password123,student,CSE,true,true
Fatima Jacob,student4545@college.com,password123,student,EEE,true,true
Aryan Pillai,student4546@college.com,password123,student,ECE,true,true
Kabir Pillai,student4547@college.com,password123,student,IT,true,true
David Menon,student4548@college.com,password123,student,MATH,true,true
Vivaan Chopra,student4549@college.com,password123,student,MECH,true,true
Rahul Bose,student4550@college.com,password123,student,PHY,true,true
Radha Rathore,student4551@college.com,password123,student,MBA,true,true
Olivia Bose,student4552@college.com,password123,student,CHEM,true,true
Kavya Pinto,student4553@college.com,password123,student,CIVIL,true,true
Sameer George,student4554@college.com,password123,student,CSE,true,true
Zara Patel,student4555@college.com,password123,student,EEE,true,true
Aarav Khan,student4556@college.com,password123,student,ECE,true,true
Krishna Agarwal,student4557@college.com,password123,student,IT,true,true
Zoya Desai,student4558@college.com,password123,student,MATH,true,true
Sameer Mukherjee,student4559@college.com,password123,student,MECH,true,true
Ayesha Joshi,student4560@college.com,password123,student,PHY,true,true
Ayesha Naidu,student4561@college.com,password123,student,MBA,true,true
Sara Rodrigues,student4562@college.com,password123,student,CHEM,true,true
Rahul Kumar,student4563@college.com,password123,student,CIVIL,true,true
Reyansh D'Souza,student4564@college.com,password123,student,CSE,true,true
Vihaan Singh,student4565@college.com,password123,student,EEE,true,true
Diya Bose,student4566@college.com,password123,student,ECE,true,true
Anjali Mehta,student4567@college.com,password123,student,IT,true,true
Lakshmi Mathew,student4568@college.com,password123,student,MATH,true,true
John Rodrigues,student4569@college.com,password123,student,MECH,true,true
Ayesha Mishra,student4570@college.com,password123,student,PHY,true,true
John Gupta,student4571@college.com,password123,student,MBA,true,true
Aarav Kapoor,student4572@college.com,password123,student,CHEM,true,true
Neha Costa,student4573@college.com,password123,student,CIVIL,true,true
Meera Khanna,student4574@college.com,password123,student,CSE,true,true
Priya Mathew,student4575@college.com,password123,student,EEE,true,true
Kavya Iyer,student4576@college.com,password123,student,ECE,true,true
Emma D'Souza,student4577@college.com,password123,student,IT,true,true
Aditya Pinto,student4578@college.com,password123,student,MATH,true,true
Kabir Kapoor,student4579@college.com,password123,student,MECH,true,true
Rohan Ali,student4580@college.com,password123,student,PHY,true,true
Divya Bansal,student4581@college.com,password123,student,MBA,true,true
Sarah Chauhan,student4582@college.com,password123,student,CHEM,true,true
Krishna Patel,student4583@college.com,password123,student,CIVIL,true,true
Ananya Pandey,student4584@college.com,password123,student,CSE,true,true
Pooja Naidu,student4585@college.com,password123,student,EEE,true,true
Ishaan Kapoor,student4586@college.com,password123,student,ECE,true,true
Ayaan Agarwal,student4587@college.com,password123,student,IT,true,true
Aditya Iyer,student4588@college.com,password123,student,MATH,true,true
Divya Malhotra,student4589@college.com,password123,student,MECH,true,true
Sara Shah,student4590@college.com,password123,student,PHY,true,true
Grace Naidu,student4591@college.com,password123,student,MBA,true,true
Suresh Kapoor,student4592@college.com,password123,student,CHEM,true,true
Radha Dubey,student4593@college.com,password123,student,CIVIL,true,true
Grace Kapoor,student4594@college.com,password123,student,CSE,true,true
Pooja Agarwal,student4595@college.com,password123,student,EEE,true,true
Saanvi Rao,student4596@college.com,password123,student,ECE,true,true
Ananya Mishra,student4597@college.com,password123,student,IT,true,true
Divya Dubey,student4598@college.com,password123,student,MATH,true,true
Ishaan D'Souza,student4599@college.com,password123,student,MECH,true,true
Robert Mathew,student4600@college.com,password123,student,PHY,true,true
Mohammed Rathore,student4601@college.com,password123,student,MBA,true,true
Vihaan Banerjee,student4602@college.com,password123,student,CHEM,true,true
Ishaan Singh,student4603@college.com,password123,student,CIVIL,true,true
Karan Chatterjee,student4604@college.com,password123,student,CSE,true,true
Aditya Khan,student4605@college.com,password123,student,EEE,true,true
Rahul Rao,student4606@college.com,password123,student,ECE,true,true
Ayesha Chauhan,student4607@college.com,password123,student,IT,true,true
Saanvi Nair,student4608@college.com,password123,student,MATH,true,true
Emma Ahmed,student4609@college.com,password123,student,MECH,true,true
Aditya Rathore,student4610@college.com,password123,student,PHY,true,true
Isha Pandey,student4611@college.com,password123,student,MBA,true,true
Swati Ahmed,student4612@college.com,password123,student,CHEM,true,true
Zara Ahmed,student4613@college.com,password123,student,CIVIL,true,true
Ayaan Tiwari,student4614@college.com,password123,student,CSE,true,true
Emily Menon,student4615@college.com,password123,student,EEE,true,true
Ayaan Mehta,student4616@college.com,password123,student,ECE,true,true
Sai Mukherjee,student4617@college.com,password123,student,IT,true,true
Emily Chopra,student4618@college.com,password123,student,MATH,true,true
Kabir Rao,student4619@college.com,password123,student,MECH,true,true
Sara Ali,student4620@college.com,password123,student,PHY,true,true
Michael Malhotra,student4621@college.com,password123,student,MBA,true,true
Anita Mathew,student4622@college.com,password123,student,CHEM,true,true
Kiran Mukherjee,student4623@college.com,password123,student,CIVIL,true,true
Kiran Sharma,student4624@college.com,password123,student,CSE,true,true
Pooja Yadav,student4625@college.com,password123,student,EEE,true,true
Anita Chatterjee,student4626@college.com,password123,student,ECE,true,true
Riya Kumar,student4627@college.com,password123,student,IT,true,true
Nikhil Yadav,student4628@college.com,password123,student,MATH,true,true
Divya Jacob,student4629@college.com,password123,student,MECH,true,true
Reyansh Bansal,student4630@college.com,password123,student,PHY,true,true
Vivaan Chopra,student4631@college.com,password123,student,MBA,true,true
Sameer Jacob,student4632@college.com,password123,student,CHEM,true,true
Ayaan Desai,student4633@college.com,password123,student,CIVIL,true,true
Kavya Pinto,student4634@college.com,password123,student,CSE,true,true
Grace Reddy,student4635@college.com,password123,student,EEE,true,true
James Agarwal,student4636@college.com,password123,student,ECE,true,true
Ishaan Verma,student4637@college.com,password123,student,IT,true,true
Sai Chauhan,student4638@college.com,password123,student,MATH,true,true
James Pandey,student4639@college.com,password123,student,MECH,true,true
Imran Khan,student4640@college.com,password123,student,PHY,true,true
Zara Thomas,student4641@college.com,password123,student,MBA,true,true
Amit Rodrigues,student4642@college.com,password123,student,CHEM,true,true
Imran Sharma,student4643@college.com,password123,student,CIVIL,true,true
Diya Gupta,student4644@college.com,password123,student,CSE,true,true
Farhan Costa,student4645@college.com,password123,student,EEE,true,true
Tara Agarwal,student4646@college.com,password123,student,ECE,true,true
Fatima Tiwari,student4647@college.com,password123,student,IT,true,true
Olivia Fernandes,student4648@college.com,password123,student,MATH,true,true
Krishna Mukherjee,student4649@college.com,password123,student,MECH,true,true
Emily Singh,student4650@college.com,password123,student,PHY,true,true
John George,student4651@college.com,password123,student,MBA,true,true
Suresh Agarwal,student4652@college.com,password123,student,CHEM,true,true
John Singh,student4653@college.com,password123,student,CIVIL,true,true
Sara Kumar,student4654@college.com,password123,student,CSE,true,true
Swati Rodrigues,student4655@college.com,password123,student,EEE,true,true
Meera Patel,student4656@college.com,password123,student,ECE,true,true
Priya Kapoor,student4657@college.com,password123,student,IT,true,true
Kabir Bose,student4658@college.com,password123,student,MATH,true,true
Yusuf Desai,student4659@college.com,password123,student,MECH,true,true
Sai Verma,student4660@college.com,password123,student,PHY,true,true
Robert Mukherjee,student4661@college.com,password123,student,MBA,true,true
Rohan Joshi,student4662@college.com,password123,student,CHEM,true,true
Yusuf Desai,student4663@college.com,password123,student,CIVIL,true,true
Suresh George,student4664@college.com,password123,student,CSE,true,true
Aliya George,student4665@college.com,password123,student,EEE,true,true
Ishaan Nair,student4666@college.com,password123,student,ECE,true,true
Vikram Ahmed,student4667@college.com,password123,student,IT,true,true
John Naidu,student4668@college.com,password123,student,MATH,true,true
Sara Khanna,student4669@college.com,password123,student,MECH,true,true
Emma Jacob,student4670@college.com,password123,student,PHY,true,true
Lakshmi Iyer,student4671@college.com,password123,student,MBA,true,true
Isha Mathew,student4672@college.com,password123,student,CHEM,true,true
Reyansh Shah,student4673@college.com,password123,student,CIVIL,true,true
Neha Banerjee,student4674@college.com,password123,student,CSE,true,true
Divya Rathore,student4675@college.com,password123,student,EEE,true,true
Sarah Joshi,student4676@college.com,password123,student,ECE,true,true
Anjali Malhotra,student4677@college.com,password123,student,IT,true,true
Anita Rodrigues,student4678@college.com,password123,student,MATH,true,true
Saanvi Patel,student4679@college.com,password123,student,MECH,true,true
Aliya Naidu,student4680@college.com,password123,student,PHY,true,true
John Shah,student4681@college.com,password123,student,MBA,true,true
Radha Chatterjee,student4682@college.com,password123,student,CHEM,true,true
Saanvi Thomas,student4683@college.com,password123,student,CIVIL,true,true
Saanvi Patel,student4684@college.com,password123,student,CSE,true,true
Aditya Ali,student4685@college.com,password123,student,EEE,true,true
Diya Chauhan,student4686@college.com,password123,student,ECE,true,true
Sameer Das,student4687@college.com,password123,student,IT,true,true
Farhan Jacob,student4688@college.com,password123,student,MATH,true,true
Ayesha Menon,student4689@college.com,password123,student,MECH,true,true
Grace Ahmed,student4690@college.com,password123,student,PHY,true,true
Pooja Thomas,student4691@college.com,password123,student,MBA,true,true
Farhan Hussain,student4692@college.com,password123,student,CHEM,true,true
Sai Chopra,student4693@college.com,password123,student,CIVIL,true,true
Zara Naidu,student4694@college.com,password123,student,CSE,true,true
Sai Khan,student4695@college.com,password123,student,EEE,true,true
Vikram Menon,student4696@college.com,password123,student,ECE,true,true
Krishna Jacob,student4697@college.com,password123,student,IT,true,true
Emma Khanna,student4698@college.com,password123,student,MATH,true,true
James Bose,student4699@college.com,password123,student,MECH,true,true
Pooja Naidu,student4700@college.com,password123,student,PHY,true,true
Suresh Fernandes,student4701@college.com,password123,student,MBA,true,true
Vihaan D'Souza,student4702@college.com,password123,student,CHEM,true,true
Arjun Gupta,student4703@college.com,password123,student,CIVIL,true,true
Neha Reddy,student4704@college.com,password123,student,CSE,true,true
Neha Naidu,student4705@college.com,password123,student,EEE,true,true
Riya Reddy,student4706@college.com,password123,student,ECE,true,true
Zara Mathew,student4707@college.com,password123,student,IT,true,true
Fatima Fernandes,student4708@college.com,password123,student,MATH,true,true
Michael Kapoor,student4709@college.com,password123,student,MECH,true,true
Isha Kapoor,student4710@college.com,password123,student,PHY,true,true
Kiran Patel,student4711@college.com,password123,student,MBA,true,true
Yusuf Ali,student4712@college.com,password123,student,CHEM,true,true
Vivaan Nair,student4713@college.com,password123,student,CIVIL,true,true
Sara Mathew,student4714@college.com,password123,student,CSE,true,true
Zara Chatterjee,student4715@college.com,password123,student,EEE,true,true
David Chatterjee,student4716@college.com,password123,student,ECE,true,true
James Desai,student4717@college.com,password123,student,IT,true,true
Aditya Patel,student4718@college.com,password123,student,MATH,true,true
Riya Pandey,student4719@college.com,password123,student,MECH,true,true
Vikram Agarwal,student4720@college.com,password123,student,PHY,true,true
Kiran Tiwari,student4721@college.com,password123,student,MBA,true,true
Zara Dubey,student4722@college.com,password123,student,CHEM,true,true
Imran Rathore,student4723@college.com,password123,student,CIVIL,true,true
Radha Kapoor,student4724@college.com,password123,student,CSE,true,true
Diya Chatterjee,student4725@college.com,password123,student,EEE,true,true
Dhruv Chatterjee,student4726@college.com,password123,student,ECE,true,true
Sai Mishra,student4727@college.com,password123,student,IT,true,true
Lakshmi Kapoor,student4728@college.com,password123,student,MATH,true,true
Emily Jacob,student4729@college.com,password123,student,MECH,true,true
Reyansh Naidu,student4730@college.com,password123,student,PHY,true,true
Sneha Verma,student4731@college.com,password123,student,MBA,true,true
Aarav Desai,student4732@college.com,password123,student,CHEM,true,true
Ayaan Sharma,student4733@college.com,password123,student,CIVIL,true,true
Rohan George,student4734@college.com,password123,student,CSE,true,true
Anjali Chauhan,student4735@college.com,password123,student,EEE,true,true
Zoya Desai,student4736@college.com,password123,student,ECE,true,true
Emily Mathew,student4737@college.com,password123,student,IT,true,true
Sara Rodrigues,student4738@college.com,password123,student,MATH,true,true
Fatima Ahmed,student4739@college.com,password123,student,MECH,true,true
Vikram Costa,student4740@college.com,password123,student,PHY,true,true
Michael Costa,student4741@college.com,password123,student,MBA,true,true
Kavya Varghese,student4742@college.com,password123,student,CHEM,true,true
Sameer Varghese,student4743@college.com,password123,student,CIVIL,true,true
Sameer Desai,student4744@college.com,password123,student,CSE,true,true
John Khanna,student4745@college.com,password123,student,EEE,true,true
Sai Iyer,student4746@college.com,password123,student,ECE,true,true
Krishna Sharma,student4747@college.com,password123,student,IT,true,true
Aryan Nair,student4748@college.com,password123,student,MATH,true,true
Michael Verma,student4749@college.com,password123,student,MECH,true,true
Zoya Banerjee,student4750@college.com,password123,student,PHY,true,true
Robert Verma,student4751@college.com,password123,student,MBA,true,true
Dhruv Khan,student4752@college.com,password123,student,CHEM,true,true
Farhan Menon,student4753@college.com,password123,student,CIVIL,true,true
Farhan Bose,student4754@college.com,password123,student,CSE,true,true
Saanvi Thomas,student4755@college.com,password123,student,EEE,true,true
Robert Sheikh,student4756@college.com,password123,student,ECE,true,true
Aryan Patel,student4757@college.com,password123,student,IT,true,true
Vikram Yadav,student4758@college.com,password123,student,MATH,true,true
Zara Menon,student4759@college.com,password123,student,MECH,true,true
Anjali Naidu,student4760@college.com,password123,student,PHY,true,true
Vivaan Nair,student4761@college.com,password123,student,MBA,true,true
Rohan Menon,student4762@college.com,password123,student,CHEM,true,true
Sara Varghese,student4763@college.com,password123,student,CIVIL,true,true
Tara Ahmed,student4764@college.com,password123,student,CSE,true,true
Anjali Verma,student4765@college.com,password123,student,EEE,true,true
Emily Rathore,student4766@college.com,password123,student,ECE,true,true
Kiran Bose,student4767@college.com,password123,student,IT,true,true
Aryan Chopra,student4768@college.com,password123,student,MATH,true,true
Anita Desai,student4769@college.com,password123,student,MECH,true,true
Vihaan Bansal,student4770@college.com,password123,student,PHY,true,true
Aarav Reddy,student4771@college.com,password123,student,MBA,true,true
Mohammed Pandey,student4772@college.com,password123,student,CHEM,true,true
Saanvi Pillai,student4773@college.com,password123,student,CIVIL,true,true
Robert Ahmed,student4774@college.com,password123,student,CSE,true,true
Sara Pinto,student4775@college.com,password123,student,EEE,true,true
Lakshmi Tiwari,student4776@college.com,password123,student,ECE,true,true
Swati Chopra,student4777@college.com,password123,student,IT,true,true
Aditya Ahmed,student4778@college.com,password123,student,MATH,true,true
Priya Ahmed,student4779@college.com,password123,student,MECH,true,true
Neha Pinto,student4780@college.com,password123,student,PHY,true,true
Fatima Costa,student4781@college.com,password123,student,MBA,true,true
Grace Jacob,student4782@college.com,password123,student,CHEM,true,true
Emma Ahmed,student4783@college.com,password123,student,CIVIL,true,true
Karan Pandey,student4784@college.com,password123,student,CSE,true,true
Vihaan Hussain,student4785@college.com,password123,student,EEE,true,true
Vivaan Naidu,student4786@college.com,password123,student,ECE,true,true
Anita Agarwal,student4787@college.com,password123,student,IT,true,true
Swati Kumar,student4788@college.com,password123,student,MATH,true,true
Amit George,student4789@college.com,password123,student,MECH,true,true
Riya Khan,student4790@college.com,password123,student,PHY,true,true
Ayaan Ahmed,student4791@college.com,password123,student,MBA,true,true
Radha George,student4792@college.com,password123,student,CHEM,true,true
Isha Rathore,student4793@college.com,password123,student,CIVIL,true,true
Zoya Naidu,student4794@college.com,password123,student,CSE,true,true
Vivaan Rao,student4795@college.com,password123,student,EEE,true,true
Suresh Tiwari,student4796@college.com,password123,student,ECE,true,true
Aryan Khan,student4797@college.com,password123,student,IT,true,true
Isha Rathore,student4798@college.com,password123,student,MATH,true,true
Karan Ali,student4799@college.com,password123,student,MECH,true,true
Karan Pinto,student4800@college.com,password123,student,PHY,true,true
Olivia Jacob,student4801@college.com,password123,student,MBA,true,true
Diya Rodrigues,student4802@college.com,password123,student,CHEM,true,true
Robert Pandey,student4803@college.com,password123,student,CIVIL,true,true
Imran Chauhan,student4804@college.com,password123,student,CSE,true,true
Krishna Chopra,student4805@college.com,password123,student,EEE,true,true
Fatima Pandey,student4806@college.com,password123,student,ECE,true,true
Meera Pillai,student4807@college.com,password123,student,IT,true,true
James Jacob,student4808@college.com,password123,student,MATH,true,true
Farhan Mishra,student4809@college.com,password123,student,MECH,true,true
Kavya Khan,student4810@college.com,password123,student,PHY,true,true
John Rao,student4811@college.com,password123,student,MBA,true,true
Radha Mukherjee,student4812@college.com,password123,student,CHEM,true,true
Suresh Varghese,student4813@college.com,password123,student,CIVIL,true,true
Sara Patel,student4814@college.com,password123,student,CSE,true,true
Imran Khan,student4815@college.com,password123,student,EEE,true,true
Krishna Chatterjee,student4816@college.com,password123,student,ECE,true,true
Aryan Rao,student4817@college.com,password123,student,IT,true,true
Lakshmi Ahmed,student4818@college.com,password123,student,MATH,true,true
Reyansh Pillai,student4819@college.com,password123,student,MECH,true,true
Divya Khanna,student4820@college.com,password123,student,PHY,true,true
Nikhil Mukherjee,student4821@college.com,password123,student,MBA,true,true
Swati Singh,student4822@college.com,password123,student,CHEM,true,true
Vivaan Mehta,student4823@college.com,password123,student,CIVIL,true,true
Sarah Kapoor,student4824@college.com,password123,student,CSE,true,true
Isha Jacob,student4825@college.com,password123,student,EEE,true,true
Rohan Chatterjee,student4826@college.com,password123,student,ECE,true,true
Michael Ali,student4827@college.com,password123,student,IT,true,true
Aditya Kumar,student4828@college.com,password123,student,MATH,true,true
Diya Naidu,student4829@college.com,password123,student,MECH,true,true
Ayaan Costa,student4830@college.com,password123,student,PHY,true,true
Karan Nair,student4831@college.com,password123,student,MBA,true,true
Swati Das,student4832@college.com,password123,student,CHEM,true,true
Divya Kapoor,student4833@college.com,password123,student,CIVIL,true,true
Diya Mehta,student4834@college.com,password123,student,CSE,true,true
Yusuf Gupta,student4835@college.com,password123,student,EEE,true,true
Yusuf D'Souza,student4836@college.com,password123,student,ECE,true,true
Amit Menon,student4837@college.com,password123,student,IT,true,true
Robert Varghese,student4838@college.com,password123,student,MATH,true,true
Emily Ali,student4839@college.com,password123,student,MECH,true,true
Lakshmi Mathew,student4840@college.com,password123,student,PHY,true,true
Reyansh Pandey,student4841@college.com,password123,student,MBA,true,true
Vihaan Rathore,student4842@college.com,password123,student,CHEM,true,true
John Chauhan,student4843@college.com,password123,student,CIVIL,true,true
James Dubey,student4844@college.com,password123,student,CSE,true,true
Ayaan Reddy,student4845@college.com,password123,student,EEE,true,true
David Costa,student4846@college.com,password123,student,ECE,true,true
Radha Reddy,student4847@college.com,password123,student,IT,true,true
Michael D'Souza,student4848@college.com,password123,student,MATH,true,true
Aditya Ali,student4849@college.com,password123,student,MECH,true,true
Reyansh Rao,student4850@college.com,password123,student,PHY,true,true
Mohammed Nair,student4851@college.com,password123,student,MBA,true,true
Emily Mukherjee,student4852@college.com,password123,student,CHEM,true,true
Olivia Shah,student4853@college.com,password123,student,CIVIL,true,true
Rohan Tiwari,student4854@college.com,password123,student,CSE,true,true
Suresh Pandey,student4855@college.com,password123,student,EEE,true,true
Tara Dubey,student4856@college.com,password123,student,ECE,true,true
Neha Ahmed,student4857@college.com,password123,student,IT,true,true
Fatima Reddy,student4858@college.com,password123,student,MATH,true,true
Ishaan George,student4859@college.com,password123,student,MECH,true,true
Kavya Bansal,student4860@college.com,password123,student,PHY,true,true
Michael Iyer,student4861@college.com,password123,student,MBA,true,true
Ayaan Banerjee,student4862@college.com,password123,student,CHEM,true,true
Tara Pillai,student4863@college.com,password123,student,CIVIL,true,true
Yusuf Yadav,student4864@college.com,password123,student,CSE,true,true
Aarav Bose,student4865@college.com,password123,student,EEE,true,true
James Khan,student4866@college.com,password123,student,ECE,true,true
Diya Chopra,student4867@college.com,password123,student,IT,true,true
Neha Rao,student4868@college.com,password123,student,MATH,true,true
Sai Malhotra,student4869@college.com,password123,student,MECH,true,true
Kavya Pandey,student4870@college.com,password123,student,PHY,true,true
Aliya Pillai,student4871@college.com,password123,student,MBA,true,true
Kavya Thomas,student4872@college.com,password123,student,CHEM,true,true
Imran Bose,student4873@college.com,password123,student,CIVIL,true,true
Ishaan Dubey,student4874@college.com,password123,student,CSE,true,true
Aliya Hussain,student4875@college.com,password123,student,EEE,true,true
Riya Das,student4876@college.com,password123,student,ECE,true,true
Krishna Naidu,student4877@college.com,password123,student,IT,true,true
Riya Pillai,student4878@college.com,password123,student,MATH,true,true
Emma Chauhan,student4879@college.com,password123,student,MECH,true,true
Robert Hussain,student4880@college.com,password123,student,PHY,true,true
David Jacob,student4881@college.com,password123,student,MBA,true,true
Kavya Verma,student4882@college.com,password123,student,CHEM,true,true
Tara Menon,student4883@college.com,password123,student,CIVIL,true,true
Yusuf Sharma,student4884@college.com,password123,student,CSE,true,true
Ayesha Hussain,student4885@college.com,password123,student,EEE,true,true
Arjun Patel,student4886@college.com,password123,student,ECE,true,true
Diya Agarwal,student4887@college.com,password123,student,IT,true,true
Priya Yadav,student4888@college.com,password123,student,MATH,true,true
Rohan Naidu,student4889@college.com,password123,student,MECH,true,true
Vihaan Desai,student4890@college.com,password123,student,PHY,true,true
Aliya Gupta,student4891@college.com,password123,student,MBA,true,true
Imran George,student4892@college.com,password123,student,CHEM,true,true
Ishaan Fernandes,student4893@college.com,password123,student,CIVIL,true,true
Vihaan Thomas,student4894@college.com,password123,student,CSE,true,true
Ayesha Mathew,student4895@college.com,password123,student,EEE,true,true
Sarah Hussain,student4896@college.com,password123,student,ECE,true,true
Suresh Pillai,student4897@college.com,password123,student,IT,true,true
Priya Jacob,student4898@college.com,password123,student,MATH,true,true
Zoya D'Souza,student4899@college.com,password123,student,MECH,true,true
Emily Khanna,student4900@college.com,password123,student,PHY,true,true
Fatima Mishra,student4901@college.com,password123,student,MBA,true,true
Ananya Mehta,student4902@college.com,password123,student,CHEM,true,true
Aarav Malhotra,student4903@college.com,password123,student,CIVIL,true,true
Emma Hussain,student4904@college.com,password123,student,CSE,true,true
Radha Menon,student4905@college.com,password123,student,EEE,true,true
Zoya Desai,student4906@college.com,password123,student,ECE,true,true
Tara George,student4907@college.com,password123,student,IT,true,true
Dhruv Sheikh,student4908@college.com,password123,student,MATH,true,true
Radha Costa,student4909@college.com,password123,student,MECH,true,true
Farhan Rathore,student4910@college.com,password123,student,PHY,true,true
Zoya Mehta,student4911@college.com,password123,student,MBA,true,true
Sarah George,student4912@college.com,password123,student,CHEM,true,true
Priya Yadav,student4913@college.com,password123,student,CIVIL,true,true
Aryan Khanna,student4914@college.com,password123,student,CSE,true,true
Sai Gupta,student4915@college.com,password123,student,EEE,true,true
Sneha Bansal,student4916@college.com,password123,student,ECE,true,true
Meera Tiwari,student4917@college.com,password123,student,IT,true,true
Fatima Mishra,student4918@college.com,password123,student,MATH,true,true
Sarah Iyer,student4919@college.com,password123,student,MECH,true,true
Pooja Sheikh,student4920@college.com,password123,student,PHY,true,true
Suresh Mukherjee,student4921@college.com,password123,student,MBA,true,true
Sai Ali,student4922@college.com,password123,student,CHEM,true,true
Swati Khanna,student4923@college.com,password123,student,CIVIL,true,true
Pooja Bansal,student4924@college.com,password123,student,CSE,true,true
Aliya Thomas,student4925@college.com,password123,student,EEE,true,true
Rohan Verma,student4926@college.com,password123,student,ECE,true,true
Vivaan Sheikh,student4927@college.com,password123,student,IT,true,true
Kiran Kapoor,student4928@college.com,password123,student,MATH,true,true
Nikhil Yadav,student4929@college.com,password123,student,MECH,true,true
Vikram Tiwari,student4930@college.com,password123,student,PHY,true,true
Saanvi Ali,student4931@college.com,password123,student,MBA,true,true
Ayaan Tiwari,student4932@college.com,password123,student,CHEM,true,true
Vihaan Shah,student4933@college.com,password123,student,CIVIL,true,true
Rahul Thomas,student4934@college.com,password123,student,CSE,true,true
Neha Mehta,student4935@college.com,password123,student,EEE,true,true
Ayaan Singh,student4936@college.com,password123,student,ECE,true,true
Aliya George,student4937@college.com,password123,student,IT,true,true
Ayaan Rathore,student4938@college.com,password123,student,MATH,true,true
Vikram Fernandes,student4939@college.com,password123,student,MECH,true,true
Sara Sharma,student4940@college.com,password123,student,PHY,true,true
Zara Bansal,student4941@college.com,password123,student,MBA,true,true
Nikhil Mishra,student4942@college.com,password123,student,CHEM,true,true
Kiran Fernandes,student4943@college.com,password123,student,CIVIL,true,true
Ayesha Thomas,student4944@college.com,password123,student,CSE,true,true
Imran Sheikh,student4945@college.com,password123,student,EEE,true,true
Robert Rodrigues,student4946@college.com,password123,student,ECE,true,true
Karan Mehta,student4947@college.com,password123,student,IT,true,true
Vikram Chopra,student4948@college.com,password123,student,MATH,true,true
Imran Pandey,student4949@college.com,password123,student,MECH,true,true
Anita Jacob,student4950@college.com,password123,student,PHY,true,true
Krishna Pandey,student4951@college.com,password123,student,MBA,true,true
Meera Hussain,student4952@college.com,password123,student,CHEM,true,true
Sara Bose,student4953@college.com,password123,student,CIVIL,true,true
Reyansh Agarwal,student4954@college.com,password123,student,CSE,true,true
Pooja Pinto,student4955@college.com,password123,student,EEE,true,true
Aryan Yadav,student4956@college.com,password123,student,ECE,true,true
Kavya Chauhan,student4957@college.com,password123,student,IT,true,true
Reyansh Menon,student4958@college.com,password123,student,MATH,true,true
Ayesha Naidu,student4959@college.com,password123,student,MECH,true,true
James Pillai,student4960@college.com,password123,student,PHY,true,true
Sai Patel,student4961@college.com,password123,student,MBA,true,true
Vihaan Naidu,student4962@college.com,password123,student,CHEM,true,true
Sarah Iyer,student4963@college.com,password123,student,CIVIL,true,true
Anjali Mukherjee,student4964@college.com,password123,student,CSE,true,true
Tara Kumar,student4965@college.com,password123,student,EEE,true,true
Kavya Jacob,student4966@college.com,password123,student,ECE,true,true
Pooja Desai,student4967@college.com,password123,student,IT,true,true
Kiran D'Souza,student4968@college.com,password123,student,MATH,true,true
Pooja Yadav,student4969@college.com,password123,student,MECH,true,true
Priya Kapoor,student4970@college.com,password123,student,PHY,true,true
Kiran Ahmed,student4971@college.com,password123,student,MBA,true,true
Mohammed Naidu,student4972@college.com,password123,student,CHEM,true,true
Tara Varghese,student4973@college.com,password123,student,CIVIL,true,true
Grace Ahmed,student4974@college.com,password123,student,CSE,true,true
Fatima Pillai,student4975@college.com,password123,student,EEE,true,true
Michael Rao,student4976@college.com,password123,student,ECE,true,true
Ishaan Ali,student4977@college.com,password123,student,IT,true,true
Krishna Ahmed,student4978@college.com,password123,student,MATH,true,true
Ayesha Chauhan,student4979@college.com,password123,student,MECH,true,true
Krishna Pandey,student4980@college.com,password123,student,PHY,true,true
Neha Hussain,student4981@college.com,password123,student,MBA,true,true
Ayaan Varghese,student4982@college.com,password123,student,CHEM,true,true
Dhruv Chauhan,student4983@college.com,password123,student,CIVIL,true,true
Anjali Gupta,student4984@college.com,password123,student,CSE,true,true
Sara Rao,student4985@college.com,password123,student,EEE,true,true
Swati Shah,student4986@college.com,password123,student,ECE,true,true
Olivia Nair,student4987@college.com,password123,student,IT,true,true
Lakshmi Pillai,student4988@college.com,password123,student,MATH,true,true
Ayaan Nair,student4989@college.com,password123,student,MECH,true,true
Kavya Fernandes,student4990@college.com,password123,student,PHY,true,true
Suresh Gupta,student4991@college.com,password123,student,MBA,true,true
Pooja Menon,student4992@college.com,password123,student,CHEM,true,true
Ayaan Shah,student4993@college.com,password123,student,CIVIL,true,true
Vikram Shah,student4994@college.com,password123,student,CSE,true,true
Vikram Chopra,student4995@college.com,password123,student,EEE,true,true
Divya Verma,student4996@college.com,password123,student,ECE,true,true
David Menon,student4997@college.com,password123,student,IT,true,true
Ishaan Pinto,student4998@college.com,password123,student,MATH,true,true
Riya Singh,student4999@college.com,password123,student,MECH,true,true
Grace Khanna,student5000@college.com,password123,student,PHY,true,true
Sarah Chopra,student5001@college.com,password123,student,MBA,true,true
Dhruv Chatterjee,student5002@college.com,password123,student,CHEM,true,true
Michael Mishra,student5003@college.com,password123,student,CIVIL,true,true
Divya Sharma,student5004@college.com,password123,student,CSE,true,true
Ayaan D'Souza,student5005@college.com,password123,student,EEE,true,true
Isha Kumar,student5006@college.com,password123,student,ECE,true,true
Emily Gupta,student5007@college.com,password123,student,IT,true,true
Riya Khan,student5008@college.com,password123,student,MATH,true,true
Anita Khanna,student5009@college.com,password123,student,MECH,true,true
Anita Rathore,student5010@college.com,password123,student,PHY,true,true
Emma Bansal,student5011@college.com,password123,student,MBA,true,true
David Joshi,student5012@college.com,password123,student,CHEM,true,true
Anjali Tiwari,student5013@college.com,password123,student,CIVIL,true,true
James Rodrigues,student5014@college.com,password123,student,CSE,true,true
Krishna Dubey,student5015@college.com,password123,student,EEE,true,true
Krishna Ali,student5016@college.com,password123,student,ECE,true,true
Mohammed Chauhan,student5017@college.com,password123,student,IT,true,true
Aliya Rathore,student5018@college.com,password123,student,MATH,true,true
Imran Rathore,student5019@college.com,password123,student,MECH,true,true
Ishaan Tiwari,student5020@college.com,password123,student,PHY,true,true
Ananya Patel,student5021@college.com,password123,student,MBA,true,true
John Costa,student5022@college.com,password123,student,CHEM,true,true
Imran Costa,student5023@college.com,password123,student,CIVIL,true,true
Riya Joshi,student5024@college.com,password123,student,CSE,true,true
Karan Desai,student5025@college.com,password123,student,EEE,true,true
Diya Sheikh,student5026@college.com,password123,student,ECE,true,true
Aditya Mathew,student5027@college.com,password123,student,IT,true,true
Sarah Rathore,student5028@college.com,password123,student,MATH,true,true
Sara Malhotra,student5029@college.com,password123,student,MECH,true,true
Farhan Patel,student5030@college.com,password123,student,PHY,true,true
Emily Rao,student5031@college.com,password123,student,MBA,true,true
Ayesha Verma,student5032@college.com,password123,student,CHEM,true,true
Anita Thomas,student5033@college.com,password123,student,CIVIL,true,true
David Yadav,student5034@college.com,password123,student,CSE,true,true
Ayesha Khanna,student5035@college.com,password123,student,EEE,true,true
Swati George,student5036@college.com,password123,student,ECE,true,true
Ayaan George,student5037@college.com,password123,student,IT,true,true
Swati Patel,student5038@college.com,password123,student,MATH,true,true
Aryan Costa,student5039@college.com,password123,student,MECH,true,true
Sneha Fernandes,student5040@college.com,password123,student,PHY,true,true
Aliya Singh,student5041@college.com,password123,student,MBA,true,true
Anita Hussain,student5042@college.com,password123,student,CHEM,true,true
Aryan Dubey,student5043@college.com,password123,student,CIVIL,true,true
Anjali Ali,student5044@college.com,password123,student,CSE,true,true
Emma Verma,student5045@college.com,password123,student,EEE,true,true
Ayaan Mathew,student5046@college.com,password123,student,ECE,true,true
Grace Sheikh,student5047@college.com,password123,student,IT,true,true
Kabir Verma,student5048@college.com,password123,student,MATH,true,true
Amit Mukherjee,student5049@college.com,password123,student,MECH,true,true
Nikhil Pandey,student5050@college.com,password123,student,PHY,true,true
James Pinto,student5051@college.com,password123,student,MBA,true,true
Tara Patel,student5052@college.com,password123,student,CHEM,true,true
John Sheikh,student5053@college.com,password123,student,CIVIL,true,true
Lakshmi Agarwal,student5054@college.com,password123,student,CSE,true,true
Priya Pinto,student5055@college.com,password123,student,EEE,true,true
Aditya Ahmed,student5056@college.com,password123,student,ECE,true,true
Emily Verma,student5057@college.com,password123,student,IT,true,true
Diya Naidu,student5058@college.com,password123,student,MATH,true,true
Kabir Pillai,student5059@college.com,password123,student,MECH,true,true
Vivaan Hussain,student5060@college.com,password123,student,PHY,true,true
Ananya Joshi,student5061@college.com,password123,student,MBA,true,true
Rahul Patel,student5062@college.com,password123,student,CHEM,true,true
Ayaan Reddy,student5063@college.com,password123,student,CIVIL,true,true
Sneha Rao,student5064@college.com,password123,student,CSE,true,true
Suresh Menon,student5065@college.com,password123,student,EEE,true,true
Kabir Kapoor,student5066@college.com,password123,student,ECE,true,true
Yusuf Patel,student5067@college.com,password123,student,IT,true,true
Ishaan Khanna,student5068@college.com,password123,student,MATH,true,true
Riya Jacob,student5069@college.com,password123,student,MECH,true,true
Rohan Singh,student5070@college.com,password123,student,PHY,true,true
Radha Agarwal,student5071@college.com,password123,student,MBA,true,true
Kabir Verma,student5072@college.com,password123,student,CHEM,true,true
Ayesha Singh,student5073@college.com,password123,student,CIVIL,true,true
Vikram Joshi,student5074@college.com,password123,student,CSE,true,true
Reyansh Agarwal,student5075@college.com,password123,student,EEE,true,true
Ishaan Pillai,student5076@college.com,password123,student,ECE,true,true
Emma Agarwal,student5077@college.com,password123,student,IT,true,true
Rahul Joshi,student5078@college.com,password123,student,MATH,true,true
Michael Nair,student5079@college.com,password123,student,MECH,true,true
Vihaan Banerjee,student5080@college.com,password123,student,PHY,true,true
Nikhil Dubey,student5081@college.com,password123,student,MBA,true,true
Lakshmi Pinto,student5082@college.com,password123,student,CHEM,true,true
Nikhil Ahmed,student5083@college.com,password123,student,CIVIL,true,true
Neha Dubey,student5084@college.com,password123,student,CSE,true,true
Neha Joshi,student5085@college.com,password123,student,EEE,true,true
Ayaan Malhotra,student5086@college.com,password123,student,ECE,true,true
Vihaan Agarwal,student5087@college.com,password123,student,IT,true,true
Zara D'Souza,student5088@college.com,password123,student,MATH,true,true
Riya Kumar,student5089@college.com,password123,student,MECH,true,true
Anjali Verma,student5090@college.com,password123,student,PHY,true,true
Riya Thomas,student5091@college.com,password123,student,MBA,true,true
Karan Verma,student5092@college.com,password123,student,CHEM,true,true
Amit D'Souza,student5093@college.com,password123,student,CIVIL,true,true
Kiran Jacob,student5094@college.com,password123,student,CSE,true,true
Reyansh Bose,student5095@college.com,password123,student,EEE,true,true
Aliya D'Souza,student5096@college.com,password123,student,ECE,true,true
Farhan Iyer,student5097@college.com,password123,student,IT,true,true
Vikram Fernandes,student5098@college.com,password123,student,MATH,true,true
Riya Rathore,student5099@college.com,password123,student,MECH,true,true
Sai Thomas,student5100@college.com,password123,student,PHY,true,true
Neha Mukherjee,student5101@college.com,password123,student,MBA,true,true
David Menon,student5102@college.com,password123,student,CHEM,true,true
Kavya Sheikh,student5103@college.com,password123,student,CIVIL,true,true
Rohan Bose,student5104@college.com,password123,student,CSE,true,true
Sneha Naidu,student5105@college.com,password123,student,EEE,true,true
Olivia D'Souza,student5106@college.com,password123,student,ECE,true,true
Tara Gupta,student5107@college.com,password123,student,IT,true,true
Aarav Chauhan,student5108@college.com,password123,student,MATH,true,true
James Costa,student5109@college.com,password123,student,MECH,true,true
Suresh George,student5110@college.com,password123,student,PHY,true,true
Rohan Sharma,student5111@college.com,password123,student,MBA,true,true
Vihaan Khan,student5112@college.com,password123,student,CHEM,true,true
Amit Rodrigues,student5113@college.com,password123,student,CIVIL,true,true
Rahul Jacob,student5114@college.com,password123,student,CSE,true,true
Meera Mehta,student5115@college.com,password123,student,EEE,true,true
James Thomas,student5116@college.com,password123,student,ECE,true,true
Dhruv Pinto,student5117@college.com,password123,student,IT,true,true
James Ali,student5118@college.com,password123,student,MATH,true,true
Suresh Gupta,student5119@college.com,password123,student,MECH,true,true
Rohan Mishra,student5120@college.com,password123,student,PHY,true,true
Sneha Fernandes,student5121@college.com,password123,student,MBA,true,true
Arjun Khanna,student5122@college.com,password123,student,CHEM,true,true
Sai Desai,student5123@college.com,password123,student,CIVIL,true,true
Zoya Nair,student5124@college.com,password123,student,CSE,true,true
James Iyer,student5125@college.com,password123,student,EEE,true,true
Fatima D'Souza,student5126@college.com,password123,student,ECE,true,true
Amit Naidu,student5127@college.com,password123,student,IT,true,true
Dhruv Costa,student5128@college.com,password123,student,MATH,true,true
Neha Agarwal,student5129@college.com,password123,student,MECH,true,true
Sarah Jacob,student5130@college.com,password123,student,PHY,true,true
Diya Thomas,student5131@college.com,password123,student,MBA,true,true
Rahul Dubey,student5132@college.com,password123,student,CHEM,true,true
Ayesha Rathore,student5133@college.com,password123,student,CIVIL,true,true
Amit Bose,student5134@college.com,password123,student,CSE,true,true
Imran Agarwal,student5135@college.com,password123,student,EEE,true,true
Diya Mukherjee,student5136@college.com,password123,student,ECE,true,true
Zara Rodrigues,student5137@college.com,password123,student,IT,true,true
Diya Verma,student5138@college.com,password123,student,MATH,true,true
Olivia Varghese,student5139@college.com,password123,student,MECH,true,true
Krishna George,student5140@college.com,password123,student,PHY,true,true
Grace Sharma,student5141@college.com,password123,student,MBA,true,true
Lakshmi Khan,student5142@college.com,password123,student,CHEM,true,true
Aarav Sharma,student5143@college.com,password123,student,CIVIL,true,true
Sameer Chatterjee,student5144@college.com,password123,student,CSE,true,true
Riya D'Souza,student5145@college.com,password123,student,EEE,true,true
Emma Varghese,student5146@college.com,password123,student,ECE,true,true
Ayesha Ahmed,student5147@college.com,password123,student,IT,true,true
Aliya Desai,student5148@college.com,password123,student,MATH,true,true
Sneha Patel,student5149@college.com,password123,student,MECH,true,true
David George,student5150@college.com,password123,student,PHY,true,true
Farhan Kumar,student5151@college.com,password123,student,MBA,true,true
Sneha Verma,student5152@college.com,password123,student,CHEM,true,true
Emma Mathew,student5153@college.com,password123,student,CIVIL,true,true
Tara Jacob,student5154@college.com,password123,student,CSE,true,true
Ayaan Mehta,student5155@college.com,password123,student,EEE,true,true
Michael Joshi,student5156@college.com,password123,student,ECE,true,true
Michael Rodrigues,student5157@college.com,password123,student,IT,true,true
Isha Joshi,student5158@college.com,password123,student,MATH,true,true
Kabir Yadav,student5159@college.com,password123,student,MECH,true,true
John Varghese,student5160@college.com,password123,student,PHY,true,true
Aarav Nair,student5161@college.com,password123,student,MBA,true,true
Zara Shah,student5162@college.com,password123,student,CHEM,true,true
Grace Banerjee,student5163@college.com,password123,student,CIVIL,true,true
Tara Sharma,student5164@college.com,password123,student,CSE,true,true
Karan Mishra,student5165@college.com,password123,student,EEE,true,true
Vivaan Dubey,student5166@college.com,password123,student,ECE,true,true
Amit Jacob,student5167@college.com,password123,student,IT,true,true
Olivia Pandey,student5168@college.com,password123,student,MATH,true,true
Isha Banerjee,student5169@college.com,password123,student,MECH,true,true
Sai Costa,student5170@college.com,password123,student,PHY,true,true
Mohammed Khanna,student5171@college.com,password123,student,MBA,true,true
John Pandey,student5172@college.com,password123,student,CHEM,true,true
Karan Das,student5173@college.com,password123,student,CIVIL,true,true
Divya Shah,student5174@college.com,password123,student,CSE,true,true
Aditya Malhotra,student5175@college.com,password123,student,EEE,true,true
Divya Pandey,student5176@college.com,password123,student,ECE,true,true
Ayesha Rodrigues,student5177@college.com,password123,student,IT,true,true
Dhruv Sharma,student5178@college.com,password123,student,MATH,true,true
Aryan Thomas,student5179@college.com,password123,student,MECH,true,true
Priya Nair,student5180@college.com,password123,student,PHY,true,true
Emily Malhotra,student5181@college.com,password123,student,MBA,true,true
Anita Ali,student5182@college.com,password123,student,CHEM,true,true
Divya Rao,student5183@college.com,password123,student,CIVIL,true,true
Swati Banerjee,student5184@college.com,password123,student,CSE,true,true
Imran Mishra,student5185@college.com,password123,student,EEE,true,true
Anita Jacob,student5186@college.com,password123,student,ECE,true,true
Sameer Rodrigues,student5187@college.com,password123,student,IT,true,true
Anita Chatterjee,student5188@college.com,password123,student,MATH,true,true
Arjun Pinto,student5189@college.com,password123,student,MECH,true,true
Krishna Mishra,student5190@college.com,password123,student,PHY,true,true
Arjun Iyer,student5191@college.com,password123,student,MBA,true,true
Rahul Fernandes,student5192@college.com,password123,student,CHEM,true,true
Robert Das,student5193@college.com,password123,student,CIVIL,true,true
Sarah Hussain,student5194@college.com,password123,student,CSE,true,true
Fatima Malhotra,student5195@college.com,password123,student,EEE,true,true
Aryan Jacob,student5196@college.com,password123,student,ECE,true,true
Vivaan Varghese,student5197@college.com,password123,student,IT,true,true
Sameer Sheikh,student5198@college.com,password123,student,MATH,true,true
Radha Kapoor,student5199@college.com,password123,student,MECH,true,true
Sameer D'Souza,student5200@college.com,password123,student,PHY,true,true
Sarah Chauhan,student5201@college.com,password123,student,MBA,true,true
Aarav Naidu,student5202@college.com,password123,student,CHEM,true,true
Farhan Jacob,student5203@college.com,password123,student,CIVIL,true,true
Farhan Singh,student5204@college.com,password123,student,CSE,true,true
Robert Agarwal,student5205@college.com,password123,student,EEE,true,true
Saanvi Pillai,student5206@college.com,password123,student,ECE,true,true
Amit Nair,student5207@college.com,password123,student,IT,true,true
Sameer Hussain,student5208@college.com,password123,student,MATH,true,true
Zara Ahmed,student5209@college.com,password123,student,MECH,true,true
Kavya Hussain,student5210@college.com,password123,student,PHY,true,true
Aliya Gupta,student5211@college.com,password123,student,MBA,true,true
Sarah Tiwari,student5212@college.com,password123,student,CHEM,true,true
Karan Singh,student5213@college.com,password123,student,CIVIL,true,true
Amit Pillai,student5214@college.com,password123,student,CSE,true,true
Sneha Rathore,student5215@college.com,password123,student,EEE,true,true
Ananya Sharma,student5216@college.com,password123,student,ECE,true,true
Priya Banerjee,student5217@college.com,password123,student,IT,true,true
Diya Patel,student5218@college.com,password123,student,MATH,true,true
Sarah Fernandes,student5219@college.com,password123,student,MECH,true,true
John Verma,student5220@college.com,password123,student,PHY,true,true
Sara Das,student5221@college.com,password123,student,MBA,true,true
Zoya Naidu,student5222@college.com,password123,student,CHEM,true,true
Arjun Bose,student5223@college.com,password123,student,CIVIL,true,true
Aryan Rao,student5224@college.com,password123,student,CSE,true,true
Diya Khanna,student5225@college.com,password123,student,EEE,true,true
Arjun Thomas,student5226@college.com,password123,student,ECE,true,true
Mohammed Reddy,student5227@college.com,password123,student,IT,true,true
Vivaan Khan,student5228@college.com,password123,student,MATH,true,true
Saanvi Verma,student5229@college.com,password123,student,MECH,true,true
Kiran Thomas,student5230@college.com,password123,student,PHY,true,true
Grace Bansal,student5231@college.com,password123,student,MBA,true,true
James Kapoor,student5232@college.com,password123,student,CHEM,true,true
Nikhil Reddy,student5233@college.com,password123,student,CIVIL,true,true
Anjali Bose,student5234@college.com,password123,student,CSE,true,true
Diya Singh,student5235@college.com,password123,student,EEE,true,true
Michael Bansal,student5236@college.com,password123,student,ECE,true,true
Pooja Bose,student5237@college.com,password123,student,IT,true,true
Arjun Yadav,student5238@college.com,password123,student,MATH,true,true
Lakshmi Costa,student5239@college.com,password123,student,MECH,true,true
Tara Dubey,student5240@college.com,password123,student,PHY,true,true
Reyansh Thomas,student5241@college.com,password123,student,MBA,true,true
Tara Pinto,student5242@college.com,password123,student,CHEM,true,true
Ayaan Patel,student5243@college.com,password123,student,CIVIL,true,true
Vihaan Gupta,student5244@college.com,password123,student,CSE,true,true
Meera Agarwal,student5245@college.com,password123,student,EEE,true,true
Sarah Varghese,student5246@college.com,password123,student,ECE,true,true
Arjun Iyer,student5247@college.com,password123,student,IT,true,true
Vihaan Rathore,student5248@college.com,password123,student,MATH,true,true
Vihaan Khanna,student5249@college.com,password123,student,MECH,true,true
Radha Thomas,student5250@college.com,password123,student,PHY,true,true
Saanvi Kumar,student5251@college.com,password123,student,MBA,true,true
Reyansh Jacob,student5252@college.com,password123,student,CHEM,true,true
Vihaan D'Souza,student5253@college.com,password123,student,CIVIL,true,true
Vihaan Chopra,student5254@college.com,password123,student,CSE,true,true
Robert Joshi,student5255@college.com,password123,student,EEE,true,true
Priya Reddy,student5256@college.com,password123,student,ECE,true,true
Radha Dubey,student5257@college.com,password123,student,IT,true,true
Riya Das,student5258@college.com,password123,student,MATH,true,true
Emily Rodrigues,student5259@college.com,password123,student,MECH,true,true
David Mathew,student5260@college.com,password123,student,PHY,true,true
Radha Sharma,student5261@college.com,password123,student,MBA,true,true
Zara Joshi,student5262@college.com,password123,student,CHEM,true,true
Zara Naidu,student5263@college.com,password123,student,CIVIL,true,true
Sarah Costa,student5264@college.com,password123,student,CSE,true,true
Radha Reddy,student5265@college.com,password123,student,EEE,true,true
Diya George,student5266@college.com,password123,student,ECE,true,true
Sameer Verma,student5267@college.com,password123,student,IT,true,true
Zara Hussain,student5268@college.com,password123,student,MATH,true,true
Diya Pinto,student5269@college.com,password123,student,MECH,true,true
Aryan Reddy,student5270@college.com,password123,student,PHY,true,true
Reyansh Sharma,student5271@college.com,password123,student,MBA,true,true
Lakshmi Pandey,student5272@college.com,password123,student,CHEM,true,true
Arjun Pinto,student5273@college.com,password123,student,CIVIL,true,true
David Banerjee,student5274@college.com,password123,student,CSE,true,true
Emma Fernandes,student5275@college.com,password123,student,EEE,true,true
Krishna Thomas,student5276@college.com,password123,student,ECE,true,true
Neha Kapoor,student5277@college.com,password123,student,IT,true,true
Isha Pillai,student5278@college.com,password123,student,MATH,true,true
Anjali Tiwari,student5279@college.com,password123,student,MECH,true,true
Radha Rathore,student5280@college.com,password123,student,PHY,true,true
Kabir Bose,student5281@college.com,password123,student,MBA,true,true
Krishna Gupta,student5282@college.com,password123,student,CHEM,true,true
Vihaan Iyer,student5283@college.com,password123,student,CIVIL,true,true
Vikram Pinto,student5284@college.com,password123,student,CSE,true,true
Saanvi Ali,student5285@college.com,password123,student,EEE,true,true
Farhan Dubey,student5286@college.com,password123,student,ECE,true,true
Isha Khanna,student5287@college.com,password123,student,IT,true,true
Kiran Sheikh,student5288@college.com,password123,student,MATH,true,true
Yusuf Menon,student5289@college.com,password123,student,MECH,true,true
Ishaan Khan,student5290@college.com,password123,student,PHY,true,true
Vikram Rodrigues,student5291@college.com,password123,student,MBA,true,true
Diya Chopra,student5292@college.com,password123,student,CHEM,true,true
Kavya Sharma,student5293@college.com,password123,student,CIVIL,true,true
Pooja Pinto,student5294@college.com,password123,student,CSE,true,true
Imran Jacob,student5295@college.com,password123,student,EEE,true,true
Ishaan Singh,student5296@college.com,password123,student,ECE,true,true
Nikhil Ali,student5297@college.com,password123,student,IT,true,true
Michael D'Souza,student5298@college.com,password123,student,MATH,true,true
Robert Singh,student5299@college.com,password123,student,MECH,true,true
Saanvi Mehta,student5300@college.com,password123,student,PHY,true,true
Aryan Banerjee,student5301@college.com,password123,student,MBA,true,true
Mohammed Banerjee,student5302@college.com,password123,student,CHEM,true,true
David Kumar,student5303@college.com,password123,student,CIVIL,true,true
Diya Banerjee,student5304@college.com,password123,student,CSE,true,true
Imran Khan,student5305@college.com,password123,student,EEE,true,true
Zoya Varghese,student5306@college.com,password123,student,ECE,true,true
Zara Rodrigues,student5307@college.com,password123,student,IT,true,true
Zoya Bansal,student5308@college.com,password123,student,MATH,true,true
Robert Pinto,student5309@college.com,password123,student,MECH,true,true
Anita Bansal,student5310@college.com,password123,student,PHY,true,true
Radha Khanna,student5311@college.com,password123,student,MBA,true,true
Riya Bansal,student5312@college.com,password123,student,CHEM,true,true
Rohan Reddy,student5313@college.com,password123,student,CIVIL,true,true
Zara Gupta,student5314@college.com,password123,student,CSE,true,true
Divya Das,student5315@college.com,password123,student,EEE,true,true
Olivia Sharma,student5316@college.com,password123,student,ECE,true,true
Mohammed Das,student5317@college.com,password123,student,IT,true,true
Zoya Das,student5318@college.com,password123,student,MATH,true,true
Zara Costa,student5319@college.com,password123,student,MECH,true,true
Dhruv Bose,student5320@college.com,password123,student,PHY,true,true
Anjali Mishra,student5321@college.com,password123,student,MBA,true,true
Yusuf Bansal,student5322@college.com,password123,student,CHEM,true,true
John Mishra,student5323@college.com,password123,student,CIVIL,true,true
Meera Mukherjee,student5324@college.com,password123,student,CSE,true,true
Priya Chatterjee,student5325@college.com,password123,student,EEE,true,true
Michael Sharma,student5326@college.com,password123,student,ECE,true,true
Kavya Sharma,student5327@college.com,password123,student,IT,true,true
Arjun Mehta,student5328@college.com,password123,student,MATH,true,true
Vivaan D'Souza,student5329@college.com,password123,student,MECH,true,true
Ayaan Menon,student5330@college.com,password123,student,PHY,true,true
Suresh Rathore,student5331@college.com,password123,student,MBA,true,true
Aryan Thomas,student5332@college.com,password123,student,CHEM,true,true
Kiran Dubey,student5333@college.com,password123,student,CIVIL,true,true
Kavya Gupta,student5334@college.com,password123,student,CSE,true,true
Vivaan Banerjee,student5335@college.com,password123,student,EEE,true,true
Aryan Chopra,student5336@college.com,password123,student,ECE,true,true
Kabir Das,student5337@college.com,password123,student,IT,true,true
Sarah Kapoor,student5338@college.com,password123,student,MATH,true,true
Fatima Chatterjee,student5339@college.com,password123,student,MECH,true,true
Diya D'Souza,student5340@college.com,password123,student,PHY,true,true
Nikhil Chatterjee,student5341@college.com,password123,student,MBA,true,true
Aryan Verma,student5342@college.com,password123,student,CHEM,true,true
Kabir Kapoor,student5343@college.com,password123,student,CIVIL,true,true
Olivia Reddy,student5344@college.com,password123,student,CSE,true,true
Vivaan Jacob,student5345@college.com,password123,student,EEE,true,true
Krishna Joshi,student5346@college.com,password123,student,ECE,true,true
Farhan Nair,student5347@college.com,password123,student,IT,true,true
Diya Mukherjee,student5348@college.com,password123,student,MATH,true,true
Vikram Chauhan,student5349@college.com,password123,student,MECH,true,true
Nikhil Shah,student5350@college.com,password123,student,PHY,true,true
John Shah,student5351@college.com,password123,student,MBA,true,true
Imran Rao,student5352@college.com,password123,student,CHEM,true,true
Pooja Costa,student5353@college.com,password123,student,CIVIL,true,true
Sarah Naidu,student5354@college.com,password123,student,CSE,true,true
Sarah Pandey,student5355@college.com,password123,student,EEE,true,true
Arjun Nair,student5356@college.com,password123,student,ECE,true,true
Ishaan Iyer,student5357@college.com,password123,student,IT,true,true
David Banerjee,student5358@college.com,password123,student,MATH,true,true
Aryan Sheikh,student5359@college.com,password123,student,MECH,true,true
Meera Varghese,student5360@college.com,password123,student,PHY,true,true
Kavya Agarwal,student5361@college.com,password123,student,MBA,true,true
Lakshmi Naidu,student5362@college.com,password123,student,CHEM,true,true
Mohammed Bose,student5363@college.com,password123,student,CIVIL,true,true
Olivia Gupta,student5364@college.com,password123,student,CSE,true,true
Aliya Costa,student5365@college.com,password123,student,EEE,true,true
Kiran Banerjee,student5366@college.com,password123,student,ECE,true,true
Robert Sheikh,student5367@college.com,password123,student,IT,true,true
Suresh Menon,student5368@college.com,password123,student,MATH,true,true
Ananya Bose,student5369@college.com,password123,student,MECH,true,true
Vihaan Thomas,student5370@college.com,password123,student,PHY,true,true
David Malhotra,student5371@college.com,password123,student,MBA,true,true
Emily Iyer,student5372@college.com,password123,student,CHEM,true,true
Robert Ali,student5373@college.com,password123,student,CIVIL,true,true
Kiran Ahmed,student5374@college.com,password123,student,CSE,true,true
Dhruv Tiwari,student5375@college.com,password123,student,EEE,true,true
Sai Khan,student5376@college.com,password123,student,ECE,true,true
David Mathew,student5377@college.com,password123,student,IT,true,true
Radha Kumar,student5378@college.com,password123,student,MATH,true,true
Rohan Ali,student5379@college.com,password123,student,MECH,true,true
Meera Dubey,student5380@college.com,password123,student,PHY,true,true
Sarah George,student5381@college.com,password123,student,MBA,true,true
Aliya Ali,student5382@college.com,password123,student,CHEM,true,true
Kavya Ahmed,student5383@college.com,password123,student,CIVIL,true,true
Pooja Chauhan,student5384@college.com,password123,student,CSE,true,true
Kabir Agarwal,student5385@college.com,password123,student,EEE,true,true
Ayesha Shah,student5386@college.com,password123,student,ECE,true,true
Pooja Varghese,student5387@college.com,password123,student,IT,true,true
Anjali Pandey,student5388@college.com,password123,student,MATH,true,true
Divya Khan,student5389@college.com,password123,student,MECH,true,true
Amit Pinto,student5390@college.com,password123,student,PHY,true,true
Priya Thomas,student5391@college.com,password123,student,MBA,true,true
Olivia Pinto,student5392@college.com,password123,student,CHEM,true,true
Farhan Gupta,student5393@college.com,password123,student,CIVIL,true,true
Dhruv Das,student5394@college.com,password123,student,CSE,true,true
Emma Banerjee,student5395@college.com,password123,student,EEE,true,true
Tara Bose,student5396@college.com,password123,student,ECE,true,true
Priya Mukherjee,student5397@college.com,password123,student,IT,true,true
Vikram Naidu,student5398@college.com,password123,student,MATH,true,true
Sarah Joshi,student5399@college.com,password123,student,MECH,true,true
Anita Rao,student5400@college.com,password123,student,PHY,true,true
Grace Shah,student5401@college.com,password123,student,MBA,true,true
Rahul D'Souza,student5402@college.com,password123,student,CHEM,true,true
Sai Iyer,student5403@college.com,password123,student,CIVIL,true,true
Aliya Patel,student5404@college.com,password123,student,CSE,true,true
Suresh Rathore,student5405@college.com,password123,student,EEE,true,true
Pooja Mehta,student5406@college.com,password123,student,ECE,true,true
Karan Pinto,student5407@college.com,password123,student,IT,true,true
Aditya Chauhan,student5408@college.com,password123,student,MATH,true,true
Neha Costa,student5409@college.com,password123,student,MECH,true,true
Diya Naidu,student5410@college.com,password123,student,PHY,true,true
Tara Chauhan,student5411@college.com,password123,student,MBA,true,true
Saanvi Pillai,student5412@college.com,password123,student,CHEM,true,true
Kavya Ahmed,student5413@college.com,password123,student,CIVIL,true,true
Ananya Malhotra,student5414@college.com,password123,student,CSE,true,true
Meera Verma,student5415@college.com,password123,student,EEE,true,true
Kabir Rathore,student5416@college.com,password123,student,ECE,true,true
Karan Kapoor,student5417@college.com,password123,student,IT,true,true
Farhan Kumar,student5418@college.com,password123,student,MATH,true,true
Isha Patel,student5419@college.com,password123,student,MECH,true,true
Suresh Ali,student5420@college.com,password123,student,PHY,true,true
Neha Sheikh,student5421@college.com,password123,student,MBA,true,true
Farhan Patel,student5422@college.com,password123,student,CHEM,true,true
David Malhotra,student5423@college.com,password123,student,CIVIL,true,true
Grace Das,student5424@college.com,password123,student,CSE,true,true
Reyansh Nair,student5425@college.com,password123,student,EEE,true,true
Arjun Shah,student5426@college.com,password123,student,ECE,true,true
Aditya Sheikh,student5427@college.com,password123,student,IT,true,true
Aryan Bansal,student5428@college.com,password123,student,MATH,true,true
Aryan Jacob,student5429@college.com,password123,student,MECH,true,true
Diya Kapoor,student5430@college.com,password123,student,PHY,true,true
Vikram Mishra,student5431@college.com,password123,student,MBA,true,true
Michael Yadav,student5432@college.com,password123,student,CHEM,true,true
Sameer Malhotra,student5433@college.com,password123,student,CIVIL,true,true
Aryan Pandey,student5434@college.com,password123,student,CSE,true,true
Lakshmi Iyer,student5435@college.com,password123,student,EEE,true,true
Robert Dubey,student5436@college.com,password123,student,ECE,true,true
Ayesha Mishra,student5437@college.com,password123,student,IT,true,true
Sneha Kapoor,student5438@college.com,password123,student,MATH,true,true
Aarav Yadav,student5439@college.com,password123,student,MECH,true,true
Vikram Chopra,student5440@college.com,password123,student,PHY,true,true
Michael Mehta,student5441@college.com,password123,student,MBA,true,true
David Desai,student5442@college.com,password123,student,CHEM,true,true
Priya Pinto,student5443@college.com,password123,student,CIVIL,true,true
Aliya George,student5444@college.com,password123,student,CSE,true,true
Aarav Khan,student5445@college.com,password123,student,EEE,true,true
Farhan Ali,student5446@college.com,password123,student,ECE,true,true
Aliya Menon,student5447@college.com,password123,student,IT,true,true
Emily Desai,student5448@college.com,password123,student,MATH,true,true
Karan Das,student5449@college.com,password123,student,MECH,true,true
Fatima Mishra,student5450@college.com,password123,student,PHY,true,true
Dhruv Khan,student5451@college.com,password123,student,MBA,true,true
Karan Hussain,student5452@college.com,password123,student,CHEM,true,true
Kiran D'Souza,student5453@college.com,password123,student,CIVIL,true,true
Aliya Chauhan,student5454@college.com,password123,student,CSE,true,true
Fatima Chauhan,student5455@college.com,password123,student,EEE,true,true
Diya Patel,student5456@college.com,password123,student,ECE,true,true
Ananya Banerjee,student5457@college.com,password123,student,IT,true,true
Saanvi Yadav,student5458@college.com,password123,student,MATH,true,true
Zoya Pillai,student5459@college.com,password123,student,MECH,true,true
Dhruv Rathore,student5460@college.com,password123,student,PHY,true,true
Tara D'Souza,student5461@college.com,password123,student,MBA,true,true
Vivaan Shah,student5462@college.com,password123,student,CHEM,true,true
Krishna Fernandes,student5463@college.com,password123,student,CIVIL,true,true
Emily Iyer,student5464@college.com,password123,student,CSE,true,true
Vikram Mishra,student5465@college.com,password123,student,EEE,true,true
Aarav Ahmed,student5466@college.com,password123,student,ECE,true,true
John Mathew,student5467@college.com,password123,student,IT,true,true
James Mehta,student5468@college.com,password123,student,MATH,true,true
Diya Das,student5469@college.com,password123,student,MECH,true,true
Riya Naidu,student5470@college.com,password123,student,PHY,true,true
Sameer Dubey,student5471@college.com,password123,student,MBA,true,true
Priya Dubey,student5472@college.com,password123,student,CHEM,true,true
Yusuf Varghese,student5473@college.com,password123,student,CIVIL,true,true
Sneha Khanna,student5474@college.com,password123,student,CSE,true,true
Ananya Pinto,student5475@college.com,password123,student,EEE,true,true
Vivaan Fernandes,student5476@college.com,password123,student,ECE,true,true
David Gupta,student5477@college.com,password123,student,IT,true,true
Grace Iyer,student5478@college.com,password123,student,MATH,true,true
Ishaan Bansal,student5479@college.com,password123,student,MECH,true,true
Anita Thomas,student5480@college.com,password123,student,PHY,true,true
John Rodrigues,student5481@college.com,password123,student,MBA,true,true
Olivia Rodrigues,student5482@college.com,password123,student,CHEM,true,true
Anita Desai,student5483@college.com,password123,student,CIVIL,true,true
Meera Mukherjee,student5484@college.com,password123,student,CSE,true,true
Priya Kumar,student5485@college.com,password123,student,EEE,true,true
Sneha Joshi,student5486@college.com,password123,student,ECE,true,true
Aryan Khan,student5487@college.com,password123,student,IT,true,true
Reyansh Bansal,student5488@college.com,password123,student,MATH,true,true
Anita Rathore,student5489@college.com,password123,student,MECH,true,true
Mohammed Khanna,student5490@college.com,password123,student,PHY,true,true
Sai Rao,student5491@college.com,password123,student,MBA,true,true
Reyansh Jacob,student5492@college.com,password123,student,CHEM,true,true
Swati Chatterjee,student5493@college.com,password123,student,CIVIL,true,true
Aditya Varghese,student5494@college.com,password123,student,CSE,true,true
Lakshmi Ahmed,student5495@college.com,password123,student,EEE,true,true
Vivaan Chatterjee,student5496@college.com,password123,student,ECE,true,true
Aryan Kumar,student5497@college.com,password123,student,IT,true,true
Olivia Joshi,student5498@college.com,password123,student,MATH,true,true
Suresh Mukherjee,student5499@college.com,password123,student,MECH,true,true
Karan Chopra,student5500@college.com,password123,student,PHY,true,true
Imran Hussain,student5501@college.com,password123,student,MBA,true,true
Arjun Chauhan,student5502@college.com,password123,student,CHEM,true,true
Vihaan Shah,student5503@college.com,password123,student,CIVIL,true,true
Pooja Sharma,student5504@college.com,password123,student,CSE,true,true
Rohan Agarwal,student5505@college.com,password123,student,EEE,true,true
Emily Pillai,student5506@college.com,password123,student,ECE,true,true
Priya Rao,student5507@college.com,password123,student,IT,true,true
Ayaan Iyer,student5508@college.com,password123,student,MATH,true,true
Sneha Pillai,student5509@college.com,password123,student,MECH,true,true
Anjali Mishra,student5510@college.com,password123,student,PHY,true,true
Arjun Joshi,student5511@college.com,password123,student,MBA,true,true
Emma Mukherjee,student5512@college.com,password123,student,CHEM,true,true
Krishna Mukherjee,student5513@college.com,password123,student,CIVIL,true,true
Vikram Naidu,student5514@college.com,password123,student,CSE,true,true
Michael Pandey,student5515@college.com,password123,student,EEE,true,true
Imran Khan,student5516@college.com,password123,student,ECE,true,true
Rohan Rodrigues,student5517@college.com,password123,student,IT,true,true
Anita Khanna,student5518@college.com,password123,student,MATH,true,true
Kiran Banerjee,student5519@college.com,password123,student,MECH,true,true
Neha Pandey,student5520@college.com,password123,student,PHY,true,true
Sameer Chauhan,student5521@college.com,password123,student,MBA,true,true
Amit Banerjee,student5522@college.com,password123,student,CHEM,true,true
Aarav Menon,student5523@college.com,password123,student,CIVIL,true,true
Tara Kumar,student5524@college.com,password123,student,CSE,true,true
Michael Desai,student5525@college.com,password123,student,EEE,true,true
Lakshmi Bose,student5526@college.com,password123,student,ECE,true,true
Pooja Bansal,student5527@college.com,password123,student,IT,true,true
Olivia Fernandes,student5528@college.com,password123,student,MATH,true,true
Sarah Ahmed,student5529@college.com,password123,student,MECH,true,true
Zara Chauhan,student5530@college.com,password123,student,PHY,true,true
Anita Gupta,student5531@college.com,password123,student,MBA,true,true
Sara Patel,student5532@college.com,password123,student,CHEM,true,true
Suresh George,student5533@college.com,password123,student,CIVIL,true,true
Sarah Chauhan,student5534@college.com,password123,student,CSE,true,true
Isha Varghese,student5535@college.com,password123,student,EEE,true,true
James Pandey,student5536@college.com,password123,student,ECE,true,true
David Khanna,student5537@college.com,password123,student,IT,true,true
Priya Costa,student5538@college.com,password123,student,MATH,true,true
Michael Chatterjee,student5539@college.com,password123,student,MECH,true,true
Riya Bose,student5540@college.com,password123,student,PHY,true,true
Kabir Costa,student5541@college.com,password123,student,MBA,true,true
Fatima Naidu,student5542@college.com,password123,student,CHEM,true,true
Zara Joshi,student5543@college.com,password123,student,CIVIL,true,true
Olivia Mathew,student5544@college.com,password123,student,CSE,true,true
Kabir Varghese,student5545@college.com,password123,student,EEE,true,true
Anita Reddy,student5546@college.com,password123,student,ECE,true,true
Priya Varghese,student5547@college.com,password123,student,IT,true,true
Aditya Bose,student5548@college.com,password123,student,MATH,true,true
Sarah Rao,student5549@college.com,password123,student,MECH,true,true
Amit Thomas,student5550@college.com,password123,student,PHY,true,true
Sneha Chopra,student5551@college.com,password123,student,MBA,true,true
Imran Kumar,student5552@college.com,password123,student,CHEM,true,true
Zoya Tiwari,student5553@college.com,password123,student,CIVIL,true,true
Fatima Mukherjee,student5554@college.com,password123,student,CSE,true,true
Olivia Ahmed,student5555@college.com,password123,student,EEE,true,true
Riya Dubey,student5556@college.com,password123,student,ECE,true,true
Swati Nair,student5557@college.com,password123,student,IT,true,true
Kavya Kumar,student5558@college.com,password123,student,MATH,true,true
Aliya Reddy,student5559@college.com,password123,student,MECH,true,true
Neha Yadav,student5560@college.com,password123,student,PHY,true,true
Yusuf Agarwal,student5561@college.com,password123,student,MBA,true,true
Riya Rathore,student5562@college.com,password123,student,CHEM,true,true
Rohan Kapoor,student5563@college.com,password123,student,CIVIL,true,true
Dhruv Ali,student5564@college.com,password123,student,CSE,true,true
Aditya Chauhan,student5565@college.com,password123,student,EEE,true,true
Vivaan Kumar,student5566@college.com,password123,student,ECE,true,true
Mohammed Varghese,student5567@college.com,password123,student,IT,true,true
Sameer Mishra,student5568@college.com,password123,student,MATH,true,true
Zara Joshi,student5569@college.com,password123,student,MECH,true,true
Diya Mishra,student5570@college.com,password123,student,PHY,true,true
Priya Banerjee,student5571@college.com,password123,student,MBA,true,true
Priya Gupta,student5572@college.com,password123,student,CHEM,true,true
Aarav Kapoor,student5573@college.com,password123,student,CIVIL,true,true
Ayaan Pandey,student5574@college.com,password123,student,CSE,true,true
Olivia Iyer,student5575@college.com,password123,student,EEE,true,true
Ananya Mathew,student5576@college.com,password123,student,ECE,true,true
Sara Chauhan,student5577@college.com,password123,student,IT,true,true
Divya Chauhan,student5578@college.com,password123,student,MATH,true,true
Arjun Patel,student5579@college.com,password123,student,MECH,true,true
Swati Mathew,student5580@college.com,password123,student,PHY,true,true
Nikhil Pandey,student5581@college.com,password123,student,MBA,true,true
Tara Iyer,student5582@college.com,password123,student,CHEM,true,true
Anjali Malhotra,student5583@college.com,password123,student,CIVIL,true,true
James Rao,student5584@college.com,password123,student,CSE,true,true
Rohan Verma,student5585@college.com,password123,student,EEE,true,true
Lakshmi Reddy,student5586@college.com,password123,student,ECE,true,true
Kabir Chopra,student5587@college.com,password123,student,IT,true,true
Ayaan Sheikh,student5588@college.com,password123,student,MATH,true,true
Sara Desai,student5589@college.com,password123,student,MECH,true,true
Rohan Kumar,student5590@college.com,password123,student,PHY,true,true
Imran Dubey,student5591@college.com,password123,student,MBA,true,true
Aarav Jacob,student5592@college.com,password123,student,CHEM,true,true
Amit Menon,student5593@college.com,password123,student,CIVIL,true,true
Tara Mehta,student5594@college.com,password123,student,CSE,true,true
Kabir Mukherjee,student5595@college.com,password123,student,EEE,true,true
Ayesha Gupta,student5596@college.com,password123,student,ECE,true,true
Emma Jacob,student5597@college.com,password123,student,IT,true,true
Sneha Mukherjee,student5598@college.com,password123,student,MATH,true,true
Tara Varghese,student5599@college.com,password123,student,MECH,true,true
Vihaan Thomas,student5600@college.com,password123,student,PHY,true,true
John Hussain,student5601@college.com,password123,student,MBA,true,true
Farhan Mathew,student5602@college.com,password123,student,CHEM,true,true
Ayesha Mathew,student5603@college.com,password123,student,CIVIL,true,true
Emma Reddy,student5604@college.com,password123,student,CSE,true,true
Meera Varghese,student5605@college.com,password123,student,EEE,true,true
Vikram Rathore,student5606@college.com,password123,student,ECE,true,true
Vihaan Rodrigues,student5607@college.com,password123,student,IT,true,true
Aarav Singh,student5608@college.com,password123,student,MATH,true,true
Yusuf Joshi,student5609@college.com,password123,student,MECH,true,true
Yusuf Banerjee,student5610@college.com,password123,student,PHY,true,true
Grace Bose,student5611@college.com,password123,student,MBA,true,true
Kavya Bose,student5612@college.com,password123,student,CHEM,true,true
Aryan Patel,student5613@college.com,password123,student,CIVIL,true,true
Vivaan Pillai,student5614@college.com,password123,student,CSE,true,true
Vivaan Sharma,student5615@college.com,password123,student,EEE,true,true
Diya Banerjee,student5616@college.com,password123,student,ECE,true,true
Sameer Mathew,student5617@college.com,password123,student,IT,true,true
Arjun Das,student5618@college.com,password123,student,MATH,true,true
Sarah Reddy,student5619@college.com,password123,student,MECH,true,true
John Mathew,student5620@college.com,password123,student,PHY,true,true
Rohan Tiwari,student5621@college.com,password123,student,MBA,true,true
Rohan Gupta,student5622@college.com,password123,student,CHEM,true,true
Riya Ali,student5623@college.com,password123,student,CIVIL,true,true
Reyansh Agarwal,student5624@college.com,password123,student,CSE,true,true
Ananya D'Souza,student5625@college.com,password123,student,EEE,true,true
Mohammed Banerjee,student5626@college.com,password123,student,ECE,true,true
Radha Mukherjee,student5627@college.com,password123,student,IT,true,true
Grace Sheikh,student5628@college.com,password123,student,MATH,true,true
Priya Naidu,student5629@college.com,password123,student,MECH,true,true
Ayaan Das,student5630@college.com,password123,student,PHY,true,true
Dhruv Reddy,student5631@college.com,password123,student,MBA,true,true
Isha Agarwal,student5632@college.com,password123,student,CHEM,true,true
Kabir Sharma,student5633@college.com,password123,student,CIVIL,true,true
Priya George,student5634@college.com,password123,student,CSE,true,true
Ananya Sharma,student5635@college.com,password123,student,EEE,true,true
Meera Mukherjee,student5636@college.com,password123,student,ECE,true,true
Zara Das,student5637@college.com,password123,student,IT,true,true
Arjun Mathew,student5638@college.com,password123,student,MATH,true,true
Michael Malhotra,student5639@college.com,password123,student,MECH,true,true
Farhan Costa,student5640@college.com,password123,student,PHY,true,true
Kavya Gupta,student5641@college.com,password123,student,MBA,true,true
Arjun Mukherjee,student5642@college.com,password123,student,CHEM,true,true
Riya Khanna,student5643@college.com,password123,student,CIVIL,true,true
Yusuf Rodrigues,student5644@college.com,password123,student,CSE,true,true
Divya Reddy,student5645@college.com,password123,student,EEE,true,true
Ayesha Sheikh,student5646@college.com,password123,student,ECE,true,true
David Fernandes,student5647@college.com,password123,student,IT,true,true
Rohan Kapoor,student5648@college.com,password123,student,MATH,true,true
Reyansh Rodrigues,student5649@college.com,password123,student,MECH,true,true
Ananya Thomas,student5650@college.com,password123,student,PHY,true,true
Zoya Joshi,student5651@college.com,password123,student,MBA,true,true
Sameer Yadav,student5652@college.com,password123,student,CHEM,true,true
Zoya Iyer,student5653@college.com,password123,student,CIVIL,true,true
Diya Chatterjee,student5654@college.com,password123,student,CSE,true,true
Mohammed Dubey,student5655@college.com,password123,student,EEE,true,true
Sarah Varghese,student5656@college.com,password123,student,ECE,true,true
Ananya Mathew,student5657@college.com,password123,student,IT,true,true
Anjali Kumar,student5658@college.com,password123,student,MATH,true,true
Diya Verma,student5659@college.com,password123,student,MECH,true,true
Lakshmi Pinto,student5660@college.com,password123,student,PHY,true,true
Tara Joshi,student5661@college.com,password123,student,MBA,true,true
Neha Thomas,student5662@college.com,password123,student,CHEM,true,true
Sara Das,student5663@college.com,password123,student,CIVIL,true,true
Neha Pinto,student5664@college.com,password123,student,CSE,true,true
Ayesha Sharma,student5665@college.com,password123,student,EEE,true,true
Karan Verma,student5666@college.com,password123,student,ECE,true,true
Radha Dubey,student5667@college.com,password123,student,IT,true,true
Emma Nair,student5668@college.com,password123,student,MATH,true,true
Vikram Bose,student5669@college.com,password123,student,MECH,true,true
Sara Naidu,student5670@college.com,password123,student,PHY,true,true
Aliya Bose,student5671@college.com,password123,student,MBA,true,true
Radha Patel,student5672@college.com,password123,student,CHEM,true,true
Vihaan Iyer,student5673@college.com,password123,student,CIVIL,true,true
Kavya Ahmed,student5674@college.com,password123,student,CSE,true,true
Suresh Banerjee,student5675@college.com,password123,student,EEE,true,true
Ishaan Joshi,student5676@college.com,password123,student,ECE,true,true
Dhruv George,student5677@college.com,password123,student,IT,true,true
Aditya Bose,student5678@college.com,password123,student,MATH,true,true
Grace Tiwari,student5679@college.com,password123,student,MECH,true,true
Lakshmi Rathore,student5680@college.com,password123,student,PHY,true,true
Sara Bansal,student5681@college.com,password123,student,MBA,true,true
Krishna Malhotra,student5682@college.com,password123,student,CHEM,true,true
Ananya George,student5683@college.com,password123,student,CIVIL,true,true
David Dubey,student5684@college.com,password123,student,CSE,true,true
Aditya Hussain,student5685@college.com,password123,student,EEE,true,true
David Pillai,student5686@college.com,password123,student,ECE,true,true
Farhan Chopra,student5687@college.com,password123,student,IT,true,true
Aliya Verma,student5688@college.com,password123,student,MATH,true,true
Karan Tiwari,student5689@college.com,password123,student,MECH,true,true
Diya Bansal,student5690@college.com,password123,student,PHY,true,true
Nikhil Mukherjee,student5691@college.com,password123,student,MBA,true,true
Sneha Singh,student5692@college.com,password123,student,CHEM,true,true
Olivia Mathew,student5693@college.com,password123,student,CIVIL,true,true
Nikhil Jacob,student5694@college.com,password123,student,CSE,true,true
Zoya Tiwari,student5695@college.com,password123,student,EEE,true,true
Karan Rodrigues,student5696@college.com,password123,student,ECE,true,true
Emily Joshi,student5697@college.com,password123,student,IT,true,true
Pooja Agarwal,student5698@college.com,password123,student,MATH,true,true
Kabir Rathore,student5699@college.com,password123,student,MECH,true,true
Mohammed Sharma,student5700@college.com,password123,student,PHY,true,true
Arjun Ahmed,student5701@college.com,password123,student,MBA,true,true
Arjun Banerjee,student5702@college.com,password123,student,CHEM,true,true
Vihaan Thomas,student5703@college.com,password123,student,CIVIL,true,true
Ishaan Mukherjee,student5704@college.com,password123,student,CSE,true,true
Krishna Patel,student5705@college.com,password123,student,EEE,true,true
Kabir Pinto,student5706@college.com,password123,student,ECE,true,true
Swati Mukherjee,student5707@college.com,password123,student,IT,true,true
Nikhil Ali,student5708@college.com,password123,student,MATH,true,true
Sai Naidu,student5709@college.com,password123,student,MECH,true,true
Fatima Chauhan,student5710@college.com,password123,student,PHY,true,true
Vikram Rao,student5711@college.com,password123,student,MBA,true,true
Fatima Banerjee,student5712@college.com,password123,student,CHEM,true,true
Nikhil Naidu,student5713@college.com,password123,student,CIVIL,true,true
Kabir Rodrigues,student5714@college.com,password123,student,CSE,true,true
Nikhil Khanna,student5715@college.com,password123,student,EEE,true,true
Suresh Fernandes,student5716@college.com,password123,student,ECE,true,true
Tara Thomas,student5717@college.com,password123,student,IT,true,true
Aryan Malhotra,student5718@college.com,password123,student,MATH,true,true
Emily Khan,student5719@college.com,password123,student,MECH,true,true
Sai Shah,student5720@college.com,password123,student,PHY,true,true
Priya Joshi,student5721@college.com,password123,student,MBA,true,true
Rohan Khan,student5722@college.com,password123,student,CHEM,true,true
Tara Naidu,student5723@college.com,password123,student,CIVIL,true,true
Neha Costa,student5724@college.com,password123,student,CSE,true,true
Sara Naidu,student5725@college.com,password123,student,EEE,true,true
Aliya Menon,student5726@college.com,password123,student,ECE,true,true
Michael Khan,student5727@college.com,password123,student,IT,true,true
Vivaan Dubey,student5728@college.com,password123,student,MATH,true,true
Meera Naidu,student5729@college.com,password123,student,MECH,true,true
Robert Patel,student5730@college.com,password123,student,PHY,true,true
Aliya Khanna,student5731@college.com,password123,student,MBA,true,true
Lakshmi Sheikh,student5732@college.com,password123,student,CHEM,true,true
Ishaan D'Souza,student5733@college.com,password123,student,CIVIL,true,true
Fatima Chatterjee,student5734@college.com,password123,student,CSE,true,true
Rahul Joshi,student5735@college.com,password123,student,EEE,true,true
Zara Khanna,student5736@college.com,password123,student,ECE,true,true
Zara Chopra,student5737@college.com,password123,student,IT,true,true
Meera D'Souza,student5738@college.com,password123,student,MATH,true,true
Lakshmi Khan,student5739@college.com,password123,student,MECH,true,true
Arjun Bansal,student5740@college.com,password123,student,PHY,true,true
Krishna Pandey,student5741@college.com,password123,student,MBA,true,true
Anjali Banerjee,student5742@college.com,password123,student,CHEM,true,true
Ishaan Banerjee,student5743@college.com,password123,student,CIVIL,true,true
Aarav Sharma,student5744@college.com,password123,student,CSE,true,true
Emily Ali,student5745@college.com,password123,student,EEE,true,true
Fatima Tiwari,student5746@college.com,password123,student,ECE,true,true
Kavya Ahmed,student5747@college.com,password123,student,IT,true,true
Priya Pillai,student5748@college.com,password123,student,MATH,true,true
Priya Mishra,student5749@college.com,password123,student,MECH,true,true
Kavya Joshi,student5750@college.com,password123,student,PHY,true,true
Divya Khanna,student5751@college.com,password123,student,MBA,true,true
Farhan Pinto,student5752@college.com,password123,student,CHEM,true,true
Arjun Pillai,student5753@college.com,password123,student,CIVIL,true,true
Sarah Gupta,student5754@college.com,password123,student,CSE,true,true
Olivia Nair,student5755@college.com,password123,student,EEE,true,true
Meera Fernandes,student5756@college.com,password123,student,ECE,true,true
Rohan Banerjee,student5757@college.com,password123,student,IT,true,true
Aliya Naidu,student5758@college.com,password123,student,MATH,true,true
Rahul Yadav,student5759@college.com,password123,student,MECH,true,true
Olivia Dubey,student5760@college.com,password123,student,PHY,true,true
Fatima Mehta,student5761@college.com,password123,student,MBA,true,true
Neha Pandey,student5762@college.com,password123,student,CHEM,true,true
Divya Thomas,student5763@college.com,password123,student,CIVIL,true,true
Zoya Shah,student5764@college.com,password123,student,CSE,true,true
Zoya Singh,student5765@college.com,password123,student,EEE,true,true
Farhan Joshi,student5766@college.com,password123,student,ECE,true,true
Grace Naidu,student5767@college.com,password123,student,IT,true,true
Sara Bose,student5768@college.com,password123,student,MATH,true,true
Nikhil Khan,student5769@college.com,password123,student,MECH,true,true
Aditya Shah,student5770@college.com,password123,student,PHY,true,true
Mohammed Pandey,student5771@college.com,password123,student,MBA,true,true
Sameer Verma,student5772@college.com,password123,student,CHEM,true,true
Zoya Mathew,student5773@college.com,password123,student,CIVIL,true,true
Farhan Menon,student5774@college.com,password123,student,CSE,true,true
Rahul Rodrigues,student5775@college.com,password123,student,EEE,true,true
Zara Jacob,student5776@college.com,password123,student,ECE,true,true
Ishaan Kapoor,student5777@college.com,password123,student,IT,true,true
Nikhil Rodrigues,student5778@college.com,password123,student,MATH,true,true
Kiran Mathew,student5779@college.com,password123,student,MECH,true,true
James Rao,student5780@college.com,password123,student,PHY,true,true
Aarav Nair,student5781@college.com,password123,student,MBA,true,true
Yusuf Patel,student5782@college.com,password123,student,CHEM,true,true
Farhan Pandey,student5783@college.com,password123,student,CIVIL,true,true
Olivia Joshi,student5784@college.com,password123,student,CSE,true,true
Priya Pandey,student5785@college.com,password123,student,EEE,true,true
Kiran Patel,student5786@college.com,password123,student,ECE,true,true
Pooja Banerjee,student5787@college.com,password123,student,IT,true,true
Sarah Naidu,student5788@college.com,password123,student,MATH,true,true
Rohan Naidu,student5789@college.com,password123,student,MECH,true,true
Rahul Varghese,student5790@college.com,password123,student,PHY,true,true
Vikram Ali,student5791@college.com,password123,student,MBA,true,true
Sneha Mathew,student5792@college.com,password123,student,CHEM,true,true
Sarah Joshi,student5793@college.com,password123,student,CIVIL,true,true
Kiran Khanna,student5794@college.com,password123,student,CSE,true,true
Fatima Pillai,student5795@college.com,password123,student,EEE,true,true
Aliya Tiwari,student5796@college.com,password123,student,ECE,true,true
Emily Patel,student5797@college.com,password123,student,IT,true,true
Reyansh Thomas,student5798@college.com,password123,student,MATH,true,true
Anita Yadav,student5799@college.com,password123,student,MECH,true,true
John Mehta,student5800@college.com,password123,student,PHY,true,true
Michael Menon,student5801@college.com,password123,student,MBA,true,true
Amit Mishra,student5802@college.com,password123,student,CHEM,true,true
Dhruv Mishra,student5803@college.com,password123,student,CIVIL,true,true
Priya Varghese,student5804@college.com,password123,student,CSE,true,true
Vikram Sharma,student5805@college.com,password123,student,EEE,true,true
Rohan Ahmed,student5806@college.com,password123,student,ECE,true,true
Aarav Reddy,student5807@college.com,password123,student,IT,true,true
Arjun Yadav,student5808@college.com,password123,student,MATH,true,true
Zoya Pillai,student5809@college.com,password123,student,MECH,true,true
Pooja Pillai,student5810@college.com,password123,student,PHY,true,true
Farhan Chopra,student5811@college.com,password123,student,MBA,true,true
Fatima Naidu,student5812@college.com,password123,student,CHEM,true,true
Rohan Chatterjee,student5813@college.com,password123,student,CIVIL,true,true
Kavya Chatterjee,student5814@college.com,password123,student,CSE,true,true
Ayesha Iyer,student5815@college.com,password123,student,EEE,true,true
Aryan Ahmed,student5816@college.com,password123,student,ECE,true,true
Kabir Ali,student5817@college.com,password123,student,IT,true,true
Ayaan Rathore,student5818@college.com,password123,student,MATH,true,true
Anita Mukherjee,student5819@college.com,password123,student,MECH,true,true
Kabir Banerjee,student5820@college.com,password123,student,PHY,true,true
Vihaan Mishra,student5821@college.com,password123,student,MBA,true,true
Kabir Dubey,student5822@college.com,password123,student,CHEM,true,true
Aryan Kapoor,student5823@college.com,password123,student,CIVIL,true,true
Emma Pillai,student5824@college.com,password123,student,CSE,true,true
Tara Thomas,student5825@college.com,password123,student,EEE,true,true
Olivia Costa,student5826@college.com,password123,student,ECE,true,true
Reyansh Thomas,student5827@college.com,password123,student,IT,true,true
Rohan Patel,student5828@college.com,password123,student,MATH,true,true
Suresh Patel,student5829@college.com,password123,student,MECH,true,true
Meera Nair,student5830@college.com,password123,student,PHY,true,true
Amit Kumar,student5831@college.com,password123,student,MBA,true,true
Diya Verma,student5832@college.com,password123,student,CHEM,true,true
Kiran Bose,student5833@college.com,password123,student,CIVIL,true,true
Anjali Ahmed,student5834@college.com,password123,student,CSE,true,true
Sameer Dubey,student5835@college.com,password123,student,EEE,true,true
Reyansh Sharma,student5836@college.com,password123,student,ECE,true,true
Vihaan Malhotra,student5837@college.com,password123,student,IT,true,true
Aliya Sharma,student5838@college.com,password123,student,MATH,true,true
Imran Pinto,student5839@college.com,password123,student,MECH,true,true
David Gupta,student5840@college.com,password123,student,PHY,true,true
Reyansh Mukherjee,student5841@college.com,password123,student,MBA,true,true
Pooja Sharma,student5842@college.com,password123,student,CHEM,true,true
Meera Rodrigues,student5843@college.com,password123,student,CIVIL,true,true
Pooja Dubey,student5844@college.com,password123,student,CSE,true,true
Amit Ahmed,student5845@college.com,password123,student,EEE,true,true
Anjali Dubey,student5846@college.com,password123,student,ECE,true,true
Diya Rodrigues,student5847@college.com,password123,student,IT,true,true
Saanvi Bansal,student5848@college.com,password123,student,MATH,true,true
Kavya Jacob,student5849@college.com,password123,student,MECH,true,true
Sarah Bansal,student5850@college.com,password123,student,PHY,true,true
Ananya Bose,student5851@college.com,password123,student,MBA,true,true
Kavya Mathew,student5852@college.com,password123,student,CHEM,true,true
Priya Joshi,student5853@college.com,password123,student,CIVIL,true,true
Radha Singh,student5854@college.com,password123,student,CSE,true,true
Isha Bansal,student5855@college.com,password123,student,EEE,true,true
John Reddy,student5856@college.com,password123,student,ECE,true,true
Aarav Chauhan,student5857@college.com,password123,student,IT,true,true
Emily Varghese,student5858@college.com,password123,student,MATH,true,true
Priya Tiwari,student5859@college.com,password123,student,MECH,true,true
James Iyer,student5860@college.com,password123,student,PHY,true,true
Vivaan Rodrigues,student5861@college.com,password123,student,MBA,true,true
Ayaan Hussain,student5862@college.com,password123,student,CHEM,true,true
Amit Varghese,student5863@college.com,password123,student,CIVIL,true,true
Aliya Bose,student5864@college.com,password123,student,CSE,true,true
Kavya Rathore,student5865@college.com,password123,student,EEE,true,true
Radha Jacob,student5866@college.com,password123,student,ECE,true,true
Imran Khan,student5867@college.com,password123,student,IT,true,true
Neha Pillai,student5868@college.com,password123,student,MATH,true,true
Imran Banerjee,student5869@college.com,password123,student,MECH,true,true
Aarav Thomas,student5870@college.com,password123,student,PHY,true,true
Michael Agarwal,student5871@college.com,password123,student,MBA,true,true
Vivaan Thomas,student5872@college.com,password123,student,CHEM,true,true
Kavya Gupta,student5873@college.com,password123,student,CIVIL,true,true
John Mishra,student5874@college.com,password123,student,CSE,true,true
Ananya Jacob,student5875@college.com,password123,student,EEE,true,true
Tara Das,student5876@college.com,password123,student,ECE,true,true
Lakshmi Ahmed,student5877@college.com,password123,student,IT,true,true
Priya Mishra,student5878@college.com,password123,student,MATH,true,true
Radha Patel,student5879@college.com,password123,student,MECH,true,true
Isha Naidu,student5880@college.com,password123,student,PHY,true,true
Grace Khan,student5881@college.com,password123,student,MBA,true,true
Imran Varghese,student5882@college.com,password123,student,CHEM,true,true
Emma Reddy,student5883@college.com,password123,student,CIVIL,true,true
Fatima Joshi,student5884@college.com,password123,student,CSE,true,true
Suresh Rodrigues,student5885@college.com,password123,student,EEE,true,true
Aryan Pandey,student5886@college.com,password123,student,ECE,true,true
Ishaan Hussain,student5887@college.com,password123,student,IT,true,true
Sarah Fernandes,student5888@college.com,password123,student,MATH,true,true
David Pandey,student5889@college.com,password123,student,MECH,true,true
Neha Gupta,student5890@college.com,password123,student,PHY,true,true
Krishna Ahmed,student5891@college.com,password123,student,MBA,true,true
David Patel,student5892@college.com,password123,student,CHEM,true,true
Vikram Jacob,student5893@college.com,password123,student,CIVIL,true,true
Swati Chauhan,student5894@college.com,password123,student,CSE,true,true
Rohan Rathore,student5895@college.com,password123,student,EEE,true,true
Ayaan Khan,student5896@college.com,password123,student,ECE,true,true
Imran Sheikh,student5897@college.com,password123,student,IT,true,true
Nikhil Bose,student5898@college.com,password123,student,MATH,true,true
Dhruv Rao,student5899@college.com,password123,student,MECH,true,true
Aliya Mathew,student5900@college.com,password123,student,PHY,true,true
Zoya Patel,student5901@college.com,password123,student,MBA,true,true
Reyansh Naidu,student5902@college.com,password123,student,CHEM,true,true
Ayesha Verma,student5903@college.com,password123,student,CIVIL,true,true
Rohan Agarwal,student5904@college.com,password123,student,CSE,true,true
Emma Joshi,student5905@college.com,password123,student,EEE,true,true
Yusuf Malhotra,student5906@college.com,password123,student,ECE,true,true
Karan Tiwari,student5907@college.com,password123,student,IT,true,true
Rahul Mathew,student5908@college.com,password123,student,MATH,true,true
Anjali Mathew,student5909@college.com,password123,student,MECH,true,true
Ayaan Mathew,student5910@college.com,password123,student,PHY,true,true
Krishna Sheikh,student5911@college.com,password123,student,MBA,true,true
Mohammed Tiwari,student5912@college.com,password123,student,CHEM,true,true
Divya Patel,student5913@college.com,password123,student,CIVIL,true,true
David Varghese,student5914@college.com,password123,student,CSE,true,true
Diya Das,student5915@college.com,password123,student,EEE,true,true
Grace Fernandes,student5916@college.com,password123,student,ECE,true,true
Yusuf Rodrigues,student5917@college.com,password123,student,IT,true,true
Arjun George,student5918@college.com,password123,student,MATH,true,true
Diya Joshi,student5919@college.com,password123,student,MECH,true,true
Olivia Pandey,student5920@college.com,password123,student,PHY,true,true
Sara Mishra,student5921@college.com,password123,student,MBA,true,true
Fatima Joshi,student5922@college.com,password123,student,CHEM,true,true
Farhan George,student5923@college.com,password123,student,CIVIL,true,true
David D'Souza,student5924@college.com,password123,student,CSE,true,true
Robert Naidu,student5925@college.com,password123,student,EEE,true,true
John Das,student5926@college.com,password123,student,ECE,true,true
Karan Kapoor,student5927@college.com,password123,student,IT,true,true
Ayaan Chopra,student5928@college.com,password123,student,MATH,true,true
Sai Nair,student5929@college.com,password123,student,MECH,true,true
Sai Bansal,student5930@college.com,password123,student,PHY,true,true
Sara Pinto,student5931@college.com,password123,student,MBA,true,true
Grace Banerjee,student5932@college.com,password123,student,CHEM,true,true
Sara Nair,student5933@college.com,password123,student,CIVIL,true,true
Anita Shah,student5934@college.com,password123,student,CSE,true,true
Krishna Agarwal,student5935@college.com,password123,student,EEE,true,true
Meera Fernandes,student5936@college.com,password123,student,ECE,true,true
Sara Sharma,student5937@college.com,password123,student,IT,true,true
Vikram Singh,student5938@college.com,password123,student,MATH,true,true
Kiran Sheikh,student5939@college.com,password123,student,MECH,true,true
Aryan Joshi,student5940@college.com,password123,student,PHY,true,true
Saanvi Agarwal,student5941@college.com,password123,student,MBA,true,true
Yusuf Shah,student5942@college.com,password123,student,CHEM,true,true
John Jacob,student5943@college.com,password123,student,CIVIL,true,true
Grace Iyer,student5944@college.com,password123,student,CSE,true,true
Pooja Mathew,student5945@college.com,password123,student,EEE,true,true
Lakshmi Pinto,student5946@college.com,password123,student,ECE,true,true
Karan Reddy,student5947@college.com,password123,student,IT,true,true
Priya Sharma,student5948@college.com,password123,student,MATH,true,true
Sneha Chauhan,student5949@college.com,password123,student,MECH,true,true
Ananya Menon,student5950@college.com,password123,student,PHY,true,true
Michael Chopra,student5951@college.com,password123,student,MBA,true,true
James Das,student5952@college.com,password123,student,CHEM,true,true
Divya Jacob,student5953@college.com,password123,student,CIVIL,true,true
Zara Menon,student5954@college.com,password123,student,CSE,true,true
Lakshmi Chopra,student5955@college.com,password123,student,EEE,true,true
Ishaan Mishra,student5956@college.com,password123,student,ECE,true,true
Imran Varghese,student5957@college.com,password123,student,IT,true,true
Aditya Rodrigues,student5958@college.com,password123,student,MATH,true,true
Ananya Khanna,student5959@college.com,password123,student,MECH,true,true
Neha Varghese,student5960@college.com,password123,student,PHY,true,true
Ayaan Malhotra,student5961@college.com,password123,student,MBA,true,true
Robert Pandey,student5962@college.com,password123,student,CHEM,true,true
Anita Khan,student5963@college.com,password123,student,CIVIL,true,true
Mohammed Mukherjee,student5964@college.com,password123,student,CSE,true,true
Divya Chopra,student5965@college.com,password123,student,EEE,true,true
Ayesha Joshi,student5966@college.com,password123,student,ECE,true,true
Vihaan Bansal,student5967@college.com,password123,student,IT,true,true
Ishaan Pandey,student5968@college.com,password123,student,MATH,true,true
Dhruv Tiwari,student5969@college.com,password123,student,MECH,true,true
Grace Das,student5970@college.com,password123,student,PHY,true,true
Zoya Mishra,student5971@college.com,password123,student,MBA,true,true
Vihaan Yadav,student5972@college.com,password123,student,CHEM,true,true
Kabir Ahmed,student5973@college.com,password123,student,CIVIL,true,true
Fatima Desai,student5974@college.com,password123,student,CSE,true,true
Vikram Mathew,student5975@college.com,password123,student,EEE,true,true
Olivia Rao,student5976@college.com,password123,student,ECE,true,true
Vivaan D'Souza,student5977@college.com,password123,student,IT,true,true
Priya Bansal,student5978@college.com,password123,student,MATH,true,true
Saanvi Jacob,student5979@college.com,password123,student,MECH,true,true
Anjali Mehta,student5980@college.com,password123,student,PHY,true,true
Aliya Desai,student5981@college.com,password123,student,MBA,true,true
Priya Kumar,student5982@college.com,password123,student,CHEM,true,true
Pooja Tiwari,student5983@college.com,password123,student,CIVIL,true,true
Suresh Chopra,student5984@college.com,password123,student,CSE,true,true
Zoya Banerjee,student5985@college.com,password123,student,EEE,true,true
Zoya D'Souza,student5986@college.com,password123,student,ECE,true,true
Priya Reddy,student5987@college.com,password123,student,IT,true,true
Krishna Agarwal,student5988@college.com,password123,student,MATH,true,true
Aliya Pinto,student5989@college.com,password123,student,MECH,true,true
Emily Singh,student5990@college.com,password123,student,PHY,true,true
Robert Pandey,student5991@college.com,password123,student,MBA,true,true
Vikram Chauhan,student5992@college.com,password123,student,CHEM,true,true
Farhan Rao,student5993@college.com,password123,student,CIVIL,true,true
Anita Iyer,student5994@college.com,password123,student,CSE,true,true
Tara Varghese,student5995@college.com,password123,student,EEE,true,true
Anjali Chopra,student5996@college.com,password123,student,ECE,true,true
Emma Menon,student5997@college.com,password123,student,IT,true,true
Dhruv Mukherjee,student5998@college.com,password123,student,MATH,true,true
John Mishra,student5999@college.com,password123,student,MECH,true,true
Aryan Mishra,student6000@college.com,password123,student,PHY,true,true
Farhan Sharma,student6001@college.com,password123,student,MBA,true,true
Kavya Tiwari,student6002@college.com,password123,student,CHEM,true,true
Robert Fernandes,student6003@college.com,password123,student,CIVIL,true,true
Reyansh Jacob,student6004@college.com,password123,student,CSE,true,true
David Menon,student6005@college.com,password123,student,EEE,true,true
Meera Naidu,student6006@college.com,password123,student,ECE,true,true
Sameer Rao,student6007@college.com,password123,student,IT,true,true
Grace Singh,student6008@college.com,password123,student,MATH,true,true
Reyansh Mehta,student6009@college.com,password123,student,MECH,true,true
Anjali Chatterjee,student6010@college.com,password123,student,PHY,true,true
Vihaan Nair,student6011@college.com,password123,student,MBA,true,true
Neha George,student6012@college.com,password123,student,CHEM,true,true
Diya Pinto,student6013@college.com,password123,student,CIVIL,true,true
Saanvi Menon,student6014@college.com,password123,student,CSE,true,true
Mohammed Tiwari,student6015@college.com,password123,student,EEE,true,true
Priya Bose,student6016@college.com,password123,student,ECE,true,true
Aditya Nair,student6017@college.com,password123,student,IT,true,true
Nikhil Desai,student6018@college.com,password123,student,MATH,true,true
Divya Khanna,student6019@college.com,password123,student,MECH,true,true
Zoya Rodrigues,student6020@college.com,password123,student,PHY,true,true
Kabir George,student6021@college.com,password123,student,MBA,true,true
Sara Joshi,student6022@college.com,password123,student,CHEM,true,true
Yusuf Varghese,student6023@college.com,password123,student,CIVIL,true,true
David Mathew,student6024@college.com,password123,student,CSE,true,true
Imran Patel,student6025@college.com,password123,student,EEE,true,true
Yusuf Chauhan,student6026@college.com,password123,student,ECE,true,true
Emily George,student6027@college.com,password123,student,IT,true,true
Meera Malhotra,student6028@college.com,password123,student,MATH,true,true
Mohammed George,student6029@college.com,password123,student,MECH,true,true
Tara Shah,student6030@college.com,password123,student,PHY,true,true
Aarav Nair,student6031@college.com,password123,student,MBA,true,true
Ayaan Patel,student6032@college.com,password123,student,CHEM,true,true
Ayaan Ahmed,student6033@college.com,password123,student,CIVIL,true,true
Farhan Mathew,student6034@college.com,password123,student,CSE,true,true
Olivia Ali,student6035@college.com,password123,student,EEE,true,true
Karan Verma,student6036@college.com,password123,student,ECE,true,true
Kiran Fernandes,student6037@college.com,password123,student,IT,true,true
Anita Khan,student6038@college.com,password123,student,MATH,true,true
Amit Varghese,student6039@college.com,password123,student,MECH,true,true
Sara Reddy,student6040@college.com,password123,student,PHY,true,true
David Pinto,student6041@college.com,password123,student,MBA,true,true
Kabir Joshi,student6042@college.com,password123,student,CHEM,true,true
Anjali George,student6043@college.com,password123,student,CIVIL,true,true
Zoya Naidu,student6044@college.com,password123,student,CSE,true,true
Vikram Fernandes,student6045@college.com,password123,student,EEE,true,true
Krishna Reddy,student6046@college.com,password123,student,ECE,true,true
Ananya Kumar,student6047@college.com,password123,student,IT,true,true
Ayesha Sheikh,student6048@college.com,password123,student,MATH,true,true
Kabir Desai,student6049@college.com,password123,student,MECH,true,true
Michael Varghese,student6050@college.com,password123,student,PHY,true,true
Vivaan Desai,student6051@college.com,password123,student,MBA,true,true
Swati Sheikh,student6052@college.com,password123,student,CHEM,true,true
David Hussain,student6053@college.com,password123,student,CIVIL,true,true
Divya Kumar,student6054@college.com,password123,student,CSE,true,true
Pooja Pinto,student6055@college.com,password123,student,EEE,true,true
Sneha Pandey,student6056@college.com,password123,student,ECE,true,true
Michael George,student6057@college.com,password123,student,IT,true,true
Ayaan Dubey,student6058@college.com,password123,student,MATH,true,true
Aliya Mukherjee,student6059@college.com,password123,student,MECH,true,true
Imran Nair,student6060@college.com,password123,student,PHY,true,true
Kabir Rodrigues,student6061@college.com,password123,student,MBA,true,true
Zoya Chatterjee,student6062@college.com,password123,student,CHEM,true,true
Aarav D'Souza,student6063@college.com,password123,student,CIVIL,true,true
Tara Agarwal,student6064@college.com,password123,student,CSE,true,true
Ayaan Gupta,student6065@college.com,password123,student,EEE,true,true
Krishna Fernandes,student6066@college.com,password123,student,ECE,true,true
Dhruv George,student6067@college.com,password123,student,IT,true,true
Rohan Patel,student6068@college.com,password123,student,MATH,true,true
Swati Kapoor,student6069@college.com,password123,student,MECH,true,true
Robert Dubey,student6070@college.com,password123,student,PHY,true,true
Aditya Patel,student6071@college.com,password123,student,MBA,true,true
Ayaan Ali,student6072@college.com,password123,student,CHEM,true,true
Vikram Shah,student6073@college.com,password123,student,CIVIL,true,true
Sneha Rao,student6074@college.com,password123,student,CSE,true,true
Saanvi Mathew,student6075@college.com,password123,student,EEE,true,true
Aarav Bose,student6076@college.com,password123,student,ECE,true,true
Vikram Gupta,student6077@college.com,password123,student,IT,true,true
Pooja Chopra,student6078@college.com,password123,student,MATH,true,true
Imran Sheikh,student6079@college.com,password123,student,MECH,true,true
Tara Iyer,student6080@college.com,password123,student,PHY,true,true
Anita Ahmed,student6081@college.com,password123,student,MBA,true,true
Zoya Agarwal,student6082@college.com,password123,student,CHEM,true,true
Pooja Mehta,student6083@college.com,password123,student,CIVIL,true,true
Lakshmi Sheikh,student6084@college.com,password123,student,CSE,true,true
Neha Mukherjee,student6085@college.com,password123,student,EEE,true,true
Zoya Reddy,student6086@college.com,password123,student,ECE,true,true
Imran Gupta,student6087@college.com,password123,student,IT,true,true
Nikhil Gupta,student6088@college.com,password123,student,MATH,true,true
Aryan Menon,student6089@college.com,password123,student,MECH,true,true
Vikram Mukherjee,student6090@college.com,password123,student,PHY,true,true
Krishna Rodrigues,student6091@college.com,password123,student,MBA,true,true
Swati Mukherjee,student6092@college.com,password123,student,CHEM,true,true
Kiran Mehta,student6093@college.com,password123,student,CIVIL,true,true
Amit Iyer,student6094@college.com,password123,student,CSE,true,true
Fatima Costa,student6095@college.com,password123,student,EEE,true,true
Saanvi Kumar,student6096@college.com,password123,student,ECE,true,true
Swati Kapoor,student6097@college.com,password123,student,IT,true,true
Rahul Joshi,student6098@college.com,password123,student,MATH,true,true
Farhan Rao,student6099@college.com,password123,student,MECH,true,true
Priya Chauhan,student6100@college.com,password123,student,PHY,true,true
Sai Kapoor,student6101@college.com,password123,student,MBA,true,true
Sameer Naidu,student6102@college.com,password123,student,CHEM,true,true
Zoya Menon,student6103@college.com,password123,student,CIVIL,true,true
Sneha Mukherjee,student6104@college.com,password123,student,CSE,true,true
Arjun Thomas,student6105@college.com,password123,student,EEE,true,true
Fatima Malhotra,student6106@college.com,password123,student,ECE,true,true
Mohammed Varghese,student6107@college.com,password123,student,IT,true,true
Farhan Banerjee,student6108@college.com,password123,student,MATH,true,true
Ayesha Shah,student6109@college.com,password123,student,MECH,true,true
Anita Mathew,student6110@college.com,password123,student,PHY,true,true
Farhan Ali,student6111@college.com,password123,student,MBA,true,true
Lakshmi Rao,student6112@college.com,password123,student,CHEM,true,true
Riya Menon,student6113@college.com,password123,student,CIVIL,true,true
Ananya Naidu,student6114@college.com,password123,student,CSE,true,true
Meera Verma,student6115@college.com,password123,student,EEE,true,true
Lakshmi Bose,student6116@college.com,password123,student,ECE,true,true
Arjun Malhotra,student6117@college.com,password123,student,IT,true,true
Ayaan Sheikh,student6118@college.com,password123,student,MATH,true,true
Ayaan Jacob,student6119@college.com,password123,student,MECH,true,true
Swati Pillai,student6120@college.com,password123,student,PHY,true,true
Arjun Bansal,student6121@college.com,password123,student,MBA,true,true
Mohammed Patel,student6122@college.com,password123,student,CHEM,true,true
Kavya Bansal,student6123@college.com,password123,student,CIVIL,true,true
Yusuf Malhotra,student6124@college.com,password123,student,CSE,true,true
Ishaan Das,student6125@college.com,password123,student,EEE,true,true
Amit Sharma,student6126@college.com,password123,student,ECE,true,true
Reyansh Joshi,student6127@college.com,password123,student,IT,true,true
Karan Joshi,student6128@college.com,password123,student,MATH,true,true
Reyansh Nair,student6129@college.com,password123,student,MECH,true,true
Kabir Hussain,student6130@college.com,password123,student,PHY,true,true
Fatima Khanna,student6131@college.com,password123,student,MBA,true,true
Kiran Ahmed,student6132@college.com,password123,student,CHEM,true,true
Reyansh Hussain,student6133@college.com,password123,student,CIVIL,true,true
Isha Varghese,student6134@college.com,password123,student,CSE,true,true
Anita Chopra,student6135@college.com,password123,student,EEE,true,true
Swati Malhotra,student6136@college.com,password123,student,ECE,true,true
Lakshmi Reddy,student6137@college.com,password123,student,IT,true,true
Emma Singh,student6138@college.com,password123,student,MATH,true,true
Rohan Agarwal,student6139@college.com,password123,student,MECH,true,true
Aliya Joshi,student6140@college.com,password123,student,PHY,true,true
Kabir Mehta,student6141@college.com,password123,student,MBA,true,true
John Mishra,student6142@college.com,password123,student,CHEM,true,true
Sameer Sheikh,student6143@college.com,password123,student,CIVIL,true,true
Swati Rodrigues,student6144@college.com,password123,student,CSE,true,true
Sarah Desai,student6145@college.com,password123,student,EEE,true,true
Anjali Pinto,student6146@college.com,password123,student,ECE,true,true
Krishna Kapoor,student6147@college.com,password123,student,IT,true,true
Aarav Jacob,student6148@college.com,password123,student,MATH,true,true
Neha Pandey,student6149@college.com,password123,student,MECH,true,true
Ishaan Mathew,student6150@college.com,password123,student,PHY,true,true
Krishna Menon,student6151@college.com,password123,student,MBA,true,true
Meera Fernandes,student6152@college.com,password123,student,CHEM,true,true
Sara Malhotra,student6153@college.com,password123,student,CIVIL,true,true
Vihaan Tiwari,student6154@college.com,password123,student,CSE,true,true
Mohammed Shah,student6155@college.com,password123,student,EEE,true,true
Ayesha Yadav,student6156@college.com,password123,student,ECE,true,true
Nikhil Jacob,student6157@college.com,password123,student,IT,true,true
Lakshmi Pillai,student6158@college.com,password123,student,MATH,true,true
Ayesha Chauhan,student6159@college.com,password123,student,MECH,true,true
Kabir Rathore,student6160@college.com,password123,student,PHY,true,true
Isha Chauhan,student6161@college.com,password123,student,MBA,true,true
Neha Chopra,student6162@college.com,password123,student,CHEM,true,true
Amit Naidu,student6163@college.com,password123,student,CIVIL,true,true
Pooja Pandey,student6164@college.com,password123,student,CSE,true,true
Sarah Das,student6165@college.com,password123,student,EEE,true,true
Vikram Thomas,student6166@college.com,password123,student,ECE,true,true
Robert Patel,student6167@college.com,password123,student,IT,true,true
Vikram Pillai,student6168@college.com,password123,student,MATH,true,true
Yusuf Agarwal,student6169@college.com,password123,student,MECH,true,true
Robert Patel,student6170@college.com,password123,student,PHY,true,true
Mohammed Patel,student6171@college.com,password123,student,MBA,true,true
Arjun Tiwari,student6172@college.com,password123,student,CHEM,true,true
Nikhil Patel,student6173@college.com,password123,student,CIVIL,true,true
Rohan Fernandes,student6174@college.com,password123,student,CSE,true,true
Vihaan Patel,student6175@college.com,password123,student,EEE,true,true
Sara Chopra,student6176@college.com,password123,student,ECE,true,true
Swati Ahmed,student6177@college.com,password123,student,IT,true,true
John Sharma,student6178@college.com,password123,student,MATH,true,true
Saanvi Jacob,student6179@college.com,password123,student,MECH,true,true
Neha Tiwari,student6180@college.com,password123,student,PHY,true,true
Krishna Khan,student6181@college.com,password123,student,MBA,true,true
Divya Ali,student6182@college.com,password123,student,CHEM,true,true
Sameer Jacob,student6183@college.com,password123,student,CIVIL,true,true
Sarah Sheikh,student6184@college.com,password123,student,CSE,true,true
Zoya Nair,student6185@college.com,password123,student,EEE,true,true
Priya Sharma,student6186@college.com,password123,student,ECE,true,true
Radha Banerjee,student6187@college.com,password123,student,IT,true,true
Olivia Mishra,student6188@college.com,password123,student,MATH,true,true
Aarav Pandey,student6189@college.com,password123,student,MECH,true,true
Saanvi Varghese,student6190@college.com,password123,student,PHY,true,true
Sneha Mishra,student6191@college.com,password123,student,MBA,true,true
Isha Bose,student6192@college.com,password123,student,CHEM,true,true
Sara Mathew,student6193@college.com,password123,student,CIVIL,true,true
Olivia Hussain,student6194@college.com,password123,student,CSE,true,true
Sameer Rodrigues,student6195@college.com,password123,student,EEE,true,true
Aditya Rodrigues,student6196@college.com,password123,student,ECE,true,true
Tara Rao,student6197@college.com,password123,student,IT,true,true
Sameer Dubey,student6198@college.com,password123,student,MATH,true,true
Pooja Das,student6199@college.com,password123,student,MECH,true,true
Kabir Kumar,student6200@college.com,password123,student,PHY,true,true
Kavya Iyer,student6201@college.com,password123,student,MBA,true,true
Neha Mehta,student6202@college.com,password123,student,CHEM,true,true
Vihaan Naidu,student6203@college.com,password123,student,CIVIL,true,true
Divya Joshi,student6204@college.com,password123,student,CSE,true,true
Rohan Shah,student6205@college.com,password123,student,EEE,true,true
Ayaan Bansal,student6206@college.com,password123,student,ECE,true,true
Olivia Jacob,student6207@college.com,password123,student,IT,true,true
Nikhil Sheikh,student6208@college.com,password123,student,MATH,true,true
Robert Yadav,student6209@college.com,password123,student,MECH,true,true
Robert Nair,student6210@college.com,password123,student,PHY,true,true
Suresh Khanna,student6211@college.com,password123,student,MBA,true,true
Anjali Chopra,student6212@college.com,password123,student,CHEM,true,true
Rahul Mukherjee,student6213@college.com,password123,student,CIVIL,true,true
Aarav Mishra,student6214@college.com,password123,student,CSE,true,true
Mohammed Fernandes,student6215@college.com,password123,student,EEE,true,true
Priya Mukherjee,student6216@college.com,password123,student,ECE,true,true
Grace Khanna,student6217@college.com,password123,student,IT,true,true
Grace George,student6218@college.com,password123,student,MATH,true,true
Neha Gupta,student6219@college.com,password123,student,MECH,true,true
Grace Chauhan,student6220@college.com,password123,student,PHY,true,true
Emma Costa,student6221@college.com,password123,student,MBA,true,true
Robert Ahmed,student6222@college.com,password123,student,CHEM,true,true
Vihaan Mehta,student6223@college.com,password123,student,CIVIL,true,true
Aarav Costa,student6224@college.com,password123,student,CSE,true,true
Zara Bansal,student6225@college.com,password123,student,EEE,true,true
Vikram Mehta,student6226@college.com,password123,student,ECE,true,true
Reyansh Sharma,student6227@college.com,password123,student,IT,true,true
Isha Tiwari,student6228@college.com,password123,student,MATH,true,true
Kabir Desai,student6229@college.com,password123,student,MECH,true,true
Isha Sharma,student6230@college.com,password123,student,PHY,true,true
Reyansh Naidu,student6231@college.com,password123,student,MBA,true,true
Divya Banerjee,student6232@college.com,password123,student,CHEM,true,true
Sai Hussain,student6233@college.com,password123,student,CIVIL,true,true
Neha Menon,student6234@college.com,password123,student,CSE,true,true
Riya Nair,student6235@college.com,password123,student,EEE,true,true
Olivia Ahmed,student6236@college.com,password123,student,ECE,true,true
Aarav Menon,student6237@college.com,password123,student,IT,true,true
Yusuf Mathew,student6238@college.com,password123,student,MATH,true,true
Rahul Das,student6239@college.com,password123,student,MECH,true,true
Anjali Desai,student6240@college.com,password123,student,PHY,true,true
Kavya Khanna,student6241@college.com,password123,student,MBA,true,true
Kavya Naidu,student6242@college.com,password123,student,CHEM,true,true
Emma Chatterjee,student6243@college.com,password123,student,CIVIL,true,true
Sneha Malhotra,student6244@college.com,password123,student,CSE,true,true
Reyansh Rathore,student6245@college.com,password123,student,EEE,true,true
Imran Rathore,student6246@college.com,password123,student,ECE,true,true
Rohan Iyer,student6247@college.com,password123,student,IT,true,true
Isha Mishra,student6248@college.com,password123,student,MATH,true,true
Saanvi Sharma,student6249@college.com,password123,student,MECH,true,true
Isha Pandey,student6250@college.com,password123,student,PHY,true,true
Aryan Nair,student6251@college.com,password123,student,MBA,true,true
Aryan Chopra,student6252@college.com,password123,student,CHEM,true,true
Aditya Iyer,student6253@college.com,password123,student,CIVIL,true,true
Priya Pillai,student6254@college.com,password123,student,CSE,true,true
Sara Bansal,student6255@college.com,password123,student,EEE,true,true
Emma Gupta,student6256@college.com,password123,student,ECE,true,true
Rohan Mathew,student6257@college.com,password123,student,IT,true,true
Aryan Khan,student6258@college.com,password123,student,MATH,true,true
Imran Malhotra,student6259@college.com,password123,student,MECH,true,true
Ayaan Pillai,student6260@college.com,password123,student,PHY,true,true
Divya D'Souza,student6261@college.com,password123,student,MBA,true,true
Divya Jacob,student6262@college.com,password123,student,CHEM,true,true
Ayesha Iyer,student6263@college.com,password123,student,CIVIL,true,true
Ananya Dubey,student6264@college.com,password123,student,CSE,true,true
Aliya Yadav,student6265@college.com,password123,student,EEE,true,true
Sarah Desai,student6266@college.com,password123,student,ECE,true,true
Neha Tiwari,student6267@college.com,password123,student,IT,true,true
Grace Mishra,student6268@college.com,password123,student,MATH,true,true
James Joshi,student6269@college.com,password123,student,MECH,true,true
Krishna Nair,student6270@college.com,password123,student,PHY,true,true
Reyansh Verma,student6271@college.com,password123,student,MBA,true,true
Krishna Menon,student6272@college.com,password123,student,CHEM,true,true
Isha Ali,student6273@college.com,password123,student,CIVIL,true,true
Aarav Yadav,student6274@college.com,password123,student,CSE,true,true
Sameer Bose,student6275@college.com,password123,student,EEE,true,true
Vihaan Jacob,student6276@college.com,password123,student,ECE,true,true
James Bansal,student6277@college.com,password123,student,IT,true,true
Saanvi Rodrigues,student6278@college.com,password123,student,MATH,true,true
Sara Sharma,student6279@college.com,password123,student,MECH,true,true
Saanvi Khan,student6280@college.com,password123,student,PHY,true,true
Suresh Chopra,student6281@college.com,password123,student,MBA,true,true
Divya Patel,student6282@college.com,password123,student,CHEM,true,true
Aliya Naidu,student6283@college.com,password123,student,CIVIL,true,true
Nikhil Costa,student6284@college.com,password123,student,CSE,true,true
Ishaan Tiwari,student6285@college.com,password123,student,EEE,true,true
Neha Chatterjee,student6286@college.com,password123,student,ECE,true,true
Nikhil Malhotra,student6287@college.com,password123,student,IT,true,true
Yusuf Nair,student6288@college.com,password123,student,MATH,true,true
Emily Kapoor,student6289@college.com,password123,student,MECH,true,true
Zoya Bose,student6290@college.com,password123,student,PHY,true,true
Imran Naidu,student6291@college.com,password123,student,MBA,true,true
Aryan Khan,student6292@college.com,password123,student,CHEM,true,true
Ayesha Reddy,student6293@college.com,password123,student,CIVIL,true,true
Zoya Tiwari,student6294@college.com,password123,student,CSE,true,true
Neha Costa,student6295@college.com,password123,student,EEE,true,true
Kabir Banerjee,student6296@college.com,password123,student,ECE,true,true
Robert Pinto,student6297@college.com,password123,student,IT,true,true
Mohammed Thomas,student6298@college.com,password123,student,MATH,true,true
Ishaan Das,student6299@college.com,password123,student,MECH,true,true
Ayaan Iyer,student6300@college.com,password123,student,PHY,true,true
Priya Gupta,student6301@college.com,password123,student,MBA,true,true
Amit Banerjee,student6302@college.com,password123,student,CHEM,true,true
Grace Menon,student6303@college.com,password123,student,CIVIL,true,true
Saanvi Verma,student6304@college.com,password123,student,CSE,true,true
Radha Banerjee,student6305@college.com,password123,student,EEE,true,true
Sai Singh,student6306@college.com,password123,student,ECE,true,true
Meera Pillai,student6307@college.com,password123,student,IT,true,true
Pooja Khanna,student6308@college.com,password123,student,MATH,true,true
Zoya Thomas,student6309@college.com,password123,student,MECH,true,true
Karan Das,student6310@college.com,password123,student,PHY,true,true
Diya Naidu,student6311@college.com,password123,student,MBA,true,true
Anjali Singh,student6312@college.com,password123,student,CHEM,true,true
Neha Naidu,student6313@college.com,password123,student,CIVIL,true,true
Farhan Singh,student6314@college.com,password123,student,CSE,true,true
Vikram Nair,student6315@college.com,password123,student,EEE,true,true
Amit Shah,student6316@college.com,password123,student,ECE,true,true
Amit Mehta,student6317@college.com,password123,student,IT,true,true
Ayesha Pillai,student6318@college.com,password123,student,MATH,true,true
Nikhil Agarwal,student6319@college.com,password123,student,MECH,true,true
Emma Singh,student6320@college.com,password123,student,PHY,true,true
Kabir Gupta,student6321@college.com,password123,student,MBA,true,true
Aarav Singh,student6322@college.com,password123,student,CHEM,true,true
Imran Mishra,student6323@college.com,password123,student,CIVIL,true,true
Ananya Mukherjee,student6324@college.com,password123,student,CSE,true,true
Suresh Khan,student6325@college.com,password123,student,EEE,true,true
Amit Rodrigues,student6326@college.com,password123,student,ECE,true,true
Reyansh Naidu,student6327@college.com,password123,student,IT,true,true
Kabir Kapoor,student6328@college.com,password123,student,MATH,true,true
Divya Shah,student6329@college.com,password123,student,MECH,true,true
Diya Khanna,student6330@college.com,password123,student,PHY,true,true
Ayaan Reddy,student6331@college.com,password123,student,MBA,true,true
Imran Sharma,student6332@college.com,password123,student,CHEM,true,true
Sameer D'Souza,student6333@college.com,password123,student,CIVIL,true,true
Yusuf Iyer,student6334@college.com,password123,student,CSE,true,true
Diya Shah,student6335@college.com,password123,student,EEE,true,true
Sara Shah,student6336@college.com,password123,student,ECE,true,true
Sara Yadav,student6337@college.com,password123,student,IT,true,true
Kiran Hussain,student6338@college.com,password123,student,MATH,true,true
Lakshmi Shah,student6339@college.com,password123,student,MECH,true,true
Nikhil George,student6340@college.com,password123,student,PHY,true,true
Amit Mukherjee,student6341@college.com,password123,student,MBA,true,true
Kiran Joshi,student6342@college.com,password123,student,CHEM,true,true
Sai Reddy,student6343@college.com,password123,student,CIVIL,true,true
Krishna Thomas,student6344@college.com,password123,student,CSE,true,true
Sara Rodrigues,student6345@college.com,password123,student,EEE,true,true
Ayaan Gupta,student6346@college.com,password123,student,ECE,true,true
Kiran George,student6347@college.com,password123,student,IT,true,true
Michael Banerjee,student6348@college.com,password123,student,MATH,true,true
Aryan Pandey,student6349@college.com,password123,student,MECH,true,true
Tara Reddy,student6350@college.com,password123,student,PHY,true,true
Arjun Sheikh,student6351@college.com,password123,student,MBA,true,true
Radha Bansal,student6352@college.com,password123,student,CHEM,true,true
Vikram Tiwari,student6353@college.com,password123,student,CIVIL,true,true
Anjali Dubey,student6354@college.com,password123,student,CSE,true,true
Aryan Sheikh,student6355@college.com,password123,student,EEE,true,true
Fatima Menon,student6356@college.com,password123,student,ECE,true,true
Aditya Iyer,student6357@college.com,password123,student,IT,true,true
Aryan Pillai,student6358@college.com,password123,student,MATH,true,true
Swati Pandey,student6359@college.com,password123,student,MECH,true,true
Rahul Dubey,student6360@college.com,password123,student,PHY,true,true
Robert D'Souza,student6361@college.com,password123,student,MBA,true,true
Isha Shah,student6362@college.com,password123,student,CHEM,true,true
Tara Thomas,student6363@college.com,password123,student,CIVIL,true,true
Ayesha Nair,student6364@college.com,password123,student,CSE,true,true
Olivia Naidu,student6365@college.com,password123,student,EEE,true,true
Arjun Khan,student6366@college.com,password123,student,ECE,true,true
Riya Hussain,student6367@college.com,password123,student,IT,true,true
Grace Ali,student6368@college.com,password123,student,MATH,true,true
David Verma,student6369@college.com,password123,student,MECH,true,true
Rohan Rodrigues,student6370@college.com,password123,student,PHY,true,true
Amit Varghese,student6371@college.com,password123,student,MBA,true,true
Krishna Chopra,student6372@college.com,password123,student,CHEM,true,true
Aditya Fernandes,student6373@college.com,password123,student,CIVIL,true,true
Vihaan Varghese,student6374@college.com,password123,student,CSE,true,true
Aryan Mishra,student6375@college.com,password123,student,EEE,true,true
Michael Desai,student6376@college.com,password123,student,ECE,true,true
Divya Jacob,student6377@college.com,password123,student,IT,true,true
Sneha Ali,student6378@college.com,password123,student,MATH,true,true
Arjun Rao,student6379@college.com,password123,student,MECH,true,true
Tara Dubey,student6380@college.com,password123,student,PHY,true,true
Neha Joshi,student6381@college.com,password123,student,MBA,true,true
Swati Yadav,student6382@college.com,password123,student,CHEM,true,true
Meera Desai,student6383@college.com,password123,student,CIVIL,true,true
Lakshmi Malhotra,student6384@college.com,password123,student,CSE,true,true
Dhruv Chatterjee,student6385@college.com,password123,student,EEE,true,true
Aarav Rao,student6386@college.com,password123,student,ECE,true,true
Anita Mukherjee,student6387@college.com,password123,student,IT,true,true
Kiran Varghese,student6388@college.com,password123,student,MATH,true,true
Aarav Ali,student6389@college.com,password123,student,MECH,true,true
Zara Ali,student6390@college.com,password123,student,PHY,true,true
Ayesha Tiwari,student6391@college.com,password123,student,MBA,true,true
Pooja Kapoor,student6392@college.com,password123,student,CHEM,true,true
Vikram Das,student6393@college.com,password123,student,CIVIL,true,true
Suresh Pandey,student6394@college.com,password123,student,CSE,true,true
Amit D'Souza,student6395@college.com,password123,student,EEE,true,true
Ayaan Rao,student6396@college.com,password123,student,ECE,true,true
Karan Gupta,student6397@college.com,password123,student,IT,true,true
Sneha Bose,student6398@college.com,password123,student,MATH,true,true
Suresh Gupta,student6399@college.com,password123,student,MECH,true,true
Mohammed Menon,student6400@college.com,password123,student,PHY,true,true
Sarah Malhotra,student6401@college.com,password123,student,MBA,true,true
Grace Iyer,student6402@college.com,password123,student,CHEM,true,true
Amit Singh,student6403@college.com,password123,student,CIVIL,true,true
Farhan Bose,student6404@college.com,password123,student,CSE,true,true
Michael Mukherjee,student6405@college.com,password123,student,EEE,true,true
Sneha Nair,student6406@college.com,password123,student,ECE,true,true
Aarav George,student6407@college.com,password123,student,IT,true,true
Isha Thomas,student6408@college.com,password123,student,MATH,true,true
Lakshmi Shah,student6409@college.com,password123,student,MECH,true,true
Ananya Patel,student6410@college.com,password123,student,PHY,true,true
Ayesha D'Souza,student6411@college.com,password123,student,MBA,true,true
Rahul Tiwari,student6412@college.com,password123,student,CHEM,true,true
Krishna Pillai,student6413@college.com,password123,student,CIVIL,true,true
Emma Costa,student6414@college.com,password123,student,CSE,true,true
Suresh Agarwal,student6415@college.com,password123,student,EEE,true,true
Vihaan Thomas,student6416@college.com,password123,student,ECE,true,true
Michael Sharma,student6417@college.com,password123,student,IT,true,true
Michael Mehta,student6418@college.com,password123,student,MATH,true,true
Karan Tiwari,student6419@college.com,password123,student,MECH,true,true
Amit Chatterjee,student6420@college.com,password123,student,PHY,true,true
Rahul Verma,student6421@college.com,password123,student,MBA,true,true
Sneha Mathew,student6422@college.com,password123,student,CHEM,true,true
Emily Yadav,student6423@college.com,password123,student,CIVIL,true,true
Yusuf Pinto,student6424@college.com,password123,student,CSE,true,true
Reyansh Tiwari,student6425@college.com,password123,student,EEE,true,true
Sara Varghese,student6426@college.com,password123,student,ECE,true,true
Meera George,student6427@college.com,password123,student,IT,true,true
Rahul Thomas,student6428@college.com,password123,student,MATH,true,true
Mohammed Rodrigues,student6429@college.com,password123,student,MECH,true,true
Swati Mukherjee,student6430@college.com,password123,student,PHY,true,true
Michael Rathore,student6431@college.com,password123,student,MBA,true,true
Karan Agarwal,student6432@college.com,password123,student,CHEM,true,true
Amit Mukherjee,student6433@college.com,password123,student,CIVIL,true,true
Kiran Thomas,student6434@college.com,password123,student,CSE,true,true
John Dubey,student6435@college.com,password123,student,EEE,true,true
Priya Menon,student6436@college.com,password123,student,ECE,true,true
Tara Das,student6437@college.com,password123,student,IT,true,true
Fatima Tiwari,student6438@college.com,password123,student,MATH,true,true
Saanvi Shah,student6439@college.com,password123,student,MECH,true,true
Ishaan Khan,student6440@college.com,password123,student,PHY,true,true
Sai Ahmed,student6441@college.com,password123,student,MBA,true,true
Kabir Chauhan,student6442@college.com,password123,student,CHEM,true,true
Kabir Chatterjee,student6443@college.com,password123,student,CIVIL,true,true
Aryan Fernandes,student6444@college.com,password123,student,CSE,true,true
Divya Tiwari,student6445@college.com,password123,student,EEE,true,true
Kabir George,student6446@college.com,password123,student,ECE,true,true
Suresh Verma,student6447@college.com,password123,student,IT,true,true
Vikram Rao,student6448@college.com,password123,student,MATH,true,true
Sarah Chatterjee,student6449@college.com,password123,student,MECH,true,true
Michael Desai,student6450@college.com,password123,student,PHY,true,true
Sameer Rodrigues,student6451@college.com,password123,student,MBA,true,true
Aryan Kumar,student6452@college.com,password123,student,CHEM,true,true
Ishaan Kumar,student6453@college.com,password123,student,CIVIL,true,true
Saanvi Bose,student6454@college.com,password123,student,CSE,true,true
Zara George,student6455@college.com,password123,student,EEE,true,true
Priya Reddy,student6456@college.com,password123,student,ECE,true,true
Fatima Hussain,student6457@college.com,password123,student,IT,true,true
Krishna Tiwari,student6458@college.com,password123,student,MATH,true,true
Aliya Sharma,student6459@college.com,password123,student,MECH,true,true
Lakshmi Reddy,student6460@college.com,password123,student,PHY,true,true
Meera Joshi,student6461@college.com,password123,student,MBA,true,true
Vivaan Nair,student6462@college.com,password123,student,CHEM,true,true
Michael Sharma,student6463@college.com,password123,student,CIVIL,true,true
Aliya George,student6464@college.com,password123,student,CSE,true,true
Grace Gupta,student6465@college.com,password123,student,EEE,true,true
Krishna Bose,student6466@college.com,password123,student,ECE,true,true
Yusuf Patel,student6467@college.com,password123,student,IT,true,true
Amit Menon,student6468@college.com,password123,student,MATH,true,true
Mohammed Rodrigues,student6469@college.com,password123,student,MECH,true,true
Aarav Sharma,student6470@college.com,password123,student,PHY,true,true
David Reddy,student6471@college.com,password123,student,MBA,true,true
Sneha Mishra,student6472@college.com,password123,student,CHEM,true,true
Michael Bansal,student6473@college.com,password123,student,CIVIL,true,true
Robert Pandey,student6474@college.com,password123,student,CSE,true,true
Sai Banerjee,student6475@college.com,password123,student,EEE,true,true
Krishna Khan,student6476@college.com,password123,student,ECE,true,true
Aliya Fernandes,student6477@college.com,password123,student,IT,true,true
Emma Rathore,student6478@college.com,password123,student,MATH,true,true
Michael Rao,student6479@college.com,password123,student,MECH,true,true
Vikram Bansal,student6480@college.com,password123,student,PHY,true,true
Anjali Menon,student6481@college.com,password123,student,MBA,true,true
Nikhil Singh,student6482@college.com,password123,student,CHEM,true,true
Sneha Varghese,student6483@college.com,password123,student,CIVIL,true,true
Amit Thomas,student6484@college.com,password123,student,CSE,true,true
Sneha Nair,student6485@college.com,password123,student,EEE,true,true
Vivaan Gupta,student6486@college.com,password123,student,ECE,true,true
Reyansh Sheikh,student6487@college.com,password123,student,IT,true,true
Suresh Reddy,student6488@college.com,password123,student,MATH,true,true
Neha Pillai,student6489@college.com,password123,student,MECH,true,true
Ishaan Sharma,student6490@college.com,password123,student,PHY,true,true
Olivia Das,student6491@college.com,password123,student,MBA,true,true
Vivaan Das,student6492@college.com,password123,student,CHEM,true,true
Saanvi Joshi,student6493@college.com,password123,student,CIVIL,true,true
Ishaan Mehta,student6494@college.com,password123,student,CSE,true,true
Farhan Chopra,student6495@college.com,password123,student,EEE,true,true
Karan Jacob,student6496@college.com,password123,student,ECE,true,true
Meera Jacob,student6497@college.com,password123,student,IT,true,true
Sarah Pandey,student6498@college.com,password123,student,MATH,true,true
Michael Nair,student6499@college.com,password123,student,MECH,true,true
Divya Rao,student6500@college.com,password123,student,PHY,true,true
Ayaan Das,student6501@college.com,password123,student,MBA,true,true
Reyansh Chopra,student6502@college.com,password123,student,CHEM,true,true
Isha Kumar,student6503@college.com,password123,student,CIVIL,true,true
Radha Bansal,student6504@college.com,password123,student,CSE,true,true
Ayaan Shah,student6505@college.com,password123,student,EEE,true,true
Grace Patel,student6506@college.com,password123,student,ECE,true,true
Emma Gupta,student6507@college.com,password123,student,IT,true,true
Lakshmi Menon,student6508@college.com,password123,student,MATH,true,true
Kabir Naidu,student6509@college.com,password123,student,MECH,true,true
Pooja Bansal,student6510@college.com,password123,student,PHY,true,true
Lakshmi Chatterjee,student6511@college.com,password123,student,MBA,true,true
Sameer Naidu,student6512@college.com,password123,student,CHEM,true,true
Ishaan Mathew,student6513@college.com,password123,student,CIVIL,true,true
Sameer Khanna,student6514@college.com,password123,student,CSE,true,true
Radha Chopra,student6515@college.com,password123,student,EEE,true,true
Isha Reddy,student6516@college.com,password123,student,ECE,true,true
Amit Ahmed,student6517@college.com,password123,student,IT,true,true
Imran Shah,student6518@college.com,password123,student,MATH,true,true
Grace Kapoor,student6519@college.com,password123,student,MECH,true,true
John Pandey,student6520@college.com,password123,student,PHY,true,true
John Kumar,student6521@college.com,password123,student,MBA,true,true
David Sharma,student6522@college.com,password123,student,CHEM,true,true
Emily Menon,student6523@college.com,password123,student,CIVIL,true,true
Yusuf George,student6524@college.com,password123,student,CSE,true,true
Ishaan Agarwal,student6525@college.com,password123,student,EEE,true,true
Ishaan Joshi,student6526@college.com,password123,student,ECE,true,true
Tara Tiwari,student6527@college.com,password123,student,IT,true,true
David Khan,student6528@college.com,password123,student,MATH,true,true
Michael Kumar,student6529@college.com,password123,student,MECH,true,true
Ayaan Fernandes,student6530@college.com,password123,student,PHY,true,true
Saanvi Tiwari,student6531@college.com,password123,student,MBA,true,true
Amit Menon,student6532@college.com,password123,student,CHEM,true,true
Sai Agarwal,student6533@college.com,password123,student,CIVIL,true,true
Krishna Chatterjee,student6534@college.com,password123,student,CSE,true,true
Yusuf Joshi,student6535@college.com,password123,student,EEE,true,true
Isha Agarwal,student6536@college.com,password123,student,ECE,true,true
Divya Naidu,student6537@college.com,password123,student,IT,true,true
Anjali Varghese,student6538@college.com,password123,student,MATH,true,true
Riya Rodrigues,student6539@college.com,password123,student,MECH,true,true
David Thomas,student6540@college.com,password123,student,PHY,true,true
Diya Iyer,student6541@college.com,password123,student,MBA,true,true
John George,student6542@college.com,password123,student,CHEM,true,true
Olivia Bose,student6543@college.com,password123,student,CIVIL,true,true
Meera Pillai,student6544@college.com,password123,student,CSE,true,true
Swati Ahmed,student6545@college.com,password123,student,EEE,true,true
Sneha Sheikh,student6546@college.com,password123,student,ECE,true,true
Divya Sheikh,student6547@college.com,password123,student,IT,true,true
Sneha Das,student6548@college.com,password123,student,MATH,true,true
Meera Patel,student6549@college.com,password123,student,MECH,true,true
Kiran Pandey,student6550@college.com,password123,student,PHY,true,true
Riya Hussain,student6551@college.com,password123,student,MBA,true,true
Anita Yadav,student6552@college.com,password123,student,CHEM,true,true
Zoya Mishra,student6553@college.com,password123,student,CIVIL,true,true
Karan Varghese,student6554@college.com,password123,student,CSE,true,true
Sai Bose,student6555@college.com,password123,student,EEE,true,true
Kavya Sharma,student6556@college.com,password123,student,ECE,true,true
Dhruv Verma,student6557@college.com,password123,student,IT,true,true
Kavya D'Souza,student6558@college.com,password123,student,MATH,true,true
Anjali Iyer,student6559@college.com,password123,student,MECH,true,true
Olivia Nair,student6560@college.com,password123,student,PHY,true,true
Vihaan Mehta,student6561@college.com,password123,student,MBA,true,true
Kavya Yadav,student6562@college.com,password123,student,CHEM,true,true
Michael Iyer,student6563@college.com,password123,student,CIVIL,true,true
Suresh Chauhan,student6564@college.com,password123,student,CSE,true,true
Ishaan D'Souza,student6565@college.com,password123,student,EEE,true,true
Grace Pillai,student6566@college.com,password123,student,ECE,true,true
Nikhil Mukherjee,student6567@college.com,password123,student,IT,true,true
Michael Das,student6568@college.com,password123,student,MATH,true,true
Vihaan Mishra,student6569@college.com,password123,student,MECH,true,true
Krishna Nair,student6570@college.com,password123,student,PHY,true,true
Zoya Pandey,student6571@college.com,password123,student,MBA,true,true
Ishaan Joshi,student6572@college.com,password123,student,CHEM,true,true
Fatima Verma,student6573@college.com,password123,student,CIVIL,true,true
Zoya Naidu,student6574@college.com,password123,student,CSE,true,true
Kavya Singh,student6575@college.com,password123,student,EEE,true,true
Zoya Reddy,student6576@college.com,password123,student,ECE,true,true
Imran Pinto,student6577@college.com,password123,student,IT,true,true
Arjun Khan,student6578@college.com,password123,student,MATH,true,true
James Rodrigues,student6579@college.com,password123,student,MECH,true,true
Emily Rao,student6580@college.com,password123,student,PHY,true,true
Vivaan Menon,student6581@college.com,password123,student,MBA,true,true
Kavya Menon,student6582@college.com,password123,student,CHEM,true,true
Sai Bose,student6583@college.com,password123,student,CIVIL,true,true
Arjun Sharma,student6584@college.com,password123,student,CSE,true,true
Anita Pillai,student6585@college.com,password123,student,EEE,true,true
Ishaan Dubey,student6586@college.com,password123,student,ECE,true,true
Kabir Khan,student6587@college.com,password123,student,IT,true,true
Sara Iyer,student6588@college.com,password123,student,MATH,true,true
Sara Hussain,student6589@college.com,password123,student,MECH,true,true
Zoya Khanna,student6590@college.com,password123,student,PHY,true,true
Anjali Pillai,student6591@college.com,password123,student,MBA,true,true
Fatima Bansal,student6592@college.com,password123,student,CHEM,true,true
Tara George,student6593@college.com,password123,student,CIVIL,true,true
Zoya Sharma,student6594@college.com,password123,student,CSE,true,true
Suresh Nair,student6595@college.com,password123,student,EEE,true,true
Ishaan Singh,student6596@college.com,password123,student,ECE,true,true
Sarah George,student6597@college.com,password123,student,IT,true,true
Aditya Rodrigues,student6598@college.com,password123,student,MATH,true,true
Aliya Chatterjee,student6599@college.com,password123,student,MECH,true,true
Neha Rao,student6600@college.com,password123,student,PHY,true,true
Aarav Desai,student6601@college.com,password123,student,MBA,true,true
James Naidu,student6602@college.com,password123,student,CHEM,true,true
Sameer Chauhan,student6603@college.com,password123,student,CIVIL,true,true
Swati Pandey,student6604@college.com,password123,student,CSE,true,true
James Kapoor,student6605@college.com,password123,student,EEE,true,true
Olivia Fernandes,student6606@college.com,password123,student,ECE,true,true
Neha Khanna,student6607@college.com,password123,student,IT,true,true
Ayesha Das,student6608@college.com,password123,student,MATH,true,true
Saanvi Rao,student6609@college.com,password123,student,MECH,true,true
Amit Patel,student6610@college.com,password123,student,PHY,true,true
Pooja Joshi,student6611@college.com,password123,student,MBA,true,true
Krishna Mishra,student6612@college.com,password123,student,CHEM,true,true
Dhruv Desai,student6613@college.com,password123,student,CIVIL,true,true
Radha Singh,student6614@college.com,password123,student,CSE,true,true
Karan Desai,student6615@college.com,password123,student,EEE,true,true
Kabir Mishra,student6616@college.com,password123,student,ECE,true,true
Swati Rodrigues,student6617@college.com,password123,student,IT,true,true
James Kumar,student6618@college.com,password123,student,MATH,true,true
Michael Varghese,student6619@college.com,password123,student,MECH,true,true
Zara Khan,student6620@college.com,password123,student,PHY,true,true
Ananya George,student6621@college.com,password123,student,MBA,true,true
Farhan Desai,student6622@college.com,password123,student,CHEM,true,true
Michael Joshi,student6623@college.com,password123,student,CIVIL,true,true
Rohan Singh,student6624@college.com,password123,student,CSE,true,true
John Shah,student6625@college.com,password123,student,EEE,true,true
Farhan Naidu,student6626@college.com,password123,student,ECE,true,true
Aryan Malhotra,student6627@college.com,password123,student,IT,true,true
Reyansh Reddy,student6628@college.com,password123,student,MATH,true,true
Arjun Shah,student6629@college.com,password123,student,MECH,true,true
Lakshmi Yadav,student6630@college.com,password123,student,PHY,true,true
Robert Bansal,student6631@college.com,password123,student,MBA,true,true
Vivaan Bose,student6632@college.com,password123,student,CHEM,true,true
Suresh Rao,student6633@college.com,password123,student,CIVIL,true,true
Sneha Reddy,student6634@college.com,password123,student,CSE,true,true
Arjun Mukherjee,student6635@college.com,password123,student,EEE,true,true
Lakshmi Sharma,student6636@college.com,password123,student,ECE,true,true
Aliya Khanna,student6637@college.com,password123,student,IT,true,true
Aryan D'Souza,student6638@college.com,password123,student,MATH,true,true
Aryan Thomas,student6639@college.com,password123,student,MECH,true,true
Grace Gupta,student6640@college.com,password123,student,PHY,true,true
Nikhil Malhotra,student6641@college.com,password123,student,MBA,true,true
Sai Fernandes,student6642@college.com,password123,student,CHEM,true,true
Anita Gupta,student6643@college.com,password123,student,CIVIL,true,true
Anita Khan,student6644@college.com,password123,student,CSE,true,true
Aditya Singh,student6645@college.com,password123,student,EEE,true,true
Ananya Patel,student6646@college.com,password123,student,ECE,true,true
Vikram Sharma,student6647@college.com,password123,student,IT,true,true
Isha Dubey,student6648@college.com,password123,student,MATH,true,true
Suresh Desai,student6649@college.com,password123,student,MECH,true,true
Neha Banerjee,student6650@college.com,password123,student,PHY,true,true
Ananya Dubey,student6651@college.com,password123,student,MBA,true,true
Priya Tiwari,student6652@college.com,password123,student,CHEM,true,true
Isha Iyer,student6653@college.com,password123,student,CIVIL,true,true
Zoya Jacob,student6654@college.com,password123,student,CSE,true,true
Reyansh Bansal,student6655@college.com,password123,student,EEE,true,true
Riya Mishra,student6656@college.com,password123,student,ECE,true,true
Neha Reddy,student6657@college.com,password123,student,IT,true,true
Neha Yadav,student6658@college.com,password123,student,MATH,true,true
Ishaan Verma,student6659@college.com,password123,student,MECH,true,true
Kiran Joshi,student6660@college.com,password123,student,PHY,true,true
Anjali Pinto,student6661@college.com,password123,student,MBA,true,true
Emily Gupta,student6662@college.com,password123,student,CHEM,true,true
Suresh Rao,student6663@college.com,password123,student,CIVIL,true,true
Ishaan Jacob,student6664@college.com,password123,student,CSE,true,true
Zara Patel,student6665@college.com,password123,student,EEE,true,true
Sarah Thomas,student6666@college.com,password123,student,ECE,true,true
Sai Pandey,student6667@college.com,password123,student,IT,true,true
Karan Mukherjee,student6668@college.com,password123,student,MATH,true,true
John Jacob,student6669@college.com,password123,student,MECH,true,true
Farhan Menon,student6670@college.com,password123,student,PHY,true,true
Yusuf Pandey,student6671@college.com,password123,student,MBA,true,true
Rohan Ali,student6672@college.com,password123,student,CHEM,true,true
Pooja Tiwari,student6673@college.com,password123,student,CIVIL,true,true
Lakshmi George,student6674@college.com,password123,student,CSE,true,true
Pooja Yadav,student6675@college.com,password123,student,EEE,true,true
Diya Rathore,student6676@college.com,password123,student,ECE,true,true
David Iyer,student6677@college.com,password123,student,IT,true,true
Diya Chopra,student6678@college.com,password123,student,MATH,true,true
Kavya Costa,student6679@college.com,password123,student,MECH,true,true
Robert Naidu,student6680@college.com,password123,student,PHY,true,true
Aditya Pandey,student6681@college.com,password123,student,MBA,true,true
Yusuf Jacob,student6682@college.com,password123,student,CHEM,true,true
Meera Bose,student6683@college.com,password123,student,CIVIL,true,true
Dhruv Costa,student6684@college.com,password123,student,CSE,true,true
Lakshmi Kumar,student6685@college.com,password123,student,EEE,true,true
Ishaan Fernandes,student6686@college.com,password123,student,ECE,true,true
Mohammed Ahmed,student6687@college.com,password123,student,IT,true,true
Reyansh Sharma,student6688@college.com,password123,student,MATH,true,true
Ishaan Yadav,student6689@college.com,password123,student,MECH,true,true
Emily Khanna,student6690@college.com,password123,student,PHY,true,true
Swati Patel,student6691@college.com,password123,student,MBA,true,true
Divya Reddy,student6692@college.com,password123,student,CHEM,true,true
Zara Agarwal,student6693@college.com,password123,student,CIVIL,true,true
Rohan Chopra,student6694@college.com,password123,student,CSE,true,true
Rohan Kumar,student6695@college.com,password123,student,EEE,true,true
Amit Fernandes,student6696@college.com,password123,student,ECE,true,true
Kavya Mehta,student6697@college.com,password123,student,IT,true,true
Sai Kumar,student6698@college.com,password123,student,MATH,true,true
Kabir Pandey,student6699@college.com,password123,student,MECH,true,true
Yusuf Chauhan,student6700@college.com,password123,student,PHY,true,true
Rahul Khan,student6701@college.com,password123,student,MBA,true,true
Rahul Dubey,student6702@college.com,password123,student,CHEM,true,true
Sarah Rathore,student6703@college.com,password123,student,CIVIL,true,true
Farhan Iyer,student6704@college.com,password123,student,CSE,true,true
Ayaan Fernandes,student6705@college.com,password123,student,EEE,true,true
Divya Gupta,student6706@college.com,password123,student,ECE,true,true
Kavya Chopra,student6707@college.com,password123,student,IT,true,true
Priya Pillai,student6708@college.com,password123,student,MATH,true,true
Robert Costa,student6709@college.com,password123,student,MECH,true,true
Olivia Jacob,student6710@college.com,password123,student,PHY,true,true
Krishna Rathore,student6711@college.com,password123,student,MBA,true,true
Kavya Ali,student6712@college.com,password123,student,CHEM,true,true
Robert Costa,student6713@college.com,password123,student,CIVIL,true,true
Ananya Shah,student6714@college.com,password123,student,CSE,true,true
Sai Jacob,student6715@college.com,password123,student,EEE,true,true
Riya Ali,student6716@college.com,password123,student,ECE,true,true
Tara Kapoor,student6717@college.com,password123,student,IT,true,true
Sarah Jacob,student6718@college.com,password123,student,MATH,true,true
Aditya Costa,student6719@college.com,password123,student,MECH,true,true
Farhan Singh,student6720@college.com,password123,student,PHY,true,true
Sara Bose,student6721@college.com,password123,student,MBA,true,true
Zoya D'Souza,student6722@college.com,password123,student,CHEM,true,true
Aarav Menon,student6723@college.com,password123,student,CIVIL,true,true
Robert Reddy,student6724@college.com,password123,student,CSE,true,true
Suresh Joshi,student6725@college.com,password123,student,EEE,true,true
Rohan Fernandes,student6726@college.com,password123,student,ECE,true,true
Priya Kumar,student6727@college.com,password123,student,IT,true,true
Karan Joshi,student6728@college.com,password123,student,MATH,true,true
Emily Chauhan,student6729@college.com,password123,student,MECH,true,true
Imran Patel,student6730@college.com,password123,student,PHY,true,true
Isha Chauhan,student6731@college.com,password123,student,MBA,true,true
Zara George,student6732@college.com,password123,student,CHEM,true,true
Sneha Chauhan,student6733@college.com,password123,student,CIVIL,true,true
Reyansh Patel,student6734@college.com,password123,student,CSE,true,true
Kabir Tiwari,student6735@college.com,password123,student,EEE,true,true
Reyansh Desai,student6736@college.com,password123,student,ECE,true,true
Yusuf Naidu,student6737@college.com,password123,student,IT,true,true
Aryan Desai,student6738@college.com,password123,student,MATH,true,true
Diya Kumar,student6739@college.com,password123,student,MECH,true,true
Ananya Bansal,student6740@college.com,password123,student,PHY,true,true
Lakshmi Ahmed,student6741@college.com,password123,student,MBA,true,true
Dhruv Varghese,student6742@college.com,password123,student,CHEM,true,true
Sara Khan,student6743@college.com,password123,student,CIVIL,true,true
Ayaan Malhotra,student6744@college.com,password123,student,CSE,true,true
Zara Gupta,student6745@college.com,password123,student,EEE,true,true
Sneha Menon,student6746@college.com,password123,student,ECE,true,true
Anjali Menon,student6747@college.com,password123,student,IT,true,true
Mohammed Mukherjee,student6748@college.com,password123,student,MATH,true,true
Ananya Fernandes,student6749@college.com,password123,student,MECH,true,true
Aditya Rodrigues,student6750@college.com,password123,student,PHY,true,true
Yusuf Joshi,student6751@college.com,password123,student,MBA,true,true
Vihaan Shah,student6752@college.com,password123,student,CHEM,true,true
David Naidu,student6753@college.com,password123,student,CIVIL,true,true
Anjali Mukherjee,student6754@college.com,password123,student,CSE,true,true
Vihaan Mukherjee,student6755@college.com,password123,student,EEE,true,true
Emily Verma,student6756@college.com,password123,student,ECE,true,true
Aliya Jacob,student6757@college.com,password123,student,IT,true,true
Saanvi Malhotra,student6758@college.com,password123,student,MATH,true,true
Rahul Thomas,student6759@college.com,password123,student,MECH,true,true
Kabir Patel,student6760@college.com,password123,student,PHY,true,true
Ishaan Kumar,student6761@college.com,password123,student,MBA,true,true
Amit Desai,student6762@college.com,password123,student,CHEM,true,true
Sai Khanna,student6763@college.com,password123,student,CIVIL,true,true
Emily Pandey,student6764@college.com,password123,student,CSE,true,true
Tara Pillai,student6765@college.com,password123,student,EEE,true,true
Pooja Mukherjee,student6766@college.com,password123,student,ECE,true,true
Imran Kapoor,student6767@college.com,password123,student,IT,true,true
Kabir Singh,student6768@college.com,password123,student,MATH,true,true
Sai Naidu,student6769@college.com,password123,student,MECH,true,true
Diya Dubey,student6770@college.com,password123,student,PHY,true,true
Vikram Rao,student6771@college.com,password123,student,MBA,true,true
Aryan Mehta,student6772@college.com,password123,student,CHEM,true,true
Riya Khan,student6773@college.com,password123,student,CIVIL,true,true
Anjali Sheikh,student6774@college.com,password123,student,CSE,true,true
Zoya Rao,student6775@college.com,password123,student,EEE,true,true
Zoya Naidu,student6776@college.com,password123,student,ECE,true,true
Isha Varghese,student6777@college.com,password123,student,IT,true,true
Anita Joshi,student6778@college.com,password123,student,MATH,true,true
Michael Sharma,student6779@college.com,password123,student,MECH,true,true
Swati Rodrigues,student6780@college.com,password123,student,PHY,true,true
Aryan Kumar,student6781@college.com,password123,student,MBA,true,true
Fatima Mathew,student6782@college.com,password123,student,CHEM,true,true
Kiran Costa,student6783@college.com,password123,student,CIVIL,true,true
Ishaan Agarwal,student6784@college.com,password123,student,CSE,true,true
Imran Tiwari,student6785@college.com,password123,student,EEE,true,true
Sara Mishra,student6786@college.com,password123,student,ECE,true,true
Fatima Agarwal,student6787@college.com,password123,student,IT,true,true
Aarav Menon,student6788@college.com,password123,student,MATH,true,true
Emma Chauhan,student6789@college.com,password123,student,MECH,true,true
Grace Menon,student6790@college.com,password123,student,PHY,true,true
Divya Agarwal,student6791@college.com,password123,student,MBA,true,true
Ayaan Jacob,student6792@college.com,password123,student,CHEM,true,true
Riya Kapoor,student6793@college.com,password123,student,CIVIL,true,true
Pooja Tiwari,student6794@college.com,password123,student,CSE,true,true
Aarav Rathore,student6795@college.com,password123,student,EEE,true,true
James Iyer,student6796@college.com,password123,student,ECE,true,true
Mohammed Rathore,student6797@college.com,password123,student,IT,true,true
Mohammed Pinto,student6798@college.com,password123,student,MATH,true,true
Reyansh Gupta,student6799@college.com,password123,student,MECH,true,true
Dhruv Mishra,student6800@college.com,password123,student,PHY,true,true
Aryan Pillai,student6801@college.com,password123,student,MBA,true,true
Zoya Sheikh,student6802@college.com,password123,student,CHEM,true,true
Yusuf Rao,student6803@college.com,password123,student,CIVIL,true,true
Lakshmi Joshi,student6804@college.com,password123,student,CSE,true,true
Dhruv Mehta,student6805@college.com,password123,student,EEE,true,true
Dhruv Banerjee,student6806@college.com,password123,student,ECE,true,true
Sameer Fernandes,student6807@college.com,password123,student,IT,true,true
Aarav Shah,student6808@college.com,password123,student,MATH,true,true
Michael Shah,student6809@college.com,password123,student,MECH,true,true
Vivaan Khanna,student6810@college.com,password123,student,PHY,true,true
Emma Khanna,student6811@college.com,password123,student,MBA,true,true
Neha Nair,student6812@college.com,password123,student,CHEM,true,true
Zoya Ahmed,student6813@college.com,password123,student,CIVIL,true,true
Farhan Chauhan,student6814@college.com,password123,student,CSE,true,true
Riya Pillai,student6815@college.com,password123,student,EEE,true,true
Isha Mehta,student6816@college.com,password123,student,ECE,true,true
James Sheikh,student6817@college.com,password123,student,IT,true,true
Saanvi Hussain,student6818@college.com,password123,student,MATH,true,true
Aliya Bansal,student6819@college.com,password123,student,MECH,true,true
Ayaan Chatterjee,student6820@college.com,password123,student,PHY,true,true
Zara Naidu,student6821@college.com,password123,student,MBA,true,true
Kavya Chatterjee,student6822@college.com,password123,student,CHEM,true,true
Swati Rodrigues,student6823@college.com,password123,student,CIVIL,true,true
Rohan Sheikh,student6824@college.com,password123,student,CSE,true,true
Saanvi Joshi,student6825@college.com,password123,student,EEE,true,true
Suresh Mathew,student6826@college.com,password123,student,ECE,true,true
Zoya Jacob,student6827@college.com,password123,student,IT,true,true
Saanvi Thomas,student6828@college.com,password123,student,MATH,true,true
Suresh Varghese,student6829@college.com,password123,student,MECH,true,true
Radha Reddy,student6830@college.com,password123,student,PHY,true,true
Sai Reddy,student6831@college.com,password123,student,MBA,true,true
Sai George,student6832@college.com,password123,student,CHEM,true,true
Vivaan Costa,student6833@college.com,password123,student,CIVIL,true,true
Grace Pillai,student6834@college.com,password123,student,CSE,true,true
Reyansh Ahmed,student6835@college.com,password123,student,EEE,true,true
Sara Dubey,student6836@college.com,password123,student,ECE,true,true
Radha Sheikh,student6837@college.com,password123,student,IT,true,true
Reyansh Thomas,student6838@college.com,password123,student,MATH,true,true
Tara Ali,student6839@college.com,password123,student,MECH,true,true
Kiran Gupta,student6840@college.com,password123,student,PHY,true,true
Imran Chopra,student6841@college.com,password123,student,MBA,true,true
Robert Pillai,student6842@college.com,password123,student,CHEM,true,true
Dhruv Das,student6843@college.com,password123,student,CIVIL,true,true
Yusuf Chauhan,student6844@college.com,password123,student,CSE,true,true
Swati Joshi,student6845@college.com,password123,student,EEE,true,true
Ayaan Banerjee,student6846@college.com,password123,student,ECE,true,true
Robert Khan,student6847@college.com,password123,student,IT,true,true
Ayaan Mehta,student6848@college.com,password123,student,MATH,true,true
David Chauhan,student6849@college.com,password123,student,MECH,true,true
Riya George,student6850@college.com,password123,student,PHY,true,true
Ayesha Mishra,student6851@college.com,password123,student,MBA,true,true
Priya Sharma,student6852@college.com,password123,student,CHEM,true,true
Kavya Das,student6853@college.com,password123,student,CIVIL,true,true
Neha Chopra,student6854@college.com,password123,student,CSE,true,true
Amit Mathew,student6855@college.com,password123,student,EEE,true,true
Rahul Khanna,student6856@college.com,password123,student,ECE,true,true
James Pillai,student6857@college.com,password123,student,IT,true,true
Sameer Bose,student6858@college.com,password123,student,MATH,true,true
Aarav Pillai,student6859@college.com,password123,student,MECH,true,true
Aditya Sharma,student6860@college.com,password123,student,PHY,true,true
Vivaan Menon,student6861@college.com,password123,student,MBA,true,true
David Shah,student6862@college.com,password123,student,CHEM,true,true
James Hussain,student6863@college.com,password123,student,CIVIL,true,true
Michael Mishra,student6864@college.com,password123,student,CSE,true,true
Lakshmi Agarwal,student6865@college.com,password123,student,EEE,true,true
Diya Rao,student6866@college.com,password123,student,ECE,true,true
Anita Naidu,student6867@college.com,password123,student,IT,true,true
Nikhil D'Souza,student6868@college.com,password123,student,MATH,true,true
Priya Banerjee,student6869@college.com,password123,student,MECH,true,true
Radha George,student6870@college.com,password123,student,PHY,true,true
Priya Singh,student6871@college.com,password123,student,MBA,true,true
John Fernandes,student6872@college.com,password123,student,CHEM,true,true
Saanvi Iyer,student6873@college.com,password123,student,CIVIL,true,true
Mohammed Joshi,student6874@college.com,password123,student,CSE,true,true
Fatima Chatterjee,student6875@college.com,password123,student,EEE,true,true
Priya Agarwal,student6876@college.com,password123,student,ECE,true,true
Pooja Rao,student6877@college.com,password123,student,IT,true,true
Saanvi Das,student6878@college.com,password123,student,MATH,true,true
Reyansh Pandey,student6879@college.com,password123,student,MECH,true,true
John Iyer,student6880@college.com,password123,student,PHY,true,true
Neha Nair,student6881@college.com,password123,student,MBA,true,true
Mohammed Fernandes,student6882@college.com,password123,student,CHEM,true,true
David Desai,student6883@college.com,password123,student,CIVIL,true,true
James Dubey,student6884@college.com,password123,student,CSE,true,true
Mohammed Kapoor,student6885@college.com,password123,student,EEE,true,true
James D'Souza,student6886@college.com,password123,student,ECE,true,true
Rohan Agarwal,student6887@college.com,password123,student,IT,true,true
Dhruv Patel,student6888@college.com,password123,student,MATH,true,true
Sai Verma,student6889@college.com,password123,student,MECH,true,true
Saanvi Sharma,student6890@college.com,password123,student,PHY,true,true
Mohammed Yadav,student6891@college.com,password123,student,MBA,true,true
Kiran Menon,student6892@college.com,password123,student,CHEM,true,true
Vivaan Costa,student6893@college.com,password123,student,CIVIL,true,true
Ayesha Sheikh,student6894@college.com,password123,student,CSE,true,true
Olivia Patel,student6895@college.com,password123,student,EEE,true,true
Anita Joshi,student6896@college.com,password123,student,ECE,true,true
Vivaan Mishra,student6897@college.com,password123,student,IT,true,true
Fatima Iyer,student6898@college.com,password123,student,MATH,true,true
Zara Thomas,student6899@college.com,password123,student,MECH,true,true
Mohammed Yadav,student6900@college.com,password123,student,PHY,true,true
Isha Chatterjee,student6901@college.com,password123,student,MBA,true,true
Nikhil George,student6902@college.com,password123,student,CHEM,true,true
Emma Das,student6903@college.com,password123,student,CIVIL,true,true
Vikram Banerjee,student6904@college.com,password123,student,CSE,true,true
Sneha Bose,student6905@college.com,password123,student,EEE,true,true
Fatima Yadav,student6906@college.com,password123,student,ECE,true,true
John Joshi,student6907@college.com,password123,student,IT,true,true
Yusuf Kapoor,student6908@college.com,password123,student,MATH,true,true
Imran Singh,student6909@college.com,password123,student,MECH,true,true
Amit Patel,student6910@college.com,password123,student,PHY,true,true
Grace Menon,student6911@college.com,password123,student,MBA,true,true
Mohammed Verma,student6912@college.com,password123,student,CHEM,true,true
Mohammed Pinto,student6913@college.com,password123,student,CIVIL,true,true
Emily Reddy,student6914@college.com,password123,student,CSE,true,true
Ayaan Chauhan,student6915@college.com,password123,student,EEE,true,true
Grace Rodrigues,student6916@college.com,password123,student,ECE,true,true
Ayaan Reddy,student6917@college.com,password123,student,IT,true,true
Ishaan Chopra,student6918@college.com,password123,student,MATH,true,true
Rahul Chatterjee,student6919@college.com,password123,student,MECH,true,true
Sai Kumar,student6920@college.com,password123,student,PHY,true,true
Divya Shah,student6921@college.com,password123,student,MBA,true,true
Olivia Mukherjee,student6922@college.com,password123,student,CHEM,true,true
Priya Reddy,student6923@college.com,password123,student,CIVIL,true,true
Divya Verma,student6924@college.com,password123,student,CSE,true,true
Riya Kumar,student6925@college.com,password123,student,EEE,true,true
Divya Thomas,student6926@college.com,password123,student,ECE,true,true
Arjun Mukherjee,student6927@college.com,password123,student,IT,true,true
Sameer Pillai,student6928@college.com,password123,student,MATH,true,true
Meera Agarwal,student6929@college.com,password123,student,MECH,true,true
Mohammed Rathore,student6930@college.com,password123,student,PHY,true,true
John Rao,student6931@college.com,password123,student,MBA,true,true
Kabir Khanna,student6932@college.com,password123,student,CHEM,true,true
Aarav Chatterjee,student6933@college.com,password123,student,CIVIL,true,true
Imran Fernandes,student6934@college.com,password123,student,CSE,true,true
Mohammed Rodrigues,student6935@college.com,password123,student,EEE,true,true
Robert Gupta,student6936@college.com,password123,student,ECE,true,true
Ayaan Bansal,student6937@college.com,password123,student,IT,true,true
Isha Khan,student6938@college.com,password123,student,MATH,true,true
Radha Rodrigues,student6939@college.com,password123,student,MECH,true,true
Sneha Sharma,student6940@college.com,password123,student,PHY,true,true
Rohan Hussain,student6941@college.com,password123,student,MBA,true,true
Sara Kapoor,student6942@college.com,password123,student,CHEM,true,true
Grace Nair,student6943@college.com,password123,student,CIVIL,true,true
Aryan Rodrigues,student6944@college.com,password123,student,CSE,true,true
Vivaan Sheikh,student6945@college.com,password123,student,EEE,true,true
Vivaan Hussain,student6946@college.com,password123,student,ECE,true,true
Neha Dubey,student6947@college.com,password123,student,IT,true,true
Ishaan Mukherjee,student6948@college.com,password123,student,MATH,true,true
Emily Shah,student6949@college.com,password123,student,MECH,true,true
Ayaan Mukherjee,student6950@college.com,password123,student,PHY,true,true
Vivaan Agarwal,student6951@college.com,password123,student,MBA,true,true
Krishna Das,student6952@college.com,password123,student,CHEM,true,true
Sai Tiwari,student6953@college.com,password123,student,CIVIL,true,true
Zoya Iyer,student6954@college.com,password123,student,CSE,true,true
Amit Malhotra,student6955@college.com,password123,student,EEE,true,true
Anjali Banerjee,student6956@college.com,password123,student,ECE,true,true
Sai Mehta,student6957@college.com,password123,student,IT,true,true
Ayesha D'Souza,student6958@college.com,password123,student,MATH,true,true
Farhan Chopra,student6959@college.com,password123,student,MECH,true,true
Zara Mishra,student6960@college.com,password123,student,PHY,true,true
John Ahmed,student6961@college.com,password123,student,MBA,true,true
Saanvi Ali,student6962@college.com,password123,student,CHEM,true,true
Priya Banerjee,student6963@college.com,password123,student,CIVIL,true,true
Rahul Chatterjee,student6964@college.com,password123,student,CSE,true,true
Aryan Jacob,student6965@college.com,password123,student,EEE,true,true
Robert Pandey,student6966@college.com,password123,student,ECE,true,true
Amit Desai,student6967@college.com,password123,student,IT,true,true
Reyansh Pinto,student6968@college.com,password123,student,MATH,true,true
David Yadav,student6969@college.com,password123,student,MECH,true,true
Kiran Khanna,student6970@college.com,password123,student,PHY,true,true
Rohan Mukherjee,student6971@college.com,password123,student,MBA,true,true
Fatima Ahmed,student6972@college.com,password123,student,CHEM,true,true
Saanvi Rathore,student6973@college.com,password123,student,CIVIL,true,true
Saanvi Rodrigues,student6974@college.com,password123,student,CSE,true,true
Sara Malhotra,student6975@college.com,password123,student,EEE,true,true
Michael Agarwal,student6976@college.com,password123,student,ECE,true,true
Radha Reddy,student6977@college.com,password123,student,IT,true,true
Lakshmi Joshi,student6978@college.com,password123,student,MATH,true,true
Saanvi Banerjee,student6979@college.com,password123,student,MECH,true,true
Anita Mehta,student6980@college.com,password123,student,PHY,true,true
Kavya Thomas,student6981@college.com,password123,student,MBA,true,true
Michael Kumar,student6982@college.com,password123,student,CHEM,true,true
Tara Rao,student6983@college.com,password123,student,CIVIL,true,true
Sarah Gupta,student6984@college.com,password123,student,CSE,true,true
Neha Kapoor,student6985@college.com,password123,student,EEE,true,true
Kiran Pillai,student6986@college.com,password123,student,ECE,true,true
Suresh Rodrigues,student6987@college.com,password123,student,IT,true,true
Michael George,student6988@college.com,password123,student,MATH,true,true
Pooja Mehta,student6989@college.com,password123,student,MECH,true,true
Priya Verma,student6990@college.com,password123,student,PHY,true,true
Ayaan Chatterjee,student6991@college.com,password123,student,MBA,true,true
John Agarwal,student6992@college.com,password123,student,CHEM,true,true
Saanvi Chatterjee,student6993@college.com,password123,student,CIVIL,true,true
Isha Bose,student6994@college.com,password123,student,CSE,true,true
Arjun Mukherjee,student6995@college.com,password123,student,EEE,true,true
Imran Shah,student6996@college.com,password123,student,ECE,true,true
Kavya Menon,student6997@college.com,password123,student,IT,true,true
Yusuf Agarwal,student6998@college.com,password123,student,MATH,true,true
Ayaan Sharma,student6999@college.com,password123,student,MECH,true,true
Ananya Varghese,student7000@college.com,password123,student,PHY,true,true
Aarav Pandey,student7001@college.com,password123,student,MBA,true,true
Diya Mukherjee,student7002@college.com,password123,student,CHEM,true,true
Zara Fernandes,student7003@college.com,password123,student,CIVIL,true,true
David Agarwal,student7004@college.com,password123,student,CSE,true,true
Emma Das,student7005@college.com,password123,student,EEE,true,true
Swati Kumar,student7006@college.com,password123,student,ECE,true,true
Meera Chopra,student7007@college.com,password123,student,IT,true,true
Lakshmi Mukherjee,student7008@college.com,password123,student,MATH,true,true
Pooja Mukherjee,student7009@college.com,password123,student,MECH,true,true
Reyansh D'Souza,student7010@college.com,password123,student,PHY,true,true
Amit Pandey,student7011@college.com,password123,student,MBA,true,true
Lakshmi Mathew,student7012@college.com,password123,student,CHEM,true,true
Arjun Fernandes,student7013@college.com,password123,student,CIVIL,true,true
Emma George,student7014@college.com,password123,student,CSE,true,true
Riya Jacob,student7015@college.com,password123,student,EEE,true,true
Aliya Naidu,student7016@college.com,password123,student,ECE,true,true
Ananya Agarwal,student7017@college.com,password123,student,IT,true,true
Aryan Banerjee,student7018@college.com,password123,student,MATH,true,true
Vihaan Ahmed,student7019@college.com,password123,student,MECH,true,true
Divya Gupta,student7020@college.com,password123,student,PHY,true,true
Amit Pillai,student7021@college.com,password123,student,MBA,true,true
Ayaan Nair,student7022@college.com,password123,student,CHEM,true,true
Tara Rao,student7023@college.com,password123,student,CIVIL,true,true
Lakshmi Agarwal,student7024@college.com,password123,student,CSE,true,true
Kiran Joshi,student7025@college.com,password123,student,EEE,true,true
Nikhil Fernandes,student7026@college.com,password123,student,ECE,true,true
Vivaan Chopra,student7027@college.com,password123,student,IT,true,true
Vivaan George,student7028@college.com,password123,student,MATH,true,true
David Fernandes,student7029@college.com,password123,student,MECH,true,true
Aarav Chauhan,student7030@college.com,password123,student,PHY,true,true
Suresh Iyer,student7031@college.com,password123,student,MBA,true,true
James Desai,student7032@college.com,password123,student,CHEM,true,true
Aditya Sheikh,student7033@college.com,password123,student,CIVIL,true,true
Olivia Hussain,student7034@college.com,password123,student,CSE,true,true
Aditya Bansal,student7035@college.com,password123,student,EEE,true,true
Farhan Verma,student7036@college.com,password123,student,ECE,true,true
Arjun Khan,student7037@college.com,password123,student,IT,true,true
Reyansh Pillai,student7038@college.com,password123,student,MATH,true,true
Fatima Khanna,student7039@college.com,password123,student,MECH,true,true
Amit Agarwal,student7040@college.com,password123,student,PHY,true,true
Aliya Mehta,student7041@college.com,password123,student,MBA,true,true
Priya Patel,student7042@college.com,password123,student,CHEM,true,true
Swati Yadav,student7043@college.com,password123,student,CIVIL,true,true
Ananya Ahmed,student7044@college.com,password123,student,CSE,true,true
Radha Singh,student7045@college.com,password123,student,EEE,true,true
Priya Khanna,student7046@college.com,password123,student,ECE,true,true
Zoya Chauhan,student7047@college.com,password123,student,IT,true,true
Divya George,student7048@college.com,password123,student,MATH,true,true
Olivia Nair,student7049@college.com,password123,student,MECH,true,true
James Shah,student7050@college.com,password123,student,PHY,true,true
Radha Reddy,student7051@college.com,password123,student,MBA,true,true
Vivaan Das,student7052@college.com,password123,student,CHEM,true,true
Vihaan Sharma,student7053@college.com,password123,student,CIVIL,true,true
Krishna Reddy,student7054@college.com,password123,student,CSE,true,true
Ananya Varghese,student7055@college.com,password123,student,EEE,true,true
Fatima Naidu,student7056@college.com,password123,student,ECE,true,true
Karan Rao,student7057@college.com,password123,student,IT,true,true
Sai Banerjee,student7058@college.com,password123,student,MATH,true,true
Fatima Shah,student7059@college.com,password123,student,MECH,true,true
Michael Sheikh,student7060@college.com,password123,student,PHY,true,true
Aarav Varghese,student7061@college.com,password123,student,MBA,true,true
Emily Singh,student7062@college.com,password123,student,CHEM,true,true
Rahul Gupta,student7063@college.com,password123,student,CIVIL,true,true
Ayaan Singh,student7064@college.com,password123,student,CSE,true,true
Vikram Kumar,student7065@college.com,password123,student,EEE,true,true
Rahul Bansal,student7066@college.com,password123,student,ECE,true,true
Zoya Costa,student7067@college.com,password123,student,IT,true,true
David Joshi,student7068@college.com,password123,student,MATH,true,true
Amit Varghese,student7069@college.com,password123,student,MECH,true,true
Rohan Iyer,student7070@college.com,password123,student,PHY,true,true
Kiran Chauhan,student7071@college.com,password123,student,MBA,true,true
Ayaan Iyer,student7072@college.com,password123,student,CHEM,true,true
Ananya Menon,student7073@college.com,password123,student,CIVIL,true,true
Aliya Pinto,student7074@college.com,password123,student,CSE,true,true
Sarah Pillai,student7075@college.com,password123,student,EEE,true,true
Mohammed Rathore,student7076@college.com,password123,student,ECE,true,true
Imran Nair,student7077@college.com,password123,student,IT,true,true
Pooja Hussain,student7078@college.com,password123,student,MATH,true,true
Nikhil Fernandes,student7079@college.com,password123,student,MECH,true,true
Anjali Mathew,student7080@college.com,password123,student,PHY,true,true
Divya Malhotra,student7081@college.com,password123,student,MBA,true,true
Ananya Yadav,student7082@college.com,password123,student,CHEM,true,true
Fatima Khan,student7083@college.com,password123,student,CIVIL,true,true
Karan Patel,student7084@college.com,password123,student,CSE,true,true
Rahul Yadav,student7085@college.com,password123,student,EEE,true,true
Suresh Pandey,student7086@college.com,password123,student,ECE,true,true
Sai Mehta,student7087@college.com,password123,student,IT,true,true
Swati Bose,student7088@college.com,password123,student,MATH,true,true
Imran George,student7089@college.com,password123,student,MECH,true,true
Sara Mukherjee,student7090@college.com,password123,student,PHY,true,true
Zoya Kumar,student7091@college.com,password123,student,MBA,true,true
Arjun Ahmed,student7092@college.com,password123,student,CHEM,true,true
Vihaan Mukherjee,student7093@college.com,password123,student,CIVIL,true,true
Aarav Mathew,student7094@college.com,password123,student,CSE,true,true
Dhruv Chauhan,student7095@college.com,password123,student,EEE,true,true
Michael Joshi,student7096@college.com,password123,student,ECE,true,true
Aryan Ahmed,student7097@college.com,password123,student,IT,true,true
Reyansh Bansal,student7098@college.com,password123,student,MATH,true,true
Dhruv Pinto,student7099@college.com,password123,student,MECH,true,true
Aliya Hussain,student7100@college.com,password123,student,PHY,true,true
Neha Agarwal,student7101@college.com,password123,student,MBA,true,true
Aliya Khanna,student7102@college.com,password123,student,CHEM,true,true
Ayesha Chauhan,student7103@college.com,password123,student,CIVIL,true,true
Farhan Menon,student7104@college.com,password123,student,CSE,true,true
Robert Ali,student7105@college.com,password123,student,EEE,true,true
Reyansh Iyer,student7106@college.com,password123,student,ECE,true,true
Karan Shah,student7107@college.com,password123,student,IT,true,true
Meera Rathore,student7108@college.com,password123,student,MATH,true,true
Emily Costa,student7109@college.com,password123,student,MECH,true,true
Neha Banerjee,student7110@college.com,password123,student,PHY,true,true
Yusuf Desai,student7111@college.com,password123,student,MBA,true,true
Aryan Kumar,student7112@college.com,password123,student,CHEM,true,true
Amit Naidu,student7113@college.com,password123,student,CIVIL,true,true
Rohan Jacob,student7114@college.com,password123,student,CSE,true,true
Vikram Fernandes,student7115@college.com,password123,student,EEE,true,true
Farhan Reddy,student7116@college.com,password123,student,ECE,true,true
Ishaan Chauhan,student7117@college.com,password123,student,IT,true,true
Sarah Reddy,student7118@college.com,password123,student,MATH,true,true
Sara Nair,student7119@college.com,password123,student,MECH,true,true
Nikhil Verma,student7120@college.com,password123,student,PHY,true,true
Emma Chauhan,student7121@college.com,password123,student,MBA,true,true
Kabir Malhotra,student7122@college.com,password123,student,CHEM,true,true
Vivaan Khan,student7123@college.com,password123,student,CIVIL,true,true
Imran Hussain,student7124@college.com,password123,student,CSE,true,true
Tara Mehta,student7125@college.com,password123,student,EEE,true,true
Rahul Nair,student7126@college.com,password123,student,ECE,true,true
Grace D'Souza,student7127@college.com,password123,student,IT,true,true
Sai Mehta,student7128@college.com,password123,student,MATH,true,true
Saanvi Mukherjee,student7129@college.com,password123,student,MECH,true,true
Ishaan Desai,student7130@college.com,password123,student,PHY,true,true
Neha Naidu,student7131@college.com,password123,student,MBA,true,true
Neha Bansal,student7132@college.com,password123,student,CHEM,true,true
Vihaan Rathore,student7133@college.com,password123,student,CIVIL,true,true
Amit Shah,student7134@college.com,password123,student,CSE,true,true
Reyansh Singh,student7135@college.com,password123,student,EEE,true,true
Farhan Joshi,student7136@college.com,password123,student,ECE,true,true
Fatima Naidu,student7137@college.com,password123,student,IT,true,true
Aryan Chopra,student7138@college.com,password123,student,MATH,true,true
Aryan Desai,student7139@college.com,password123,student,MECH,true,true
Kabir Rodrigues,student7140@college.com,password123,student,PHY,true,true
Amit Hussain,student7141@college.com,password123,student,MBA,true,true
Lakshmi Ahmed,student7142@college.com,password123,student,CHEM,true,true
Pooja Naidu,student7143@college.com,password123,student,CIVIL,true,true
Reyansh Jacob,student7144@college.com,password123,student,CSE,true,true
Vihaan George,student7145@college.com,password123,student,EEE,true,true
Nikhil Nair,student7146@college.com,password123,student,ECE,true,true
Karan Nair,student7147@college.com,password123,student,IT,true,true
Vihaan Gupta,student7148@college.com,password123,student,MATH,true,true
Anita Malhotra,student7149@college.com,password123,student,MECH,true,true
Nikhil Kumar,student7150@college.com,password123,student,PHY,true,true
Sneha Reddy,student7151@college.com,password123,student,MBA,true,true
Amit Das,student7152@college.com,password123,student,CHEM,true,true
Sarah Costa,student7153@college.com,password123,student,CIVIL,true,true
Zoya Pandey,student7154@college.com,password123,student,CSE,true,true
Priya Desai,student7155@college.com,password123,student,EEE,true,true
Priya Reddy,student7156@college.com,password123,student,ECE,true,true
Karan Tiwari,student7157@college.com,password123,student,IT,true,true
Michael Varghese,student7158@college.com,password123,student,MATH,true,true
Amit Ahmed,student7159@college.com,password123,student,MECH,true,true
Dhruv Rao,student7160@college.com,password123,student,PHY,true,true
David Mukherjee,student7161@college.com,password123,student,MBA,true,true
Isha Thomas,student7162@college.com,password123,student,CHEM,true,true
Suresh Pandey,student7163@college.com,password123,student,CIVIL,true,true
Lakshmi Chopra,student7164@college.com,password123,student,CSE,true,true
Fatima Sharma,student7165@college.com,password123,student,EEE,true,true
Reyansh Chatterjee,student7166@college.com,password123,student,ECE,true,true
Neha Varghese,student7167@college.com,password123,student,IT,true,true
Radha Khan,student7168@college.com,password123,student,MATH,true,true
Sara Khanna,student7169@college.com,password123,student,MECH,true,true
Robert Varghese,student7170@college.com,password123,student,PHY,true,true
Nikhil Rao,student7171@college.com,password123,student,MBA,true,true
Ananya Jacob,student7172@college.com,password123,student,CHEM,true,true
Arjun Rao,student7173@college.com,password123,student,CIVIL,true,true
Kabir Bansal,student7174@college.com,password123,student,CSE,true,true
Emma Chauhan,student7175@college.com,password123,student,EEE,true,true
Ishaan Sharma,student7176@college.com,password123,student,ECE,true,true
Imran Khan,student7177@college.com,password123,student,IT,true,true
Saanvi Bansal,student7178@college.com,password123,student,MATH,true,true
Vivaan Chatterjee,student7179@college.com,password123,student,MECH,true,true
Rahul Kumar,student7180@college.com,password123,student,PHY,true,true
Rohan Jacob,student7181@college.com,password123,student,MBA,true,true
Aliya Sharma,student7182@college.com,password123,student,CHEM,true,true
Lakshmi Mehta,student7183@college.com,password123,student,CIVIL,true,true
Anjali Pinto,student7184@college.com,password123,student,CSE,true,true
Aarav Ahmed,student7185@college.com,password123,student,EEE,true,true
Emily Bose,student7186@college.com,password123,student,ECE,true,true
Anjali Nair,student7187@college.com,password123,student,IT,true,true
Aditya Verma,student7188@college.com,password123,student,MATH,true,true
Anita Jacob,student7189@college.com,password123,student,MECH,true,true
Suresh Das,student7190@college.com,password123,student,PHY,true,true
Pooja Ali,student7191@college.com,password123,student,MBA,true,true
Rohan Dubey,student7192@college.com,password123,student,CHEM,true,true
Ishaan Yadav,student7193@college.com,password123,student,CIVIL,true,true
Reyansh Reddy,student7194@college.com,password123,student,CSE,true,true
Vikram Mishra,student7195@college.com,password123,student,EEE,true,true
Diya Rathore,student7196@college.com,password123,student,ECE,true,true
Divya Mishra,student7197@college.com,password123,student,IT,true,true
Isha Sheikh,student7198@college.com,password123,student,MATH,true,true
Rahul Mathew,student7199@college.com,password123,student,MECH,true,true
Divya Kapoor,student7200@college.com,password123,student,PHY,true,true
Kavya Chauhan,student7201@college.com,password123,student,MBA,true,true
Aarav Mehta,student7202@college.com,password123,student,CHEM,true,true
Vikram Pandey,student7203@college.com,password123,student,CIVIL,true,true
Diya Hussain,student7204@college.com,password123,student,CSE,true,true
Yusuf Mathew,student7205@college.com,password123,student,EEE,true,true
Robert Rodrigues,student7206@college.com,password123,student,ECE,true,true
Anjali Nair,student7207@college.com,password123,student,IT,true,true
Amit Jacob,student7208@college.com,password123,student,MATH,true,true
Pooja Tiwari,student7209@college.com,password123,student,MECH,true,true
Mohammed Verma,student7210@college.com,password123,student,PHY,true,true
Ishaan Pillai,student7211@college.com,password123,student,MBA,true,true
Robert Das,student7212@college.com,password123,student,CHEM,true,true
Imran Menon,student7213@college.com,password123,student,CIVIL,true,true
Isha Ahmed,student7214@college.com,password123,student,CSE,true,true
Vivaan Bose,student7215@college.com,password123,student,EEE,true,true
Anita Mishra,student7216@college.com,password123,student,ECE,true,true
Zoya Naidu,student7217@college.com,password123,student,IT,true,true
Kavya Mukherjee,student7218@college.com,password123,student,MATH,true,true
Sara Patel,student7219@college.com,password123,student,MECH,true,true
Aryan Joshi,student7220@college.com,password123,student,PHY,true,true
Mohammed Reddy,student7221@college.com,password123,student,MBA,true,true
Amit Thomas,student7222@college.com,password123,student,CHEM,true,true
Sameer Sheikh,student7223@college.com,password123,student,CIVIL,true,true
Emma Rathore,student7224@college.com,password123,student,CSE,true,true
Sarah Hussain,student7225@college.com,password123,student,EEE,true,true
Kabir Kapoor,student7226@college.com,password123,student,ECE,true,true
Olivia Jacob,student7227@college.com,password123,student,IT,true,true
Isha Bansal,student7228@college.com,password123,student,MATH,true,true
Priya Pinto,student7229@college.com,password123,student,MECH,true,true
Riya Malhotra,student7230@college.com,password123,student,PHY,true,true
Vikram Banerjee,student7231@college.com,password123,student,MBA,true,true
Aditya Pinto,student7232@college.com,password123,student,CHEM,true,true
Pooja Varghese,student7233@college.com,password123,student,CIVIL,true,true
Diya Costa,student7234@college.com,password123,student,CSE,true,true
Ayaan Naidu,student7235@college.com,password123,student,EEE,true,true
David Chauhan,student7236@college.com,password123,student,ECE,true,true
Anita Mehta,student7237@college.com,password123,student,IT,true,true
Suresh Nair,student7238@college.com,password123,student,MATH,true,true
Aarav Ahmed,student7239@college.com,password123,student,MECH,true,true
Grace Jacob,student7240@college.com,password123,student,PHY,true,true
Ishaan Chauhan,student7241@college.com,password123,student,MBA,true,true
Sameer Menon,student7242@college.com,password123,student,CHEM,true,true
Pooja Chopra,student7243@college.com,password123,student,CIVIL,true,true
Radha D'Souza,student7244@college.com,password123,student,CSE,true,true
Imran Rao,student7245@college.com,password123,student,EEE,true,true
Vikram Ahmed,student7246@college.com,password123,student,ECE,true,true
Suresh Kumar,student7247@college.com,password123,student,IT,true,true
John Chopra,student7248@college.com,password123,student,MATH,true,true
Aarav Chauhan,student7249@college.com,password123,student,MECH,true,true
Aditya Mukherjee,student7250@college.com,password123,student,PHY,true,true
Suresh Pinto,student7251@college.com,password123,student,MBA,true,true
Ayaan Singh,student7252@college.com,password123,student,CHEM,true,true
Divya Khanna,student7253@college.com,password123,student,CIVIL,true,true
Aarav Naidu,student7254@college.com,password123,student,CSE,true,true
Isha Mathew,student7255@college.com,password123,student,EEE,true,true
James Sharma,student7256@college.com,password123,student,ECE,true,true
Vihaan Kapoor,student7257@college.com,password123,student,IT,true,true
Krishna Mehta,student7258@college.com,password123,student,MATH,true,true
Sarah Chopra,student7259@college.com,password123,student,MECH,true,true
David Ali,student7260@college.com,password123,student,PHY,true,true
Imran Yadav,student7261@college.com,password123,student,MBA,true,true
Swati Menon,student7262@college.com,password123,student,CHEM,true,true
Sai Pandey,student7263@college.com,password123,student,CIVIL,true,true
Amit Menon,student7264@college.com,password123,student,CSE,true,true
Fatima Banerjee,student7265@college.com,password123,student,EEE,true,true
Saanvi Pinto,student7266@college.com,password123,student,ECE,true,true
Olivia Patel,student7267@college.com,password123,student,IT,true,true
Suresh Das,student7268@college.com,password123,student,MATH,true,true
Aditya Khan,student7269@college.com,password123,student,MECH,true,true
Grace Mehta,student7270@college.com,password123,student,PHY,true,true
Nikhil Jacob,student7271@college.com,password123,student,MBA,true,true
Mohammed Joshi,student7272@college.com,password123,student,CHEM,true,true
Saanvi Desai,student7273@college.com,password123,student,CIVIL,true,true
Emma Reddy,student7274@college.com,password123,student,CSE,true,true
Emma Kapoor,student7275@college.com,password123,student,EEE,true,true
Olivia Khanna,student7276@college.com,password123,student,ECE,true,true
Lakshmi Khanna,student7277@college.com,password123,student,IT,true,true
Kabir Fernandes,student7278@college.com,password123,student,MATH,true,true
Saanvi Jacob,student7279@college.com,password123,student,MECH,true,true
Sarah Agarwal,student7280@college.com,password123,student,PHY,true,true
John Pinto,student7281@college.com,password123,student,MBA,true,true
Krishna Jacob,student7282@college.com,password123,student,CHEM,true,true
Yusuf Banerjee,student7283@college.com,password123,student,CIVIL,true,true
Rahul Iyer,student7284@college.com,password123,student,CSE,true,true
Riya D'Souza,student7285@college.com,password123,student,EEE,true,true
Aryan Khanna,student7286@college.com,password123,student,ECE,true,true
Vikram Patel,student7287@college.com,password123,student,IT,true,true
Vikram Fernandes,student7288@college.com,password123,student,MATH,true,true
Grace Thomas,student7289@college.com,password123,student,MECH,true,true
Zara Sheikh,student7290@college.com,password123,student,PHY,true,true
Kabir Joshi,student7291@college.com,password123,student,MBA,true,true
David Naidu,student7292@college.com,password123,student,CHEM,true,true
Reyansh Iyer,student7293@college.com,password123,student,CIVIL,true,true
Pooja Rathore,student7294@college.com,password123,student,CSE,true,true
Zoya Agarwal,student7295@college.com,password123,student,EEE,true,true
Neha Jacob,student7296@college.com,password123,student,ECE,true,true
Ayesha Mehta,student7297@college.com,password123,student,IT,true,true
Zara Mehta,student7298@college.com,password123,student,MATH,true,true
Saanvi Chauhan,student7299@college.com,password123,student,MECH,true,true
Riya Pillai,student7300@college.com,password123,student,PHY,true,true
Zara Verma,student7301@college.com,password123,student,MBA,true,true
Olivia D'Souza,student7302@college.com,password123,student,CHEM,true,true
Vivaan Yadav,student7303@college.com,password123,student,CIVIL,true,true
Riya Patel,student7304@college.com,password123,student,CSE,true,true
Aliya Iyer,student7305@college.com,password123,student,EEE,true,true
Radha Khanna,student7306@college.com,password123,student,ECE,true,true
David Bose,student7307@college.com,password123,student,IT,true,true
Kiran Ali,student7308@college.com,password123,student,MATH,true,true
Kavya Iyer,student7309@college.com,password123,student,MECH,true,true
Radha Sheikh,student7310@college.com,password123,student,PHY,true,true
Emma Fernandes,student7311@college.com,password123,student,MBA,true,true
Sarah Chopra,student7312@college.com,password123,student,CHEM,true,true
Vihaan Dubey,student7313@college.com,password123,student,CIVIL,true,true
Robert Desai,student7314@college.com,password123,student,CSE,true,true
Krishna Desai,student7315@college.com,password123,student,EEE,true,true
Imran Sharma,student7316@college.com,password123,student,ECE,true,true
Zara Dubey,student7317@college.com,password123,student,IT,true,true
Emily Hussain,student7318@college.com,password123,student,MATH,true,true
Zara Singh,student7319@college.com,password123,student,MECH,true,true
Sai Singh,student7320@college.com,password123,student,PHY,true,true
Amit George,student7321@college.com,password123,student,MBA,true,true
Reyansh Bansal,student7322@college.com,password123,student,CHEM,true,true
Lakshmi Reddy,student7323@college.com,password123,student,CIVIL,true,true
Michael Chopra,student7324@college.com,password123,student,CSE,true,true
Anita Khan,student7325@college.com,password123,student,EEE,true,true
Zoya Bansal,student7326@college.com,password123,student,ECE,true,true
Emily Singh,student7327@college.com,password123,student,IT,true,true
Ayaan Mishra,student7328@college.com,password123,student,MATH,true,true
Kiran Jacob,student7329@college.com,password123,student,MECH,true,true
Neha Mishra,student7330@college.com,password123,student,PHY,true,true
Ayesha Singh,student7331@college.com,password123,student,MBA,true,true
Zoya Mukherjee,student7332@college.com,password123,student,CHEM,true,true
Pooja Menon,student7333@college.com,password123,student,CIVIL,true,true
Swati Mishra,student7334@college.com,password123,student,CSE,true,true
Divya Iyer,student7335@college.com,password123,student,EEE,true,true
Karan Jacob,student7336@college.com,password123,student,ECE,true,true
Mohammed Menon,student7337@college.com,password123,student,IT,true,true
Vikram Thomas,student7338@college.com,password123,student,MATH,true,true
Vikram Tiwari,student7339@college.com,password123,student,MECH,true,true
Grace Sharma,student7340@college.com,password123,student,PHY,true,true
John Ahmed,student7341@college.com,password123,student,MBA,true,true
Radha Varghese,student7342@college.com,password123,student,CHEM,true,true
Aryan Nair,student7343@college.com,password123,student,CIVIL,true,true
Arjun Sharma,student7344@college.com,password123,student,CSE,true,true
Ishaan Rodrigues,student7345@college.com,password123,student,EEE,true,true
Sarah Nair,student7346@college.com,password123,student,ECE,true,true
Pooja Reddy,student7347@college.com,password123,student,IT,true,true
Nikhil Mukherjee,student7348@college.com,password123,student,MATH,true,true
Reyansh Khan,student7349@college.com,password123,student,MECH,true,true
Vivaan Ali,student7350@college.com,password123,student,PHY,true,true
Tara Desai,student7351@college.com,password123,student,MBA,true,true
Vihaan Nair,student7352@college.com,password123,student,CHEM,true,true
Vikram Desai,student7353@college.com,password123,student,CIVIL,true,true
Anjali Chatterjee,student7354@college.com,password123,student,CSE,true,true
Michael Bose,student7355@college.com,password123,student,EEE,true,true
James Sheikh,student7356@college.com,password123,student,ECE,true,true
Rahul Costa,student7357@college.com,password123,student,IT,true,true
Sameer Rathore,student7358@college.com,password123,student,MATH,true,true
Robert Mathew,student7359@college.com,password123,student,MECH,true,true
Radha Nair,student7360@college.com,password123,student,PHY,true,true
Saanvi Menon,student7361@college.com,password123,student,MBA,true,true
Mohammed Verma,student7362@college.com,password123,student,CHEM,true,true
Kabir Menon,student7363@college.com,password123,student,CIVIL,true,true
Michael Mishra,student7364@college.com,password123,student,CSE,true,true
Imran Bose,student7365@college.com,password123,student,EEE,true,true
Rohan Ali,student7366@college.com,password123,student,ECE,true,true
Sara Varghese,student7367@college.com,password123,student,IT,true,true
Sneha Banerjee,student7368@college.com,password123,student,MATH,true,true
Anjali Khan,student7369@college.com,password123,student,MECH,true,true
Suresh Chopra,student7370@college.com,password123,student,PHY,true,true
Imran Reddy,student7371@college.com,password123,student,MBA,true,true
Kiran Ahmed,student7372@college.com,password123,student,CHEM,true,true
Kavya Mathew,student7373@college.com,password123,student,CIVIL,true,true
Amit Desai,student7374@college.com,password123,student,CSE,true,true
Meera Varghese,student7375@college.com,password123,student,EEE,true,true
John Reddy,student7376@college.com,password123,student,ECE,true,true
Zara Pillai,student7377@college.com,password123,student,IT,true,true
Michael Naidu,student7378@college.com,password123,student,MATH,true,true
Ishaan Verma,student7379@college.com,password123,student,MECH,true,true
Suresh Chauhan,student7380@college.com,password123,student,PHY,true,true
Ayaan Fernandes,student7381@college.com,password123,student,MBA,true,true
Meera Sharma,student7382@college.com,password123,student,CHEM,true,true
Kiran Khanna,student7383@college.com,password123,student,CIVIL,true,true
Aditya George,student7384@college.com,password123,student,CSE,true,true
Farhan Mathew,student7385@college.com,password123,student,EEE,true,true
Radha Rathore,student7386@college.com,password123,student,ECE,true,true
Aditya Mehta,student7387@college.com,password123,student,IT,true,true
Krishna Chauhan,student7388@college.com,password123,student,MATH,true,true
Sarah Tiwari,student7389@college.com,password123,student,MECH,true,true
Zara Malhotra,student7390@college.com,password123,student,PHY,true,true
Aarav Rao,student7391@college.com,password123,student,MBA,true,true
Isha Ali,student7392@college.com,password123,student,CHEM,true,true
Robert Ali,student7393@college.com,password123,student,CIVIL,true,true
Dhruv Mehta,student7394@college.com,password123,student,CSE,true,true
Emma Pandey,student7395@college.com,password123,student,EEE,true,true
Pooja Joshi,student7396@college.com,password123,student,ECE,true,true
Neha Kumar,student7397@college.com,password123,student,IT,true,true
Kabir George,student7398@college.com,password123,student,MATH,true,true
Ishaan Mehta,student7399@college.com,password123,student,MECH,true,true
Farhan Tiwari,student7400@college.com,password123,student,PHY,true,true
Anita Bansal,student7401@college.com,password123,student,MBA,true,true
Zara Pandey,student7402@college.com,password123,student,CHEM,true,true
Robert Iyer,student7403@college.com,password123,student,CIVIL,true,true
Amit Dubey,student7404@college.com,password123,student,CSE,true,true
Imran Khanna,student7405@college.com,password123,student,EEE,true,true
Grace Desai,student7406@college.com,password123,student,ECE,true,true
Arjun George,student7407@college.com,password123,student,IT,true,true
Anjali Joshi,student7408@college.com,password123,student,MATH,true,true
Anjali Rodrigues,student7409@college.com,password123,student,MECH,true,true
Imran Chatterjee,student7410@college.com,password123,student,PHY,true,true
Anita Pandey,student7411@college.com,password123,student,MBA,true,true
Grace Ali,student7412@college.com,password123,student,CHEM,true,true
Yusuf Mathew,student7413@college.com,password123,student,CIVIL,true,true
Pooja Kapoor,student7414@college.com,password123,student,CSE,true,true
Krishna Varghese,student7415@college.com,password123,student,EEE,true,true
Ananya Pinto,student7416@college.com,password123,student,ECE,true,true
Kiran Mehta,student7417@college.com,password123,student,IT,true,true
Kiran Costa,student7418@college.com,password123,student,MATH,true,true
James Desai,student7419@college.com,password123,student,MECH,true,true
Arjun Gupta,student7420@college.com,password123,student,PHY,true,true
Vivaan Tiwari,student7421@college.com,password123,student,MBA,true,true
Rohan Das,student7422@college.com,password123,student,CHEM,true,true
Reyansh Mathew,student7423@college.com,password123,student,CIVIL,true,true
Reyansh Ahmed,student7424@college.com,password123,student,CSE,true,true
Grace Jacob,student7425@college.com,password123,student,EEE,true,true
Anjali Agarwal,student7426@college.com,password123,student,ECE,true,true
Aliya Das,student7427@college.com,password123,student,IT,true,true
Yusuf Tiwari,student7428@college.com,password123,student,MATH,true,true
David Bose,student7429@college.com,password123,student,MECH,true,true
Reyansh Chatterjee,student7430@college.com,password123,student,PHY,true,true
Fatima Joshi,student7431@college.com,password123,student,MBA,true,true
Aliya Pillai,student7432@college.com,password123,student,CHEM,true,true
Grace Kumar,student7433@college.com,password123,student,CIVIL,true,true
Vihaan Costa,student7434@college.com,password123,student,CSE,true,true
Rahul Nair,student7435@college.com,password123,student,EEE,true,true
Aditya Mishra,student7436@college.com,password123,student,ECE,true,true
Arjun Rathore,student7437@college.com,password123,student,IT,true,true
Aliya Shah,student7438@college.com,password123,student,MATH,true,true
Lakshmi Thomas,student7439@college.com,password123,student,MECH,true,true
James Verma,student7440@college.com,password123,student,PHY,true,true
Grace Chatterjee,student7441@college.com,password123,student,MBA,true,true
Ananya Reddy,student7442@college.com,password123,student,CHEM,true,true
Zoya Rathore,student7443@college.com,password123,student,CIVIL,true,true
Meera Iyer,student7444@college.com,password123,student,CSE,true,true
Mohammed Fernandes,student7445@college.com,password123,student,EEE,true,true
Swati Banerjee,student7446@college.com,password123,student,ECE,true,true
Aryan Kapoor,student7447@college.com,password123,student,IT,true,true
Divya Rathore,student7448@college.com,password123,student,MATH,true,true
Sameer Chopra,student7449@college.com,password123,student,MECH,true,true
Karan Banerjee,student7450@college.com,password123,student,PHY,true,true
Sara Rao,student7451@college.com,password123,student,MBA,true,true
Saanvi Hussain,student7452@college.com,password123,student,CHEM,true,true
John Banerjee,student7453@college.com,password123,student,CIVIL,true,true
Sai Pinto,student7454@college.com,password123,student,CSE,true,true
Vivaan Thomas,student7455@college.com,password123,student,EEE,true,true
Imran Reddy,student7456@college.com,password123,student,ECE,true,true
Dhruv Gupta,student7457@college.com,password123,student,IT,true,true
John Iyer,student7458@college.com,password123,student,MATH,true,true
Emma Sharma,student7459@college.com,password123,student,MECH,true,true
Kavya Yadav,student7460@college.com,password123,student,PHY,true,true
Riya Fernandes,student7461@college.com,password123,student,MBA,true,true
Sneha Kumar,student7462@college.com,password123,student,CHEM,true,true
Diya Chatterjee,student7463@college.com,password123,student,CIVIL,true,true
Sameer Tiwari,student7464@college.com,password123,student,CSE,true,true
Olivia Tiwari,student7465@college.com,password123,student,EEE,true,true
Farhan Hussain,student7466@college.com,password123,student,ECE,true,true
Divya Banerjee,student7467@college.com,password123,student,IT,true,true
James Mukherjee,student7468@college.com,password123,student,MATH,true,true
Anita Khan,student7469@college.com,password123,student,MECH,true,true
Neha Mehta,student7470@college.com,password123,student,PHY,true,true
Isha Costa,student7471@college.com,password123,student,MBA,true,true
Emma D'Souza,student7472@college.com,password123,student,CHEM,true,true
Robert Iyer,student7473@college.com,password123,student,CIVIL,true,true
John Kumar,student7474@college.com,password123,student,CSE,true,true
Tara Naidu,student7475@college.com,password123,student,EEE,true,true
Mohammed Joshi,student7476@college.com,password123,student,ECE,true,true
Emily Kumar,student7477@college.com,password123,student,IT,true,true
Anita Patel,student7478@college.com,password123,student,MATH,true,true
Krishna Hussain,student7479@college.com,password123,student,MECH,true,true
Vikram Reddy,student7480@college.com,password123,student,PHY,true,true
Ayaan Ahmed,student7481@college.com,password123,student,MBA,true,true
Karan Singh,student7482@college.com,password123,student,CHEM,true,true
Lakshmi Sheikh,student7483@college.com,password123,student,CIVIL,true,true
Diya Verma,student7484@college.com,password123,student,CSE,true,true
Karan Chopra,student7485@college.com,password123,student,EEE,true,true
Grace Kapoor,student7486@college.com,password123,student,ECE,true,true
Meera Pandey,student7487@college.com,password123,student,IT,true,true
Isha Kumar,student7488@college.com,password123,student,MATH,true,true
Emily Rao,student7489@college.com,password123,student,MECH,true,true
Suresh Kumar,student7490@college.com,password123,student,PHY,true,true
Sneha Fernandes,student7491@college.com,password123,student,MBA,true,true
Nikhil Hussain,student7492@college.com,password123,student,CHEM,true,true
Grace Costa,student7493@college.com,password123,student,CIVIL,true,true
Neha Khanna,student7494@college.com,password123,student,CSE,true,true
Priya Costa,student7495@college.com,password123,student,EEE,true,true
Vihaan Sheikh,student7496@college.com,password123,student,ECE,true,true
Zoya Nair,student7497@college.com,password123,student,IT,true,true
Kiran Khan,student7498@college.com,password123,student,MATH,true,true
Grace Kapoor,student7499@college.com,password123,student,MECH,true,true
Farhan Verma,student7500@college.com,password123,student,PHY,true,true
Aditya Bansal,student7501@college.com,password123,student,MBA,true,true
Riya Kapoor,student7502@college.com,password123,student,CHEM,true,true
Aryan Bansal,student7503@college.com,password123,student,CIVIL,true,true
Sarah Dubey,student7504@college.com,password123,student,CSE,true,true
Vihaan Iyer,student7505@college.com,password123,student,EEE,true,true
Dhruv D'Souza,student7506@college.com,password123,student,ECE,true,true
Michael Tiwari,student7507@college.com,password123,student,IT,true,true
Diya Dubey,student7508@college.com,password123,student,MATH,true,true
Imran Singh,student7509@college.com,password123,student,MECH,true,true
Nikhil Ahmed,student7510@college.com,password123,student,PHY,true,true
Arjun Fernandes,student7511@college.com,password123,student,MBA,true,true
Emma Costa,student7512@college.com,password123,student,CHEM,true,true
Zoya Dubey,student7513@college.com,password123,student,CIVIL,true,true
John Gupta,student7514@college.com,password123,student,CSE,true,true
Isha Kumar,student7515@college.com,password123,student,EEE,true,true
Riya Rodrigues,student7516@college.com,password123,student,ECE,true,true
Sara Costa,student7517@college.com,password123,student,IT,true,true
Grace Patel,student7518@college.com,password123,student,MATH,true,true
Sarah D'Souza,student7519@college.com,password123,student,MECH,true,true
Anjali Iyer,student7520@college.com,password123,student,PHY,true,true
Amit Tiwari,student7521@college.com,password123,student,MBA,true,true
Aditya Reddy,student7522@college.com,password123,student,CHEM,true,true
Aditya Ahmed,student7523@college.com,password123,student,CIVIL,true,true
Neha Das,student7524@college.com,password123,student,CSE,true,true
Farhan Mehta,student7525@college.com,password123,student,EEE,true,true
Saanvi Khan,student7526@college.com,password123,student,ECE,true,true
Vikram Das,student7527@college.com,password123,student,IT,true,true
Vivaan Singh,student7528@college.com,password123,student,MATH,true,true
Vivaan Yadav,student7529@college.com,password123,student,MECH,true,true
David Banerjee,student7530@college.com,password123,student,PHY,true,true
Sneha Rodrigues,student7531@college.com,password123,student,MBA,true,true
Emily Joshi,student7532@college.com,password123,student,CHEM,true,true
Sameer Jacob,student7533@college.com,password123,student,CIVIL,true,true
Sara Verma,student7534@college.com,password123,student,CSE,true,true
Swati Khan,student7535@college.com,password123,student,EEE,true,true
Vihaan Joshi,student7536@college.com,password123,student,ECE,true,true
Yusuf Joshi,student7537@college.com,password123,student,IT,true,true
Zoya Iyer,student7538@college.com,password123,student,MATH,true,true
Saanvi Varghese,student7539@college.com,password123,student,MECH,true,true
Saanvi D'Souza,student7540@college.com,password123,student,PHY,true,true
Krishna Nair,student7541@college.com,password123,student,MBA,true,true
Tara Nair,student7542@college.com,password123,student,CHEM,true,true
Emma Costa,student7543@college.com,password123,student,CIVIL,true,true
Emma Shah,student7544@college.com,password123,student,CSE,true,true
Isha Banerjee,student7545@college.com,password123,student,EEE,true,true
Diya Naidu,student7546@college.com,password123,student,ECE,true,true
Olivia Singh,student7547@college.com,password123,student,IT,true,true
Nikhil Das,student7548@college.com,password123,student,MATH,true,true
Sai Pinto,student7549@college.com,password123,student,MECH,true,true
Aarav Das,student7550@college.com,password123,student,PHY,true,true
Riya Mishra,student7551@college.com,password123,student,MBA,true,true
Aliya Sheikh,student7552@college.com,password123,student,CHEM,true,true
Anita Gupta,student7553@college.com,password123,student,CIVIL,true,true
John Sharma,student7554@college.com,password123,student,CSE,true,true
Emily Tiwari,student7555@college.com,password123,student,EEE,true,true
Nikhil Singh,student7556@college.com,password123,student,ECE,true,true
Arjun Singh,student7557@college.com,password123,student,IT,true,true
Krishna Rathore,student7558@college.com,password123,student,MATH,true,true
Kabir Chopra,student7559@college.com,password123,student,MECH,true,true
Aditya Agarwal,student7560@college.com,password123,student,PHY,true,true
Isha Rodrigues,student7561@college.com,password123,student,MBA,true,true
Farhan Bose,student7562@college.com,password123,student,CHEM,true,true
Suresh Iyer,student7563@college.com,password123,student,CIVIL,true,true
Lakshmi Desai,student7564@college.com,password123,student,CSE,true,true
Anjali Mathew,student7565@college.com,password123,student,EEE,true,true
Ayaan Mathew,student7566@college.com,password123,student,ECE,true,true
Arjun Kumar,student7567@college.com,password123,student,IT,true,true
Rahul Sheikh,student7568@college.com,password123,student,MATH,true,true
Dhruv Ahmed,student7569@college.com,password123,student,MECH,true,true
Ayesha Mishra,student7570@college.com,password123,student,PHY,true,true
Michael Mehta,student7571@college.com,password123,student,MBA,true,true
Emma Das,student7572@college.com,password123,student,CHEM,true,true
Tara Pandey,student7573@college.com,password123,student,CIVIL,true,true
Vikram Shah,student7574@college.com,password123,student,CSE,true,true
Yusuf D'Souza,student7575@college.com,password123,student,EEE,true,true
Suresh George,student7576@college.com,password123,student,ECE,true,true
Nikhil Hussain,student7577@college.com,password123,student,IT,true,true
Emma Malhotra,student7578@college.com,password123,student,MATH,true,true
Ananya Varghese,student7579@college.com,password123,student,MECH,true,true
Sneha Ali,student7580@college.com,password123,student,PHY,true,true
Reyansh Singh,student7581@college.com,password123,student,MBA,true,true
Isha Pillai,student7582@college.com,password123,student,CHEM,true,true
Ayesha Costa,student7583@college.com,password123,student,CIVIL,true,true
Divya Malhotra,student7584@college.com,password123,student,CSE,true,true
Sai Mukherjee,student7585@college.com,password123,student,EEE,true,true
Olivia Iyer,student7586@college.com,password123,student,ECE,true,true
James Hussain,student7587@college.com,password123,student,IT,true,true
Karan Khanna,student7588@college.com,password123,student,MATH,true,true
Sara D'Souza,student7589@college.com,password123,student,MECH,true,true
Dhruv Nair,student7590@college.com,password123,student,PHY,true,true
Kavya Tiwari,student7591@college.com,password123,student,MBA,true,true
Michael Menon,student7592@college.com,password123,student,CHEM,true,true
Aditya Bose,student7593@college.com,password123,student,CIVIL,true,true
Zoya Rathore,student7594@college.com,password123,student,CSE,true,true
Farhan Dubey,student7595@college.com,password123,student,EEE,true,true
Zara Nair,student7596@college.com,password123,student,ECE,true,true
Vivaan Ahmed,student7597@college.com,password123,student,IT,true,true
James Gupta,student7598@college.com,password123,student,MATH,true,true
Amit Malhotra,student7599@college.com,password123,student,MECH,true,true
Kiran Joshi,student7600@college.com,password123,student,PHY,true,true
Vikram Patel,student7601@college.com,password123,student,MBA,true,true
Vihaan Malhotra,student7602@college.com,password123,student,CHEM,true,true
Robert Costa,student7603@college.com,password123,student,CIVIL,true,true
Meera Ahmed,student7604@college.com,password123,student,CSE,true,true
Vivaan Joshi,student7605@college.com,password123,student,EEE,true,true
Meera Rathore,student7606@college.com,password123,student,ECE,true,true
Aditya Das,student7607@college.com,password123,student,IT,true,true
Dhruv Joshi,student7608@college.com,password123,student,MATH,true,true
Kabir Mathew,student7609@college.com,password123,student,MECH,true,true
Saanvi Sheikh,student7610@college.com,password123,student,PHY,true,true
Vihaan Mathew,student7611@college.com,password123,student,MBA,true,true
Vikram Gupta,student7612@college.com,password123,student,CHEM,true,true
Sneha Dubey,student7613@college.com,password123,student,CIVIL,true,true
Isha Verma,student7614@college.com,password123,student,CSE,true,true
Olivia Rodrigues,student7615@college.com,password123,student,EEE,true,true
Aliya Bansal,student7616@college.com,password123,student,ECE,true,true
Grace Kapoor,student7617@college.com,password123,student,IT,true,true
John Dubey,student7618@college.com,password123,student,MATH,true,true
Kiran Mukherjee,student7619@college.com,password123,student,MECH,true,true
Aliya Verma,student7620@college.com,password123,student,PHY,true,true
Diya Tiwari,student7621@college.com,password123,student,MBA,true,true
James Costa,student7622@college.com,password123,student,CHEM,true,true
Saanvi Naidu,student7623@college.com,password123,student,CIVIL,true,true
David Tiwari,student7624@college.com,password123,student,CSE,true,true
Grace Mishra,student7625@college.com,password123,student,EEE,true,true
Aliya Singh,student7626@college.com,password123,student,ECE,true,true
John Reddy,student7627@college.com,password123,student,IT,true,true
Swati Joshi,student7628@college.com,password123,student,MATH,true,true
Fatima Jacob,student7629@college.com,password123,student,MECH,true,true
Suresh Sheikh,student7630@college.com,password123,student,PHY,true,true
Zara Naidu,student7631@college.com,password123,student,MBA,true,true
Anita Tiwari,student7632@college.com,password123,student,CHEM,true,true
Anita Yadav,student7633@college.com,password123,student,CIVIL,true,true
Pooja Kapoor,student7634@college.com,password123,student,CSE,true,true
Rohan Joshi,student7635@college.com,password123,student,EEE,true,true
Zara Mishra,student7636@college.com,password123,student,ECE,true,true
Grace Bose,student7637@college.com,password123,student,IT,true,true
Krishna Sharma,student7638@college.com,password123,student,MATH,true,true
Amit Jacob,student7639@college.com,password123,student,MECH,true,true
Amit Patel,student7640@college.com,password123,student,PHY,true,true
Nikhil Yadav,student7641@college.com,password123,student,MBA,true,true
Sneha Chopra,student7642@college.com,password123,student,CHEM,true,true
Diya Fernandes,student7643@college.com,password123,student,CIVIL,true,true
Priya Gupta,student7644@college.com,password123,student,CSE,true,true
Radha Malhotra,student7645@college.com,password123,student,EEE,true,true
Kavya Malhotra,student7646@college.com,password123,student,ECE,true,true
Imran Kapoor,student7647@college.com,password123,student,IT,true,true
David George,student7648@college.com,password123,student,MATH,true,true
John Yadav,student7649@college.com,password123,student,MECH,true,true
Lakshmi Sharma,student7650@college.com,password123,student,PHY,true,true
Ayaan Khanna,student7651@college.com,password123,student,MBA,true,true
Anita Mathew,student7652@college.com,password123,student,CHEM,true,true
Ananya Kapoor,student7653@college.com,password123,student,CIVIL,true,true
Robert Chatterjee,student7654@college.com,password123,student,CSE,true,true
Tara Chauhan,student7655@college.com,password123,student,EEE,true,true
Vivaan Rathore,student7656@college.com,password123,student,ECE,true,true
Aarav Chauhan,student7657@college.com,password123,student,IT,true,true
Aditya Mehta,student7658@college.com,password123,student,MATH,true,true
Anjali Thomas,student7659@college.com,password123,student,MECH,true,true
Robert D'Souza,student7660@college.com,password123,student,PHY,true,true
Dhruv Pillai,student7661@college.com,password123,student,MBA,true,true
Vihaan Pinto,student7662@college.com,password123,student,CHEM,true,true
Sai Malhotra,student7663@college.com,password123,student,CIVIL,true,true
Emma Costa,student7664@college.com,password123,student,CSE,true,true
Swati Agarwal,student7665@college.com,password123,student,EEE,true,true
Arjun Rathore,student7666@college.com,password123,student,ECE,true,true
Kabir Kapoor,student7667@college.com,password123,student,IT,true,true
Yusuf Malhotra,student7668@college.com,password123,student,MATH,true,true
Rahul Ahmed,student7669@college.com,password123,student,MECH,true,true
Krishna Das,student7670@college.com,password123,student,PHY,true,true
Mohammed Chatterjee,student7671@college.com,password123,student,MBA,true,true
Ishaan Costa,student7672@college.com,password123,student,CHEM,true,true
Farhan Singh,student7673@college.com,password123,student,CIVIL,true,true
Karan Nair,student7674@college.com,password123,student,CSE,true,true
Farhan Gupta,student7675@college.com,password123,student,EEE,true,true
Kabir Jacob,student7676@college.com,password123,student,ECE,true,true
Neha Rathore,student7677@college.com,password123,student,IT,true,true
Kiran Agarwal,student7678@college.com,password123,student,MATH,true,true
Aditya D'Souza,student7679@college.com,password123,student,MECH,true,true
Ayesha Das,student7680@college.com,password123,student,PHY,true,true
Vihaan Pandey,student7681@college.com,password123,student,MBA,true,true
Rahul Kapoor,student7682@college.com,password123,student,CHEM,true,true
Vivaan Jacob,student7683@college.com,password123,student,CIVIL,true,true
Robert Mehta,student7684@college.com,password123,student,CSE,true,true
Sneha Pandey,student7685@college.com,password123,student,EEE,true,true
Aditya Rodrigues,student7686@college.com,password123,student,ECE,true,true
Nikhil Mehta,student7687@college.com,password123,student,IT,true,true
Reyansh Kumar,student7688@college.com,password123,student,MATH,true,true
Neha Rathore,student7689@college.com,password123,student,MECH,true,true
Ayaan Ali,student7690@college.com,password123,student,PHY,true,true
Arjun Bose,student7691@college.com,password123,student,MBA,true,true
Dhruv Agarwal,student7692@college.com,password123,student,CHEM,true,true
Anita Shah,student7693@college.com,password123,student,CIVIL,true,true
James Jacob,student7694@college.com,password123,student,CSE,true,true
Riya Kumar,student7695@college.com,password123,student,EEE,true,true
Farhan Naidu,student7696@college.com,password123,student,ECE,true,true
Sarah Chopra,student7697@college.com,password123,student,IT,true,true
Ishaan Verma,student7698@college.com,password123,student,MATH,true,true
Ananya Rodrigues,student7699@college.com,password123,student,MECH,true,true
David Shah,student7700@college.com,password123,student,PHY,true,true
Diya Pillai,student7701@college.com,password123,student,MBA,true,true
Emma George,student7702@college.com,password123,student,CHEM,true,true
Kavya Khan,student7703@college.com,password123,student,CIVIL,true,true
Suresh Costa,student7704@college.com,password123,student,CSE,true,true
Vivaan Rao,student7705@college.com,password123,student,EEE,true,true
Kavya Gupta,student7706@college.com,password123,student,ECE,true,true
Suresh Menon,student7707@college.com,password123,student,IT,true,true
Olivia Pinto,student7708@college.com,password123,student,MATH,true,true
Vivaan Reddy,student7709@college.com,password123,student,MECH,true,true
Lakshmi Mukherjee,student7710@college.com,password123,student,PHY,true,true
John Agarwal,student7711@college.com,password123,student,MBA,true,true
Neha Pandey,student7712@college.com,password123,student,CHEM,true,true
Yusuf Mishra,student7713@college.com,password123,student,CIVIL,true,true
Neha Pinto,student7714@college.com,password123,student,CSE,true,true
Ayesha Mehta,student7715@college.com,password123,student,EEE,true,true
Dhruv Joshi,student7716@college.com,password123,student,ECE,true,true
James Pinto,student7717@college.com,password123,student,IT,true,true
Aditya Mathew,student7718@college.com,password123,student,MATH,true,true
Fatima Menon,student7719@college.com,password123,student,MECH,true,true
Meera Dubey,student7720@college.com,password123,student,PHY,true,true
Farhan Patel,student7721@college.com,password123,student,MBA,true,true
Arjun Das,student7722@college.com,password123,student,CHEM,true,true
Anita Ali,student7723@college.com,password123,student,CIVIL,true,true
Anita Thomas,student7724@college.com,password123,student,CSE,true,true
Swati Tiwari,student7725@college.com,password123,student,EEE,true,true
Riya Sheikh,student7726@college.com,password123,student,ECE,true,true
Fatima Nair,student7727@college.com,password123,student,IT,true,true
Robert Hussain,student7728@college.com,password123,student,MATH,true,true
John Singh,student7729@college.com,password123,student,MECH,true,true
Lakshmi Khan,student7730@college.com,password123,student,PHY,true,true
Imran Hussain,student7731@college.com,password123,student,MBA,true,true
Pooja Rathore,student7732@college.com,password123,student,CHEM,true,true
Ananya Malhotra,student7733@college.com,password123,student,CIVIL,true,true
Aryan Fernandes,student7734@college.com,password123,student,CSE,true,true
Suresh Bose,student7735@college.com,password123,student,EEE,true,true
Diya Bose,student7736@college.com,password123,student,ECE,true,true
John Yadav,student7737@college.com,password123,student,IT,true,true
Kavya Das,student7738@college.com,password123,student,MATH,true,true
Zara Agarwal,student7739@college.com,password123,student,MECH,true,true
Sara Nair,student7740@college.com,password123,student,PHY,true,true
Zoya Bose,student7741@college.com,password123,student,MBA,true,true
Tara Tiwari,student7742@college.com,password123,student,CHEM,true,true
Sarah Pillai,student7743@college.com,password123,student,CIVIL,true,true
Kavya Patel,student7744@college.com,password123,student,CSE,true,true
Isha D'Souza,student7745@college.com,password123,student,EEE,true,true
Neha Kumar,student7746@college.com,password123,student,ECE,true,true
Olivia Shah,student7747@college.com,password123,student,IT,true,true
Farhan Khan,student7748@college.com,password123,student,MATH,true,true
Lakshmi Das,student7749@college.com,password123,student,MECH,true,true
Tara Pillai,student7750@college.com,password123,student,PHY,true,true
Karan Fernandes,student7751@college.com,password123,student,MBA,true,true
Michael Iyer,student7752@college.com,password123,student,CHEM,true,true
Grace Sheikh,student7753@college.com,password123,student,CIVIL,true,true
Nikhil Yadav,student7754@college.com,password123,student,CSE,true,true
Olivia Pillai,student7755@college.com,password123,student,EEE,true,true
Sameer Pinto,student7756@college.com,password123,student,ECE,true,true
Imran Iyer,student7757@college.com,password123,student,IT,true,true
Lakshmi Kapoor,student7758@college.com,password123,student,MATH,true,true
David Chopra,student7759@college.com,password123,student,MECH,true,true
Diya Agarwal,student7760@college.com,password123,student,PHY,true,true
Ayaan Patel,student7761@college.com,password123,student,MBA,true,true
Riya Pillai,student7762@college.com,password123,student,CHEM,true,true
Neha Menon,student7763@college.com,password123,student,CIVIL,true,true
Anita Ahmed,student7764@college.com,password123,student,CSE,true,true
Mohammed Yadav,student7765@college.com,password123,student,EEE,true,true
Aryan Chatterjee,student7766@college.com,password123,student,ECE,true,true
Sarah Chauhan,student7767@college.com,password123,student,IT,true,true
Aarav Rao,student7768@college.com,password123,student,MATH,true,true
Ayaan Pillai,student7769@college.com,password123,student,MECH,true,true
Rahul Dubey,student7770@college.com,password123,student,PHY,true,true
Swati Pandey,student7771@college.com,password123,student,MBA,true,true
Grace Khan,student7772@college.com,password123,student,CHEM,true,true
Sara Reddy,student7773@college.com,password123,student,CIVIL,true,true
Krishna Gupta,student7774@college.com,password123,student,CSE,true,true
James Naidu,student7775@college.com,password123,student,EEE,true,true
Vivaan Varghese,student7776@college.com,password123,student,ECE,true,true
Rohan Kumar,student7777@college.com,password123,student,IT,true,true
Krishna Ali,student7778@college.com,password123,student,MATH,true,true
Emily Hussain,student7779@college.com,password123,student,MECH,true,true
Olivia Joshi,student7780@college.com,password123,student,PHY,true,true
Emma Naidu,student7781@college.com,password123,student,MBA,true,true
Isha Iyer,student7782@college.com,password123,student,CHEM,true,true
Priya Varghese,student7783@college.com,password123,student,CIVIL,true,true
Swati Bose,student7784@college.com,password123,student,CSE,true,true
Ayesha Chopra,student7785@college.com,password123,student,EEE,true,true
Ayaan Bansal,student7786@college.com,password123,student,ECE,true,true
Emma Bansal,student7787@college.com,password123,student,IT,true,true
Kiran Rodrigues,student7788@college.com,password123,student,MATH,true,true
Radha Reddy,student7789@college.com,password123,student,MECH,true,true
Fatima Gupta,student7790@college.com,password123,student,PHY,true,true
Arjun Mishra,student7791@college.com,password123,student,MBA,true,true
Olivia Mehta,student7792@college.com,password123,student,CHEM,true,true
Tara Pillai,student7793@college.com,password123,student,CIVIL,true,true
Mohammed Rathore,student7794@college.com,password123,student,CSE,true,true
Sara Naidu,student7795@college.com,password123,student,EEE,true,true
Suresh Dubey,student7796@college.com,password123,student,ECE,true,true
Anjali Varghese,student7797@college.com,password123,student,IT,true,true
Krishna Tiwari,student7798@college.com,password123,student,MATH,true,true
Kabir Tiwari,student7799@college.com,password123,student,MECH,true,true
Yusuf Pinto,student7800@college.com,password123,student,PHY,true,true
Olivia Ali,student7801@college.com,password123,student,MBA,true,true
Sai Menon,student7802@college.com,password123,student,CHEM,true,true
Emma Sharma,student7803@college.com,password123,student,CIVIL,true,true
Kiran Pinto,student7804@college.com,password123,student,CSE,true,true
Kavya Jacob,student7805@college.com,password123,student,EEE,true,true
Farhan Chauhan,student7806@college.com,password123,student,ECE,true,true
Meera Agarwal,student7807@college.com,password123,student,IT,true,true
Tara Chatterjee,student7808@college.com,password123,student,MATH,true,true
Neha Tiwari,student7809@college.com,password123,student,MECH,true,true
Kiran Malhotra,student7810@college.com,password123,student,PHY,true,true
Yusuf Reddy,student7811@college.com,password123,student,MBA,true,true
Karan Khanna,student7812@college.com,password123,student,CHEM,true,true
Divya Bansal,student7813@college.com,password123,student,CIVIL,true,true
Vihaan Fernandes,student7814@college.com,password123,student,CSE,true,true
Pooja Hussain,student7815@college.com,password123,student,EEE,true,true
Kiran Ali,student7816@college.com,password123,student,ECE,true,true
Robert Naidu,student7817@college.com,password123,student,IT,true,true
Suresh Agarwal,student7818@college.com,password123,student,MATH,true,true
Meera Agarwal,student7819@college.com,password123,student,MECH,true,true
Aliya Chatterjee,student7820@college.com,password123,student,PHY,true,true
Ishaan Gupta,student7821@college.com,password123,student,MBA,true,true
Michael Mishra,student7822@college.com,password123,student,CHEM,true,true
Sarah Tiwari,student7823@college.com,password123,student,CIVIL,true,true
Dhruv Naidu,student7824@college.com,password123,student,CSE,true,true
Pooja Malhotra,student7825@college.com,password123,student,EEE,true,true
Anita Costa,student7826@college.com,password123,student,ECE,true,true
Ananya Reddy,student7827@college.com,password123,student,IT,true,true
Isha Chopra,student7828@college.com,password123,student,MATH,true,true
Rohan Nair,student7829@college.com,password123,student,MECH,true,true
Suresh Malhotra,student7830@college.com,password123,student,PHY,true,true
Divya Rathore,student7831@college.com,password123,student,MBA,true,true
Karan Rao,student7832@college.com,password123,student,CHEM,true,true
Suresh Kapoor,student7833@college.com,password123,student,CIVIL,true,true
Lakshmi Dubey,student7834@college.com,password123,student,CSE,true,true
Reyansh Das,student7835@college.com,password123,student,EEE,true,true
Imran Malhotra,student7836@college.com,password123,student,ECE,true,true
Ishaan Reddy,student7837@college.com,password123,student,IT,true,true
Dhruv D'Souza,student7838@college.com,password123,student,MATH,true,true
James Ali,student7839@college.com,password123,student,MECH,true,true
Aliya Rao,student7840@college.com,password123,student,PHY,true,true
Vivaan Rodrigues,student7841@college.com,password123,student,MBA,true,true
Emma Gupta,student7842@college.com,password123,student,CHEM,true,true
Emma Sheikh,student7843@college.com,password123,student,CIVIL,true,true
Sneha Banerjee,student7844@college.com,password123,student,CSE,true,true
Aarav Ahmed,student7845@college.com,password123,student,EEE,true,true
James Verma,student7846@college.com,password123,student,ECE,true,true
Kavya Mukherjee,student7847@college.com,password123,student,IT,true,true
Suresh Fernandes,student7848@college.com,password123,student,MATH,true,true
Saanvi Tiwari,student7849@college.com,password123,student,MECH,true,true
Tara Hussain,student7850@college.com,password123,student,PHY,true,true
Krishna Chauhan,student7851@college.com,password123,student,MBA,true,true
Suresh Nair,student7852@college.com,password123,student,CHEM,true,true
Ayesha Pandey,student7853@college.com,password123,student,CIVIL,true,true
Olivia Nair,student7854@college.com,password123,student,CSE,true,true
Tara Naidu,student7855@college.com,password123,student,EEE,true,true
Divya Kapoor,student7856@college.com,password123,student,ECE,true,true
Sai Iyer,student7857@college.com,password123,student,IT,true,true
Amit Tiwari,student7858@college.com,password123,student,MATH,true,true
Imran Nair,student7859@college.com,password123,student,MECH,true,true
Isha Patel,student7860@college.com,password123,student,PHY,true,true
Sara Das,student7861@college.com,password123,student,MBA,true,true
Fatima Kumar,student7862@college.com,password123,student,CHEM,true,true
Ananya Rao,student7863@college.com,password123,student,CIVIL,true,true
Neha Bansal,student7864@college.com,password123,student,CSE,true,true
Amit Chauhan,student7865@college.com,password123,student,EEE,true,true
Mohammed Mishra,student7866@college.com,password123,student,ECE,true,true
Neha Jacob,student7867@college.com,password123,student,IT,true,true
Yusuf Kumar,student7868@college.com,password123,student,MATH,true,true
Ayesha Varghese,student7869@college.com,password123,student,MECH,true,true
Ananya Gupta,student7870@college.com,password123,student,PHY,true,true
Saanvi Reddy,student7871@college.com,password123,student,MBA,true,true
Grace Pandey,student7872@college.com,password123,student,CHEM,true,true
David Hussain,student7873@college.com,password123,student,CIVIL,true,true
Ananya Banerjee,student7874@college.com,password123,student,CSE,true,true
James D'Souza,student7875@college.com,password123,student,EEE,true,true
Imran Thomas,student7876@college.com,password123,student,ECE,true,true
Aditya Thomas,student7877@college.com,password123,student,IT,true,true
Mohammed Sharma,student7878@college.com,password123,student,MATH,true,true
Nikhil Iyer,student7879@college.com,password123,student,MECH,true,true
Kiran Joshi,student7880@college.com,password123,student,PHY,true,true
Emily Das,student7881@college.com,password123,student,MBA,true,true
Sameer Banerjee,student7882@college.com,password123,student,CHEM,true,true
Rahul Khan,student7883@college.com,password123,student,CIVIL,true,true
Ishaan Ahmed,student7884@college.com,password123,student,CSE,true,true
Michael Chatterjee,student7885@college.com,password123,student,EEE,true,true
Fatima Ahmed,student7886@college.com,password123,student,ECE,true,true
Suresh Iyer,student7887@college.com,password123,student,IT,true,true
Aryan Thomas,student7888@college.com,password123,student,MATH,true,true
Sarah Patel,student7889@college.com,password123,student,MECH,true,true
Pooja Tiwari,student7890@college.com,password123,student,PHY,true,true
Sara Mukherjee,student7891@college.com,password123,student,MBA,true,true
Aarav Naidu,student7892@college.com,password123,student,CHEM,true,true
Arjun Ahmed,student7893@college.com,password123,student,CIVIL,true,true
Swati Costa,student7894@college.com,password123,student,CSE,true,true
Dhruv Pandey,student7895@college.com,password123,student,EEE,true,true
Kabir Gupta,student7896@college.com,password123,student,ECE,true,true
Riya Varghese,student7897@college.com,password123,student,IT,true,true
Rahul Costa,student7898@college.com,password123,student,MATH,true,true
Meera Thomas,student7899@college.com,password123,student,MECH,true,true
Kiran Bose,student7900@college.com,password123,student,PHY,true,true
Mohammed Mehta,student7901@college.com,password123,student,MBA,true,true
Anjali Hussain,student7902@college.com,password123,student,CHEM,true,true
Imran Chatterjee,student7903@college.com,password123,student,CIVIL,true,true
Sarah Khanna,student7904@college.com,password123,student,CSE,true,true
James Das,student7905@college.com,password123,student,EEE,true,true
Sarah Chopra,student7906@college.com,password123,student,ECE,true,true
Imran Ahmed,student7907@college.com,password123,student,IT,true,true
Divya Thomas,student7908@college.com,password123,student,MATH,true,true
Priya Rodrigues,student7909@college.com,password123,student,MECH,true,true
Isha Sheikh,student7910@college.com,password123,student,PHY,true,true
Anjali Chopra,student7911@college.com,password123,student,MBA,true,true
Reyansh Das,student7912@college.com,password123,student,CHEM,true,true
Ayaan Dubey,student7913@college.com,password123,student,CIVIL,true,true
Aliya Chopra,student7914@college.com,password123,student,CSE,true,true
Riya Rathore,student7915@college.com,password123,student,EEE,true,true
Ananya Bose,student7916@college.com,password123,student,ECE,true,true
Imran Naidu,student7917@college.com,password123,student,IT,true,true
Ayaan Chatterjee,student7918@college.com,password123,student,MATH,true,true
Zara Agarwal,student7919@college.com,password123,student,MECH,true,true
Imran Nair,student7920@college.com,password123,student,PHY,true,true
Isha Varghese,student7921@college.com,password123,student,MBA,true,true
Priya Pandey,student7922@college.com,password123,student,CHEM,true,true
Krishna Yadav,student7923@college.com,password123,student,CIVIL,true,true
Sarah Khan,student7924@college.com,password123,student,CSE,true,true
James Ahmed,student7925@college.com,password123,student,EEE,true,true
Lakshmi Pillai,student7926@college.com,password123,student,ECE,true,true
Sameer Bose,student7927@college.com,password123,student,IT,true,true
Vivaan Chopra,student7928@college.com,password123,student,MATH,true,true
Amit Ali,student7929@college.com,password123,student,MECH,true,true
Dhruv Pillai,student7930@college.com,password123,student,PHY,true,true
Vihaan D'Souza,student7931@college.com,password123,student,MBA,true,true
Yusuf Agarwal,student7932@college.com,password123,student,CHEM,true,true
Rahul Jacob,student7933@college.com,password123,student,CIVIL,true,true
Ananya Pillai,student7934@college.com,password123,student,CSE,true,true
Priya Rathore,student7935@college.com,password123,student,EEE,true,true
Saanvi Desai,student7936@college.com,password123,student,ECE,true,true
Rahul Singh,student7937@college.com,password123,student,IT,true,true
Amit Ahmed,student7938@college.com,password123,student,MATH,true,true
Fatima Das,student7939@college.com,password123,student,MECH,true,true
Diya Thomas,student7940@college.com,password123,student,PHY,true,true
Michael Gupta,student7941@college.com,password123,student,MBA,true,true
Vikram Rathore,student7942@college.com,password123,student,CHEM,true,true
Riya Das,student7943@college.com,password123,student,CIVIL,true,true
Anita Rao,student7944@college.com,password123,student,CSE,true,true
Sneha Mukherjee,student7945@college.com,password123,student,EEE,true,true
Yusuf Thomas,student7946@college.com,password123,student,ECE,true,true
Ayaan Costa,student7947@college.com,password123,student,IT,true,true
Radha Bansal,student7948@college.com,password123,student,MATH,true,true
Krishna Rodrigues,student7949@college.com,password123,student,MECH,true,true
Sneha Verma,student7950@college.com,password123,student,PHY,true,true
Fatima Verma,student7951@college.com,password123,student,MBA,true,true
John Joshi,student7952@college.com,password123,student,CHEM,true,true
Sai Yadav,student7953@college.com,password123,student,CIVIL,true,true
Ayesha Bansal,student7954@college.com,password123,student,CSE,true,true
Olivia Mehta,student7955@college.com,password123,student,EEE,true,true
Yusuf Yadav,student7956@college.com,password123,student,ECE,true,true
Swati Kumar,student7957@college.com,password123,student,IT,true,true
Farhan Singh,student7958@college.com,password123,student,MATH,true,true
Pooja Mukherjee,student7959@college.com,password123,student,MECH,true,true
Kavya Sheikh,student7960@college.com,password123,student,PHY,true,true
Aryan Rao,student7961@college.com,password123,student,MBA,true,true
James Sheikh,student7962@college.com,password123,student,CHEM,true,true
Priya Pandey,student7963@college.com,password123,student,CIVIL,true,true
Karan Chopra,student7964@college.com,password123,student,CSE,true,true
John Rao,student7965@college.com,password123,student,EEE,true,true
Olivia Shah,student7966@college.com,password123,student,ECE,true,true
Diya Pillai,student7967@college.com,password123,student,IT,true,true
Dhruv D'Souza,student7968@college.com,password123,student,MATH,true,true
Fatima Bose,student7969@college.com,password123,student,MECH,true,true
Aarav Gupta,student7970@college.com,password123,student,PHY,true,true
Robert Verma,student7971@college.com,password123,student,MBA,true,true
Aliya Hussain,student7972@college.com,password123,student,CHEM,true,true
Reyansh Ali,student7973@college.com,password123,student,CIVIL,true,true
Priya Ahmed,student7974@college.com,password123,student,CSE,true,true
Aditya Rao,student7975@college.com,password123,student,EEE,true,true
Suresh Khanna,student7976@college.com,password123,student,ECE,true,true
Vivaan Das,student7977@college.com,password123,student,IT,true,true
Mohammed Yadav,student7978@college.com,password123,student,MATH,true,true
Zoya Bose,student7979@college.com,password123,student,MECH,true,true
Aditya Malhotra,student7980@college.com,password123,student,PHY,true,true
Sara Nair,student7981@college.com,password123,student,MBA,true,true
Michael Joshi,student7982@college.com,password123,student,CHEM,true,true
Farhan Desai,student7983@college.com,password123,student,CIVIL,true,true
Krishna Mishra,student7984@college.com,password123,student,CSE,true,true
Sarah Malhotra,student7985@college.com,password123,student,EEE,true,true
Emily Patel,student7986@college.com,password123,student,ECE,true,true
Arjun Kumar,student7987@college.com,password123,student,IT,true,true
Neha Tiwari,student7988@college.com,password123,student,MATH,true,true
Ayesha Dubey,student7989@college.com,password123,student,MECH,true,true
Fatima Pillai,student7990@college.com,password123,student,PHY,true,true
Vivaan Sharma,student7991@college.com,password123,student,MBA,true,true
Sara Sheikh,student7992@college.com,password123,student,CHEM,true,true
Lakshmi Menon,student7993@college.com,password123,student,CIVIL,true,true
Reyansh Mishra,student7994@college.com,password123,student,CSE,true,true
Kiran Desai,student7995@college.com,password123,student,EEE,true,true
Aryan Rodrigues,student7996@college.com,password123,student,ECE,true,true
Robert Khanna,student7997@college.com,password123,student,IT,true,true
David Agarwal,student7998@college.com,password123,student,MATH,true,true
Saanvi Ali,student7999@college.com,password123,student,MECH,true,true
Sara Verma,student8000@college.com,password123,student,PHY,true,true
Vikram Malhotra,student8001@college.com,password123,student,MBA,true,true
Zara Banerjee,student8002@college.com,password123,student,CHEM,true,true
Reyansh Kapoor,student8003@college.com,password123,student,CIVIL,true,true
Farhan Fernandes,student8004@college.com,password123,student,CSE,true,true
Anjali Joshi,student8005@college.com,password123,student,EEE,true,true
Suresh Naidu,student8006@college.com,password123,student,ECE,true,true
Sai Das,student8007@college.com,password123,student,IT,true,true
Riya D'Souza,student8008@college.com,password123,student,MATH,true,true
Amit Khan,student8009@college.com,password123,student,MECH,true,true
Suresh Varghese,student8010@college.com,password123,student,PHY,true,true
Sneha Ali,student8011@college.com,password123,student,MBA,true,true
Nikhil Joshi,student8012@college.com,password123,student,CHEM,true,true
Vivaan Ahmed,student8013@college.com,password123,student,CIVIL,true,true
Fatima Desai,student8014@college.com,password123,student,CSE,true,true
Kavya Dubey,student8015@college.com,password123,student,EEE,true,true
Sneha Pandey,student8016@college.com,password123,student,ECE,true,true
Reyansh Rathore,student8017@college.com,password123,student,IT,true,true
Karan Fernandes,student8018@college.com,password123,student,MATH,true,true
Vivaan Desai,student8019@college.com,password123,student,MECH,true,true
Yusuf Das,student8020@college.com,password123,student,PHY,true,true
Tara Shah,student8021@college.com,password123,student,MBA,true,true
Anjali Fernandes,student8022@college.com,password123,student,CHEM,true,true
Reyansh George,student8023@college.com,password123,student,CIVIL,true,true
Vikram Bansal,student8024@college.com,password123,student,CSE,true,true
Ishaan Thomas,student8025@college.com,password123,student,EEE,true,true
Sai Reddy,student8026@college.com,password123,student,ECE,true,true
Swati Rao,student8027@college.com,password123,student,IT,true,true
Dhruv Ahmed,student8028@college.com,password123,student,MATH,true,true
Kiran Bose,student8029@college.com,password123,student,MECH,true,true
Sai Menon,student8030@college.com,password123,student,PHY,true,true
Priya Costa,student8031@college.com,password123,student,MBA,true,true
James Khan,student8032@college.com,password123,student,CHEM,true,true
Pooja Tiwari,student8033@college.com,password123,student,CIVIL,true,true
James Fernandes,student8034@college.com,password123,student,CSE,true,true
Aliya Das,student8035@college.com,password123,student,EEE,true,true
Vihaan Yadav,student8036@college.com,password123,student,ECE,true,true
Divya Kapoor,student8037@college.com,password123,student,IT,true,true
Riya Khanna,student8038@college.com,password123,student,MATH,true,true
Sara Bansal,student8039@college.com,password123,student,MECH,true,true
James Menon,student8040@college.com,password123,student,PHY,true,true
Aditya Agarwal,student8041@college.com,password123,student,MBA,true,true
Zoya Fernandes,student8042@college.com,password123,student,CHEM,true,true
Lakshmi Pillai,student8043@college.com,password123,student,CIVIL,true,true
Emily Sharma,student8044@college.com,password123,student,CSE,true,true
Amit Varghese,student8045@college.com,password123,student,EEE,true,true
Dhruv Dubey,student8046@college.com,password123,student,ECE,true,true
Swati Ahmed,student8047@college.com,password123,student,IT,true,true
Sneha Ahmed,student8048@college.com,password123,student,MATH,true,true
Ananya George,student8049@college.com,password123,student,MECH,true,true
Nikhil Agarwal,student8050@college.com,password123,student,PHY,true,true
Zara Pandey,student8051@college.com,password123,student,MBA,true,true
Anjali Ali,student8052@college.com,password123,student,CHEM,true,true
Swati Mishra,student8053@college.com,password123,student,CIVIL,true,true
Fatima Patel,student8054@college.com,password123,student,CSE,true,true
Olivia Reddy,student8055@college.com,password123,student,EEE,true,true
Saanvi Varghese,student8056@college.com,password123,student,ECE,true,true
Arjun Joshi,student8057@college.com,password123,student,IT,true,true
Krishna Dubey,student8058@college.com,password123,student,MATH,true,true
Aarav Rao,student8059@college.com,password123,student,MECH,true,true
Pooja Mishra,student8060@college.com,password123,student,PHY,true,true
Ayaan Rao,student8061@college.com,password123,student,MBA,true,true
Aryan Rathore,student8062@college.com,password123,student,CHEM,true,true
Emily Nair,student8063@college.com,password123,student,CIVIL,true,true
Aditya Naidu,student8064@college.com,password123,student,CSE,true,true
Divya Rao,student8065@college.com,password123,student,EEE,true,true
Mohammed Hussain,student8066@college.com,password123,student,ECE,true,true
Divya Iyer,student8067@college.com,password123,student,IT,true,true
Sara D'Souza,student8068@college.com,password123,student,MATH,true,true
Riya Desai,student8069@college.com,password123,student,MECH,true,true
Aarav Chopra,student8070@college.com,password123,student,PHY,true,true
Ayaan Naidu,student8071@college.com,password123,student,MBA,true,true
Suresh Tiwari,student8072@college.com,password123,student,CHEM,true,true
Grace Jacob,student8073@college.com,password123,student,CIVIL,true,true
Amit Hussain,student8074@college.com,password123,student,CSE,true,true
Ananya Costa,student8075@college.com,password123,student,EEE,true,true
Sarah Shah,student8076@college.com,password123,student,ECE,true,true
Anita George,student8077@college.com,password123,student,IT,true,true
Rohan Menon,student8078@college.com,password123,student,MATH,true,true
Suresh Hussain,student8079@college.com,password123,student,MECH,true,true
Sameer Mukherjee,student8080@college.com,password123,student,PHY,true,true
John Costa,student8081@college.com,password123,student,MBA,true,true
Ayesha Shah,student8082@college.com,password123,student,CHEM,true,true
Pooja Rodrigues,student8083@college.com,password123,student,CIVIL,true,true
Rahul Khan,student8084@college.com,password123,student,CSE,true,true
Zara Mukherjee,student8085@college.com,password123,student,EEE,true,true
Grace Bansal,student8086@college.com,password123,student,ECE,true,true
Grace Mishra,student8087@college.com,password123,student,IT,true,true
Fatima Iyer,student8088@college.com,password123,student,MATH,true,true
Rohan Hussain,student8089@college.com,password123,student,MECH,true,true
Ayesha Khan,student8090@college.com,password123,student,PHY,true,true
Aarav Agarwal,student8091@college.com,password123,student,MBA,true,true
Riya Chatterjee,student8092@college.com,password123,student,CHEM,true,true
Ishaan Khan,student8093@college.com,password123,student,CIVIL,true,true
Arjun Sharma,student8094@college.com,password123,student,CSE,true,true
Vikram Varghese,student8095@college.com,password123,student,EEE,true,true
Aryan Banerjee,student8096@college.com,password123,student,ECE,true,true
Zoya Reddy,student8097@college.com,password123,student,IT,true,true
Sneha Chauhan,student8098@college.com,password123,student,MATH,true,true
Diya Reddy,student8099@college.com,password123,student,MECH,true,true
Vihaan Costa,student8100@college.com,password123,student,PHY,true,true
Zara Rodrigues,student8101@college.com,password123,student,MBA,true,true
Rohan Kumar,student8102@college.com,password123,student,CHEM,true,true
Isha Thomas,student8103@college.com,password123,student,CIVIL,true,true
Swati Das,student8104@college.com,password123,student,CSE,true,true
Isha Thomas,student8105@college.com,password123,student,EEE,true,true
Aarav Banerjee,student8106@college.com,password123,student,ECE,true,true
Amit Chopra,student8107@college.com,password123,student,IT,true,true
Michael Naidu,student8108@college.com,password123,student,MATH,true,true
Kiran Tiwari,student8109@college.com,password123,student,MECH,true,true
Vikram Shah,student8110@college.com,password123,student,PHY,true,true
Radha Yadav,student8111@college.com,password123,student,MBA,true,true
Priya Kapoor,student8112@college.com,password123,student,CHEM,true,true
Swati Sheikh,student8113@college.com,password123,student,CIVIL,true,true
Farhan Mathew,student8114@college.com,password123,student,CSE,true,true
Aryan Kumar,student8115@college.com,password123,student,EEE,true,true
Kiran Menon,student8116@college.com,password123,student,ECE,true,true
Reyansh Tiwari,student8117@college.com,password123,student,IT,true,true
Dhruv Malhotra,student8118@college.com,password123,student,MATH,true,true
Kabir Kapoor,student8119@college.com,password123,student,MECH,true,true
Anita Reddy,student8120@college.com,password123,student,PHY,true,true
Krishna Hussain,student8121@college.com,password123,student,MBA,true,true
Kiran George,student8122@college.com,password123,student,CHEM,true,true
Yusuf Joshi,student8123@college.com,password123,student,CIVIL,true,true
Diya Fernandes,student8124@college.com,password123,student,CSE,true,true
Yusuf Pinto,student8125@college.com,password123,student,EEE,true,true
Lakshmi Malhotra,student8126@college.com,password123,student,ECE,true,true
John Mishra,student8127@college.com,password123,student,IT,true,true
Emily Costa,student8128@college.com,password123,student,MATH,true,true
Imran Khan,student8129@college.com,password123,student,MECH,true,true
Dhruv Rao,student8130@college.com,password123,student,PHY,true,true
Aarav Das,student8131@college.com,password123,student,MBA,true,true
Dhruv Patel,student8132@college.com,password123,student,CHEM,true,true
Grace Costa,student8133@college.com,password123,student,CIVIL,true,true
Ishaan Menon,student8134@college.com,password123,student,CSE,true,true
Rohan Khan,student8135@college.com,password123,student,EEE,true,true
Emily Sharma,student8136@college.com,password123,student,ECE,true,true
Ananya Kumar,student8137@college.com,password123,student,IT,true,true
Emma Singh,student8138@college.com,password123,student,MATH,true,true
Krishna Ali,student8139@college.com,password123,student,MECH,true,true
John Rathore,student8140@college.com,password123,student,PHY,true,true
Saanvi Mathew,student8141@college.com,password123,student,MBA,true,true
Anjali Agarwal,student8142@college.com,password123,student,CHEM,true,true
Vikram Ali,student8143@college.com,password123,student,CIVIL,true,true
Aliya Nair,student8144@college.com,password123,student,CSE,true,true
Nikhil D'Souza,student8145@college.com,password123,student,EEE,true,true
Priya Joshi,student8146@college.com,password123,student,ECE,true,true
Yusuf Joshi,student8147@college.com,password123,student,IT,true,true
Ayesha Khan,student8148@college.com,password123,student,MATH,true,true
Isha Khanna,student8149@college.com,password123,student,MECH,true,true
James Hussain,student8150@college.com,password123,student,PHY,true,true
Ananya Hussain,student8151@college.com,password123,student,MBA,true,true
Sai Rodrigues,student8152@college.com,password123,student,CHEM,true,true
James Mukherjee,student8153@college.com,password123,student,CIVIL,true,true
Rohan Thomas,student8154@college.com,password123,student,CSE,true,true
James Malhotra,student8155@college.com,password123,student,EEE,true,true
Ayesha Menon,student8156@college.com,password123,student,ECE,true,true
James Naidu,student8157@college.com,password123,student,IT,true,true
Swati Rathore,student8158@college.com,password123,student,MATH,true,true
Divya Varghese,student8159@college.com,password123,student,MECH,true,true
David Kapoor,student8160@college.com,password123,student,PHY,true,true
Sameer Nair,student8161@college.com,password123,student,MBA,true,true
Swati Naidu,student8162@college.com,password123,student,CHEM,true,true
Farhan Mehta,student8163@college.com,password123,student,CIVIL,true,true
Kabir Verma,student8164@college.com,password123,student,CSE,true,true
Emily Shah,student8165@college.com,password123,student,EEE,true,true
Robert Chauhan,student8166@college.com,password123,student,ECE,true,true
Yusuf Mathew,student8167@college.com,password123,student,IT,true,true
Isha Tiwari,student8168@college.com,password123,student,MATH,true,true
Saanvi Mukherjee,student8169@college.com,password123,student,MECH,true,true
Radha D'Souza,student8170@college.com,password123,student,PHY,true,true
Sarah Banerjee,student8171@college.com,password123,student,MBA,true,true
Meera Shah,student8172@college.com,password123,student,CHEM,true,true
Kabir Mishra,student8173@college.com,password123,student,CIVIL,true,true
Aarav Banerjee,student8174@college.com,password123,student,CSE,true,true
Tara Shah,student8175@college.com,password123,student,EEE,true,true
Pooja Banerjee,student8176@college.com,password123,student,ECE,true,true
Aarav Pinto,student8177@college.com,password123,student,IT,true,true
Vikram Bansal,student8178@college.com,password123,student,MATH,true,true
Reyansh Shah,student8179@college.com,password123,student,MECH,true,true
Olivia Kapoor,student8180@college.com,password123,student,PHY,true,true
Neha Sharma,student8181@college.com,password123,student,MBA,true,true
Lakshmi Malhotra,student8182@college.com,password123,student,CHEM,true,true
Aditya George,student8183@college.com,password123,student,CIVIL,true,true
Amit George,student8184@college.com,password123,student,CSE,true,true
Anjali Desai,student8185@college.com,password123,student,EEE,true,true
Aditya Varghese,student8186@college.com,password123,student,ECE,true,true
Ayesha Kapoor,student8187@college.com,password123,student,IT,true,true
Amit Thomas,student8188@college.com,password123,student,MATH,true,true
Vihaan Fernandes,student8189@college.com,password123,student,MECH,true,true
Michael Verma,student8190@college.com,password123,student,PHY,true,true
Emily Pandey,student8191@college.com,password123,student,MBA,true,true
Grace Khan,student8192@college.com,password123,student,CHEM,true,true
Lakshmi Thomas,student8193@college.com,password123,student,CIVIL,true,true
Zara Ahmed,student8194@college.com,password123,student,CSE,true,true
Kabir Khan,student8195@college.com,password123,student,EEE,true,true
Sara George,student8196@college.com,password123,student,ECE,true,true
Aliya Sheikh,student8197@college.com,password123,student,IT,true,true
John Reddy,student8198@college.com,password123,student,MATH,true,true
Aditya Shah,student8199@college.com,password123,student,MECH,true,true
Vivaan Costa,student8200@college.com,password123,student,PHY,true,true
Emma Pandey,student8201@college.com,password123,student,MBA,true,true
Ishaan Pandey,student8202@college.com,password123,student,CHEM,true,true
Sara Chatterjee,student8203@college.com,password123,student,CIVIL,true,true
Emily Iyer,student8204@college.com,password123,student,CSE,true,true
Sai Pillai,student8205@college.com,password123,student,EEE,true,true
James Nair,student8206@college.com,password123,student,ECE,true,true
Vihaan Rathore,student8207@college.com,password123,student,IT,true,true
Mohammed Pandey,student8208@college.com,password123,student,MATH,true,true
Vihaan Agarwal,student8209@college.com,password123,student,MECH,true,true
Reyansh Sheikh,student8210@college.com,password123,student,PHY,true,true
Amit Banerjee,student8211@college.com,password123,student,MBA,true,true
Farhan Costa,student8212@college.com,password123,student,CHEM,true,true
Sara Verma,student8213@college.com,password123,student,CIVIL,true,true
Diya Jacob,student8214@college.com,password123,student,CSE,true,true
Robert Agarwal,student8215@college.com,password123,student,EEE,true,true
Emma Pandey,student8216@college.com,password123,student,ECE,true,true
Rohan Pinto,student8217@college.com,password123,student,IT,true,true
Fatima Shah,student8218@college.com,password123,student,MATH,true,true
Pooja Sharma,student8219@college.com,password123,student,MECH,true,true
Imran Desai,student8220@college.com,password123,student,PHY,true,true
Riya Mathew,student8221@college.com,password123,student,MBA,true,true
Imran Singh,student8222@college.com,password123,student,CHEM,true,true
Arjun Banerjee,student8223@college.com,password123,student,CIVIL,true,true
Michael Dubey,student8224@college.com,password123,student,CSE,true,true
Neha Menon,student8225@college.com,password123,student,EEE,true,true
Fatima Malhotra,student8226@college.com,password123,student,ECE,true,true
Sai Chatterjee,student8227@college.com,password123,student,IT,true,true
Tara Gupta,student8228@college.com,password123,student,MATH,true,true
Amit Rodrigues,student8229@college.com,password123,student,MECH,true,true
Aryan Varghese,student8230@college.com,password123,student,PHY,true,true
Neha Pillai,student8231@college.com,password123,student,MBA,true,true
Kabir Thomas,student8232@college.com,password123,student,CHEM,true,true
Sara Sharma,student8233@college.com,password123,student,CIVIL,true,true
Vikram Malhotra,student8234@college.com,password123,student,CSE,true,true
Swati Mehta,student8235@college.com,password123,student,EEE,true,true
Ayaan Bansal,student8236@college.com,password123,student,ECE,true,true
Zara Fernandes,student8237@college.com,password123,student,IT,true,true
James Varghese,student8238@college.com,password123,student,MATH,true,true
Sai Fernandes,student8239@college.com,password123,student,MECH,true,true
Grace Chauhan,student8240@college.com,password123,student,PHY,true,true
Sai Nair,student8241@college.com,password123,student,MBA,true,true
Olivia Patel,student8242@college.com,password123,student,CHEM,true,true
Kabir Tiwari,student8243@college.com,password123,student,CIVIL,true,true
Sai Chatterjee,student8244@college.com,password123,student,CSE,true,true
Ananya Pinto,student8245@college.com,password123,student,EEE,true,true
Mohammed Verma,student8246@college.com,password123,student,ECE,true,true
Yusuf Rao,student8247@college.com,password123,student,IT,true,true
David Sharma,student8248@college.com,password123,student,MATH,true,true
Dhruv Thomas,student8249@college.com,password123,student,MECH,true,true
Kavya Chauhan,student8250@college.com,password123,student,PHY,true,true
Sai Tiwari,student8251@college.com,password123,student,MBA,true,true
Nikhil Khanna,student8252@college.com,password123,student,CHEM,true,true
James Jacob,student8253@college.com,password123,student,CIVIL,true,true
Farhan Banerjee,student8254@college.com,password123,student,CSE,true,true
Sara Dubey,student8255@college.com,password123,student,EEE,true,true
Sara Iyer,student8256@college.com,password123,student,ECE,true,true
Vikram Singh,student8257@college.com,password123,student,IT,true,true
Meera Pandey,student8258@college.com,password123,student,MATH,true,true
Suresh Chatterjee,student8259@college.com,password123,student,MECH,true,true
Amit Iyer,student8260@college.com,password123,student,PHY,true,true
Anita Agarwal,student8261@college.com,password123,student,MBA,true,true
Riya Das,student8262@college.com,password123,student,CHEM,true,true
James Banerjee,student8263@college.com,password123,student,CIVIL,true,true
Amit Banerjee,student8264@college.com,password123,student,CSE,true,true
Kabir Chopra,student8265@college.com,password123,student,EEE,true,true
Rahul Varghese,student8266@college.com,password123,student,ECE,true,true
Tara Kapoor,student8267@college.com,password123,student,IT,true,true
Sai Ahmed,student8268@college.com,password123,student,MATH,true,true
Isha Pinto,student8269@college.com,password123,student,MECH,true,true
Kavya Mehta,student8270@college.com,password123,student,PHY,true,true
Yusuf George,student8271@college.com,password123,student,MBA,true,true
Pooja Rathore,student8272@college.com,password123,student,CHEM,true,true
James Thomas,student8273@college.com,password123,student,CIVIL,true,true
Sameer Rao,student8274@college.com,password123,student,CSE,true,true
Aditya Pinto,student8275@college.com,password123,student,EEE,true,true
Meera Menon,student8276@college.com,password123,student,ECE,true,true
Sneha Fernandes,student8277@college.com,password123,student,IT,true,true
Dhruv Varghese,student8278@college.com,password123,student,MATH,true,true
Saanvi Mehta,student8279@college.com,password123,student,MECH,true,true
Farhan Jacob,student8280@college.com,password123,student,PHY,true,true
David Chopra,student8281@college.com,password123,student,MBA,true,true
Dhruv Bansal,student8282@college.com,password123,student,CHEM,true,true
Zoya Ali,student8283@college.com,password123,student,CIVIL,true,true
Swati Mishra,student8284@college.com,password123,student,CSE,true,true
David Malhotra,student8285@college.com,password123,student,EEE,true,true
Sai Ali,student8286@college.com,password123,student,ECE,true,true
Yusuf Mukherjee,student8287@college.com,password123,student,IT,true,true
Rahul Mukherjee,student8288@college.com,password123,student,MATH,true,true
Zara Kapoor,student8289@college.com,password123,student,MECH,true,true
Aditya Nair,student8290@college.com,password123,student,PHY,true,true
Pooja Mathew,student8291@college.com,password123,student,MBA,true,true
Mohammed Chatterjee,student8292@college.com,password123,student,CHEM,true,true
Anjali Iyer,student8293@college.com,password123,student,CIVIL,true,true
Zara Pinto,student8294@college.com,password123,student,CSE,true,true
Ananya Shah,student8295@college.com,password123,student,EEE,true,true
Anita Joshi,student8296@college.com,password123,student,ECE,true,true
Imran Pinto,student8297@college.com,password123,student,IT,true,true
Emma Gupta,student8298@college.com,password123,student,MATH,true,true
Ananya Varghese,student8299@college.com,password123,student,MECH,true,true
Reyansh Thomas,student8300@college.com,password123,student,PHY,true,true
Isha Sharma,student8301@college.com,password123,student,MBA,true,true
Rohan Pillai,student8302@college.com,password123,student,CHEM,true,true
Anjali Bansal,student8303@college.com,password123,student,CIVIL,true,true
Diya George,student8304@college.com,password123,student,CSE,true,true
Emma Reddy,student8305@college.com,password123,student,EEE,true,true
Kabir Mehta,student8306@college.com,password123,student,ECE,true,true
Vikram Rao,student8307@college.com,password123,student,IT,true,true
Zara Sheikh,student8308@college.com,password123,student,MATH,true,true
Kabir Dubey,student8309@college.com,password123,student,MECH,true,true
Vivaan Rathore,student8310@college.com,password123,student,PHY,true,true
John Costa,student8311@college.com,password123,student,MBA,true,true
Zara Pinto,student8312@college.com,password123,student,CHEM,true,true
Anita Varghese,student8313@college.com,password123,student,CIVIL,true,true
Saanvi Tiwari,student8314@college.com,password123,student,CSE,true,true
Priya Khan,student8315@college.com,password123,student,EEE,true,true
James Bose,student8316@college.com,password123,student,ECE,true,true
Rahul Tiwari,student8317@college.com,password123,student,IT,true,true
Kavya Rodrigues,student8318@college.com,password123,student,MATH,true,true
Diya Khan,student8319@college.com,password123,student,MECH,true,true
Sameer Desai,student8320@college.com,password123,student,PHY,true,true
Vikram Gupta,student8321@college.com,password123,student,MBA,true,true
Grace Das,student8322@college.com,password123,student,CHEM,true,true
Aliya Ali,student8323@college.com,password123,student,CIVIL,true,true
Reyansh Pillai,student8324@college.com,password123,student,CSE,true,true
Saanvi Yadav,student8325@college.com,password123,student,EEE,true,true
Amit Fernandes,student8326@college.com,password123,student,ECE,true,true
Priya Pinto,student8327@college.com,password123,student,IT,true,true
Vivaan Rao,student8328@college.com,password123,student,MATH,true,true
Neha Rao,student8329@college.com,password123,student,MECH,true,true
Grace Khanna,student8330@college.com,password123,student,PHY,true,true
Sarah Rodrigues,student8331@college.com,password123,student,MBA,true,true
Zoya Hussain,student8332@college.com,password123,student,CHEM,true,true
Aryan Fernandes,student8333@college.com,password123,student,CIVIL,true,true
Aliya Iyer,student8334@college.com,password123,student,CSE,true,true
Krishna Mathew,student8335@college.com,password123,student,EEE,true,true
Diya Singh,student8336@college.com,password123,student,ECE,true,true
Sai Khanna,student8337@college.com,password123,student,IT,true,true
David Yadav,student8338@college.com,password123,student,MATH,true,true
Ishaan Mehta,student8339@college.com,password123,student,MECH,true,true
Zara Desai,student8340@college.com,password123,student,PHY,true,true
Rohan Chauhan,student8341@college.com,password123,student,MBA,true,true
Aarav Mathew,student8342@college.com,password123,student,CHEM,true,true
Ishaan Banerjee,student8343@college.com,password123,student,CIVIL,true,true
Sarah Chatterjee,student8344@college.com,password123,student,CSE,true,true
Vikram Khanna,student8345@college.com,password123,student,EEE,true,true
Sai Chatterjee,student8346@college.com,password123,student,ECE,true,true
Nikhil Mukherjee,student8347@college.com,password123,student,IT,true,true
Saanvi Patel,student8348@college.com,password123,student,MATH,true,true
Fatima Bose,student8349@college.com,password123,student,MECH,true,true
Ishaan Jacob,student8350@college.com,password123,student,PHY,true,true
Swati Yadav,student8351@college.com,password123,student,MBA,true,true
Kavya Sharma,student8352@college.com,password123,student,CHEM,true,true
Anjali Rao,student8353@college.com,password123,student,CIVIL,true,true
Isha Reddy,student8354@college.com,password123,student,CSE,true,true
Anjali D'Souza,student8355@college.com,password123,student,EEE,true,true
Sameer Desai,student8356@college.com,password123,student,ECE,true,true
Zoya Mukherjee,student8357@college.com,password123,student,IT,true,true
Olivia Khan,student8358@college.com,password123,student,MATH,true,true
Imran Joshi,student8359@college.com,password123,student,MECH,true,true
James Chauhan,student8360@college.com,password123,student,PHY,true,true
Ayesha Bose,student8361@college.com,password123,student,MBA,true,true
Aliya Reddy,student8362@college.com,password123,student,CHEM,true,true
Meera Iyer,student8363@college.com,password123,student,CIVIL,true,true
Ananya Dubey,student8364@college.com,password123,student,CSE,true,true
Grace Iyer,student8365@college.com,password123,student,EEE,true,true
Priya Yadav,student8366@college.com,password123,student,ECE,true,true
Ananya Chopra,student8367@college.com,password123,student,IT,true,true
Michael Jacob,student8368@college.com,password123,student,MATH,true,true
Fatima Naidu,student8369@college.com,password123,student,MECH,true,true
Lakshmi Desai,student8370@college.com,password123,student,PHY,true,true
Sneha Kumar,student8371@college.com,password123,student,MBA,true,true
Isha Ahmed,student8372@college.com,password123,student,CHEM,true,true
Imran Mishra,student8373@college.com,password123,student,CIVIL,true,true
Kiran Verma,student8374@college.com,password123,student,CSE,true,true
Karan Rodrigues,student8375@college.com,password123,student,EEE,true,true
Kabir Yadav,student8376@college.com,password123,student,ECE,true,true
Nikhil Shah,student8377@college.com,password123,student,IT,true,true
Kavya Bansal,student8378@college.com,password123,student,MATH,true,true
Neha Sharma,student8379@college.com,password123,student,MECH,true,true
Radha Rodrigues,student8380@college.com,password123,student,PHY,true,true
Aliya Desai,student8381@college.com,password123,student,MBA,true,true
Olivia Kumar,student8382@college.com,password123,student,CHEM,true,true
Farhan Das,student8383@college.com,password123,student,CIVIL,true,true
Krishna Ahmed,student8384@college.com,password123,student,CSE,true,true
Aryan Gupta,student8385@college.com,password123,student,EEE,true,true
Dhruv Khanna,student8386@college.com,password123,student,ECE,true,true
Saanvi Patel,student8387@college.com,password123,student,IT,true,true
Diya Joshi,student8388@college.com,password123,student,MATH,true,true
Farhan Chatterjee,student8389@college.com,password123,student,MECH,true,true
Saanvi Menon,student8390@college.com,password123,student,PHY,true,true
Suresh Khanna,student8391@college.com,password123,student,MBA,true,true
Meera Jacob,student8392@college.com,password123,student,CHEM,true,true
Michael Khan,student8393@college.com,password123,student,CIVIL,true,true
Aditya Kapoor,student8394@college.com,password123,student,CSE,true,true
Riya Chatterjee,student8395@college.com,password123,student,EEE,true,true
Rohan Desai,student8396@college.com,password123,student,ECE,true,true
Sameer Hussain,student8397@college.com,password123,student,IT,true,true
James Reddy,student8398@college.com,password123,student,MATH,true,true
Zara Patel,student8399@college.com,password123,student,MECH,true,true
Isha Jacob,student8400@college.com,password123,student,PHY,true,true
Fatima Reddy,student8401@college.com,password123,student,MBA,true,true
Farhan Desai,student8402@college.com,password123,student,CHEM,true,true
John Sharma,student8403@college.com,password123,student,CIVIL,true,true
Rohan Agarwal,student8404@college.com,password123,student,CSE,true,true
Krishna Fernandes,student8405@college.com,password123,student,EEE,true,true
Neha Joshi,student8406@college.com,password123,student,ECE,true,true
Sameer Chauhan,student8407@college.com,password123,student,IT,true,true
Aarav Ahmed,student8408@college.com,password123,student,MATH,true,true
Farhan Mathew,student8409@college.com,password123,student,MECH,true,true
Priya Naidu,student8410@college.com,password123,student,PHY,true,true
Yusuf Singh,student8411@college.com,password123,student,MBA,true,true
Vikram Naidu,student8412@college.com,password123,student,CHEM,true,true
Rahul Mishra,student8413@college.com,password123,student,CIVIL,true,true
Mohammed Nair,student8414@college.com,password123,student,CSE,true,true
Lakshmi Rathore,student8415@college.com,password123,student,EEE,true,true
Neha Shah,student8416@college.com,password123,student,ECE,true,true
Yusuf Khan,student8417@college.com,password123,student,IT,true,true
Ayesha Bansal,student8418@college.com,password123,student,MATH,true,true
Robert Sheikh,student8419@college.com,password123,student,MECH,true,true
Kavya Nair,student8420@college.com,password123,student,PHY,true,true
David Chatterjee,student8421@college.com,password123,student,MBA,true,true
Saanvi Sheikh,student8422@college.com,password123,student,CHEM,true,true
Aliya Joshi,student8423@college.com,password123,student,CIVIL,true,true
Emily Jacob,student8424@college.com,password123,student,CSE,true,true
Sai Menon,student8425@college.com,password123,student,EEE,true,true
Aarav Bansal,student8426@college.com,password123,student,ECE,true,true
Grace Pandey,student8427@college.com,password123,student,IT,true,true
Kiran Kapoor,student8428@college.com,password123,student,MATH,true,true
Aryan Ali,student8429@college.com,password123,student,MECH,true,true
Michael Costa,student8430@college.com,password123,student,PHY,true,true
Fatima Chauhan,student8431@college.com,password123,student,MBA,true,true
Saanvi Singh,student8432@college.com,password123,student,CHEM,true,true
Zara Chopra,student8433@college.com,password123,student,CIVIL,true,true
Aditya Nair,student8434@college.com,password123,student,CSE,true,true
Emily Ahmed,student8435@college.com,password123,student,EEE,true,true
Zara Shah,student8436@college.com,password123,student,ECE,true,true
Vihaan Rodrigues,student8437@college.com,password123,student,IT,true,true
Sameer Shah,student8438@college.com,password123,student,MATH,true,true
Rahul Naidu,student8439@college.com,password123,student,MECH,true,true
Diya Jacob,student8440@college.com,password123,student,PHY,true,true
Suresh Yadav,student8441@college.com,password123,student,MBA,true,true
Michael Verma,student8442@college.com,password123,student,CHEM,true,true
Sneha Malhotra,student8443@college.com,password123,student,CIVIL,true,true
Kabir Chopra,student8444@college.com,password123,student,CSE,true,true
Isha Pillai,student8445@college.com,password123,student,EEE,true,true
Vivaan Rathore,student8446@college.com,password123,student,ECE,true,true
Ananya Khanna,student8447@college.com,password123,student,IT,true,true
Mohammed Gupta,student8448@college.com,password123,student,MATH,true,true
Lakshmi Nair,student8449@college.com,password123,student,MECH,true,true
Isha Tiwari,student8450@college.com,password123,student,PHY,true,true
Aditya Sheikh,student8451@college.com,password123,student,MBA,true,true
Sara Desai,student8452@college.com,password123,student,CHEM,true,true
Nikhil Chatterjee,student8453@college.com,password123,student,CIVIL,true,true
Sai Sheikh,student8454@college.com,password123,student,CSE,true,true
Reyansh Iyer,student8455@college.com,password123,student,EEE,true,true
Fatima Menon,student8456@college.com,password123,student,ECE,true,true
Mohammed Ahmed,student8457@college.com,password123,student,IT,true,true
Saanvi Malhotra,student8458@college.com,password123,student,MATH,true,true
Isha Chauhan,student8459@college.com,password123,student,MECH,true,true
Zoya Costa,student8460@college.com,password123,student,PHY,true,true
Nikhil Tiwari,student8461@college.com,password123,student,MBA,true,true
Michael Hussain,student8462@college.com,password123,student,CHEM,true,true
Anita Chauhan,student8463@college.com,password123,student,CIVIL,true,true
Aditya Kumar,student8464@college.com,password123,student,CSE,true,true
Ananya Shah,student8465@college.com,password123,student,EEE,true,true
Aditya Menon,student8466@college.com,password123,student,ECE,true,true
Lakshmi Tiwari,student8467@college.com,password123,student,IT,true,true
Mohammed Reddy,student8468@college.com,password123,student,MATH,true,true
Meera Ali,student8469@college.com,password123,student,MECH,true,true
Fatima Patel,student8470@college.com,password123,student,PHY,true,true
Diya Thomas,student8471@college.com,password123,student,MBA,true,true
Sara Khanna,student8472@college.com,password123,student,CHEM,true,true
Saanvi Desai,student8473@college.com,password123,student,CIVIL,true,true
Vivaan Chatterjee,student8474@college.com,password123,student,CSE,true,true
Sara Kapoor,student8475@college.com,password123,student,EEE,true,true
Fatima George,student8476@college.com,password123,student,ECE,true,true
Sara Patel,student8477@college.com,password123,student,IT,true,true
James Naidu,student8478@college.com,password123,student,MATH,true,true
Ayaan Banerjee,student8479@college.com,password123,student,MECH,true,true
Anita Kapoor,student8480@college.com,password123,student,PHY,true,true
Vikram Costa,student8481@college.com,password123,student,MBA,true,true
Neha Sheikh,student8482@college.com,password123,student,CHEM,true,true
Robert Bose,student8483@college.com,password123,student,CIVIL,true,true
Zoya Singh,student8484@college.com,password123,student,CSE,true,true
Kavya Fernandes,student8485@college.com,password123,student,EEE,true,true
Anjali Mukherjee,student8486@college.com,password123,student,ECE,true,true
Aliya Naidu,student8487@college.com,password123,student,IT,true,true
Amit Mishra,student8488@college.com,password123,student,MATH,true,true
Zoya Yadav,student8489@college.com,password123,student,MECH,true,true
Kabir Malhotra,student8490@college.com,password123,student,PHY,true,true
Neha Mathew,student8491@college.com,password123,student,MBA,true,true
Aditya Rodrigues,student8492@college.com,password123,student,CHEM,true,true
Priya Chatterjee,student8493@college.com,password123,student,CIVIL,true,true
Sameer Chopra,student8494@college.com,password123,student,CSE,true,true
Amit Sharma,student8495@college.com,password123,student,EEE,true,true
Riya Mukherjee,student8496@college.com,password123,student,ECE,true,true
Vivaan Pillai,student8497@college.com,password123,student,IT,true,true
Imran Iyer,student8498@college.com,password123,student,MATH,true,true
Amit Malhotra,student8499@college.com,password123,student,MECH,true,true
Zara Rodrigues,student8500@college.com,password123,student,PHY,true,true
David Thomas,student8501@college.com,password123,student,MBA,true,true
Ananya Reddy,student8502@college.com,password123,student,CHEM,true,true
Karan Das,student8503@college.com,password123,student,CIVIL,true,true
Vivaan Pandey,student8504@college.com,password123,student,CSE,true,true
Ananya Das,student8505@college.com,password123,student,EEE,true,true
Arjun Costa,student8506@college.com,password123,student,ECE,true,true
Suresh Tiwari,student8507@college.com,password123,student,IT,true,true
Ayesha Rodrigues,student8508@college.com,password123,student,MATH,true,true
Michael Chauhan,student8509@college.com,password123,student,MECH,true,true
Kiran Pillai,student8510@college.com,password123,student,PHY,true,true
Mohammed Rodrigues,student8511@college.com,password123,student,MBA,true,true
Diya Sheikh,student8512@college.com,password123,student,CHEM,true,true
Meera Khan,student8513@college.com,password123,student,CIVIL,true,true
Grace D'Souza,student8514@college.com,password123,student,CSE,true,true
Aarav Bansal,student8515@college.com,password123,student,EEE,true,true
Diya Agarwal,student8516@college.com,password123,student,ECE,true,true
Isha Rathore,student8517@college.com,password123,student,IT,true,true
Ishaan Chauhan,student8518@college.com,password123,student,MATH,true,true
Robert Mishra,student8519@college.com,password123,student,MECH,true,true
Divya Mukherjee,student8520@college.com,password123,student,PHY,true,true
Sneha Varghese,student8521@college.com,password123,student,MBA,true,true
Rohan Jacob,student8522@college.com,password123,student,CHEM,true,true
Meera Kapoor,student8523@college.com,password123,student,CIVIL,true,true
Priya Gupta,student8524@college.com,password123,student,CSE,true,true
Imran Fernandes,student8525@college.com,password123,student,EEE,true,true
Sai Thomas,student8526@college.com,password123,student,ECE,true,true
Divya D'Souza,student8527@college.com,password123,student,IT,true,true
Isha Patel,student8528@college.com,password123,student,MATH,true,true
Dhruv Mishra,student8529@college.com,password123,student,MECH,true,true
Pooja Shah,student8530@college.com,password123,student,PHY,true,true
Vikram Chopra,student8531@college.com,password123,student,MBA,true,true
Aliya Agarwal,student8532@college.com,password123,student,CHEM,true,true
Tara Jacob,student8533@college.com,password123,student,CIVIL,true,true
Zara Verma,student8534@college.com,password123,student,CSE,true,true
Ishaan Costa,student8535@college.com,password123,student,EEE,true,true
Kiran Rao,student8536@college.com,password123,student,ECE,true,true
Radha Mehta,student8537@college.com,password123,student,IT,true,true
Anita Naidu,student8538@college.com,password123,student,MATH,true,true
Riya Dubey,student8539@college.com,password123,student,MECH,true,true
Vivaan Dubey,student8540@college.com,password123,student,PHY,true,true
Suresh D'Souza,student8541@college.com,password123,student,MBA,true,true
Sara Ahmed,student8542@college.com,password123,student,CHEM,true,true
Nikhil Joshi,student8543@college.com,password123,student,CIVIL,true,true
Olivia Sheikh,student8544@college.com,password123,student,CSE,true,true
Krishna Joshi,student8545@college.com,password123,student,EEE,true,true
Lakshmi Nair,student8546@college.com,password123,student,ECE,true,true
Reyansh Desai,student8547@college.com,password123,student,IT,true,true
Dhruv Mukherjee,student8548@college.com,password123,student,MATH,true,true
Ayaan Fernandes,student8549@college.com,password123,student,MECH,true,true
Suresh Chatterjee,student8550@college.com,password123,student,PHY,true,true
Emily Rao,student8551@college.com,password123,student,MBA,true,true
Yusuf Yadav,student8552@college.com,password123,student,CHEM,true,true
Sara Desai,student8553@college.com,password123,student,CIVIL,true,true
Swati Pillai,student8554@college.com,password123,student,CSE,true,true
Isha Dubey,student8555@college.com,password123,student,EEE,true,true
Dhruv Pillai,student8556@college.com,password123,student,ECE,true,true
Emma Rodrigues,student8557@college.com,password123,student,IT,true,true
Amit Agarwal,student8558@college.com,password123,student,MATH,true,true
Yusuf Shah,student8559@college.com,password123,student,MECH,true,true
Mohammed Reddy,student8560@college.com,password123,student,PHY,true,true
Imran Jacob,student8561@college.com,password123,student,MBA,true,true
Mohammed Dubey,student8562@college.com,password123,student,CHEM,true,true
Mohammed Agarwal,student8563@college.com,password123,student,CIVIL,true,true
Neha Sheikh,student8564@college.com,password123,student,CSE,true,true
Sneha Desai,student8565@college.com,password123,student,EEE,true,true
Karan Desai,student8566@college.com,password123,student,ECE,true,true
Divya Dubey,student8567@college.com,password123,student,IT,true,true
Zara Chopra,student8568@college.com,password123,student,MATH,true,true
Michael Rathore,student8569@college.com,password123,student,MECH,true,true
Rohan Chatterjee,student8570@college.com,password123,student,PHY,true,true
Priya Chopra,student8571@college.com,password123,student,MBA,true,true
Aarav Sheikh,student8572@college.com,password123,student,CHEM,true,true
James Bansal,student8573@college.com,password123,student,CIVIL,true,true
Aliya Chauhan,student8574@college.com,password123,student,CSE,true,true
Farhan Chatterjee,student8575@college.com,password123,student,EEE,true,true
Sameer Reddy,student8576@college.com,password123,student,ECE,true,true
Meera Pinto,student8577@college.com,password123,student,IT,true,true
Farhan Pillai,student8578@college.com,password123,student,MATH,true,true
Riya Pillai,student8579@college.com,password123,student,MECH,true,true
Aryan Thomas,student8580@college.com,password123,student,PHY,true,true
Vivaan Costa,student8581@college.com,password123,student,MBA,true,true
Karan Iyer,student8582@college.com,password123,student,CHEM,true,true
Radha Costa,student8583@college.com,password123,student,CIVIL,true,true
Neha Patel,student8584@college.com,password123,student,CSE,true,true
Lakshmi Fernandes,student8585@college.com,password123,student,EEE,true,true
Fatima Pillai,student8586@college.com,password123,student,ECE,true,true
Vivaan Agarwal,student8587@college.com,password123,student,IT,true,true
Radha Bose,student8588@college.com,password123,student,MATH,true,true
Rohan Fernandes,student8589@college.com,password123,student,MECH,true,true
Mohammed Khan,student8590@college.com,password123,student,PHY,true,true
Sameer Patel,student8591@college.com,password123,student,MBA,true,true
Kavya Verma,student8592@college.com,password123,student,CHEM,true,true
Sara Rodrigues,student8593@college.com,password123,student,CIVIL,true,true
Sarah George,student8594@college.com,password123,student,CSE,true,true
Meera D'Souza,student8595@college.com,password123,student,EEE,true,true
Neha Banerjee,student8596@college.com,password123,student,ECE,true,true
Robert Rao,student8597@college.com,password123,student,IT,true,true
Zara Shah,student8598@college.com,password123,student,MATH,true,true
Fatima Bose,student8599@college.com,password123,student,MECH,true,true
Kabir Khan,student8600@college.com,password123,student,PHY,true,true
Grace Pandey,student8601@college.com,password123,student,MBA,true,true
Olivia Banerjee,student8602@college.com,password123,student,CHEM,true,true
Ananya Iyer,student8603@college.com,password123,student,CIVIL,true,true
Suresh Kumar,student8604@college.com,password123,student,CSE,true,true
Emma Verma,student8605@college.com,password123,student,EEE,true,true
Dhruv Fernandes,student8606@college.com,password123,student,ECE,true,true
Zara Chauhan,student8607@college.com,password123,student,IT,true,true
Nikhil Jacob,student8608@college.com,password123,student,MATH,true,true
Lakshmi Rathore,student8609@college.com,password123,student,MECH,true,true
Nikhil Chatterjee,student8610@college.com,password123,student,PHY,true,true
Zara Ali,student8611@college.com,password123,student,MBA,true,true
Farhan Nair,student8612@college.com,password123,student,CHEM,true,true
John Rodrigues,student8613@college.com,password123,student,CIVIL,true,true
James Bansal,student8614@college.com,password123,student,CSE,true,true
Emily Rao,student8615@college.com,password123,student,EEE,true,true
Nikhil Chauhan,student8616@college.com,password123,student,ECE,true,true
Fatima Kumar,student8617@college.com,password123,student,IT,true,true
Aarav Mishra,student8618@college.com,password123,student,MATH,true,true
Aditya Jacob,student8619@college.com,password123,student,MECH,true,true
Sameer Pillai,student8620@college.com,password123,student,PHY,true,true
Emily Hussain,student8621@college.com,password123,student,MBA,true,true
Anjali Joshi,student8622@college.com,password123,student,CHEM,true,true
Arjun Pillai,student8623@college.com,password123,student,CIVIL,true,true
Rahul Pandey,student8624@college.com,password123,student,CSE,true,true
Sneha Nair,student8625@college.com,password123,student,EEE,true,true
Ayesha Yadav,student8626@college.com,password123,student,ECE,true,true
Lakshmi George,student8627@college.com,password123,student,IT,true,true
Sneha Pandey,student8628@college.com,password123,student,MATH,true,true
Vivaan Rathore,student8629@college.com,password123,student,MECH,true,true
Anjali Tiwari,student8630@college.com,password123,student,PHY,true,true
Vihaan Chopra,student8631@college.com,password123,student,MBA,true,true
John Desai,student8632@college.com,password123,student,CHEM,true,true
James Tiwari,student8633@college.com,password123,student,CIVIL,true,true
Yusuf Gupta,student8634@college.com,password123,student,CSE,true,true
Kavya Desai,student8635@college.com,password123,student,EEE,true,true
Ayesha Ali,student8636@college.com,password123,student,ECE,true,true
Mohammed George,student8637@college.com,password123,student,IT,true,true
Tara Naidu,student8638@college.com,password123,student,MATH,true,true
David Nair,student8639@college.com,password123,student,MECH,true,true
Reyansh Menon,student8640@college.com,password123,student,PHY,true,true
Robert Kapoor,student8641@college.com,password123,student,MBA,true,true
Aliya Pinto,student8642@college.com,password123,student,CHEM,true,true
Aliya Nair,student8643@college.com,password123,student,CIVIL,true,true
Fatima Rao,student8644@college.com,password123,student,CSE,true,true
Kavya Pillai,student8645@college.com,password123,student,EEE,true,true
Imran Bansal,student8646@college.com,password123,student,ECE,true,true
Ishaan Bose,student8647@college.com,password123,student,IT,true,true
David Khan,student8648@college.com,password123,student,MATH,true,true
Dhruv Kapoor,student8649@college.com,password123,student,MECH,true,true
Reyansh Bansal,student8650@college.com,password123,student,PHY,true,true
Farhan Varghese,student8651@college.com,password123,student,MBA,true,true
Arjun Chauhan,student8652@college.com,password123,student,CHEM,true,true
Emma Pandey,student8653@college.com,password123,student,CIVIL,true,true
Divya Dubey,student8654@college.com,password123,student,CSE,true,true
Nikhil Dubey,student8655@college.com,password123,student,EEE,true,true
Rahul Bansal,student8656@college.com,password123,student,ECE,true,true
Suresh Varghese,student8657@college.com,password123,student,IT,true,true
Tara Bansal,student8658@college.com,password123,student,MATH,true,true
David Rathore,student8659@college.com,password123,student,MECH,true,true
Zoya Kapoor,student8660@college.com,password123,student,PHY,true,true
Anita Malhotra,student8661@college.com,password123,student,MBA,true,true
Lakshmi Gupta,student8662@college.com,password123,student,CHEM,true,true
Aliya Iyer,student8663@college.com,password123,student,CIVIL,true,true
Ishaan Hussain,student8664@college.com,password123,student,CSE,true,true
Suresh Verma,student8665@college.com,password123,student,EEE,true,true
Karan Shah,student8666@college.com,password123,student,ECE,true,true
Anita Shah,student8667@college.com,password123,student,IT,true,true
Ayesha Chopra,student8668@college.com,password123,student,MATH,true,true
Vikram Pandey,student8669@college.com,password123,student,MECH,true,true
Rohan Fernandes,student8670@college.com,password123,student,PHY,true,true
Mohammed Khanna,student8671@college.com,password123,student,MBA,true,true
Anjali Pandey,student8672@college.com,password123,student,CHEM,true,true
Tara Jacob,student8673@college.com,password123,student,CIVIL,true,true
Suresh Menon,student8674@college.com,password123,student,CSE,true,true
Sara Varghese,student8675@college.com,password123,student,EEE,true,true
Krishna Menon,student8676@college.com,password123,student,ECE,true,true
Lakshmi Chopra,student8677@college.com,password123,student,IT,true,true
Robert Joshi,student8678@college.com,password123,student,MATH,true,true
Rahul Thomas,student8679@college.com,password123,student,MECH,true,true
Karan Verma,student8680@college.com,password123,student,PHY,true,true
Robert Mukherjee,student8681@college.com,password123,student,MBA,true,true
Kiran Khanna,student8682@college.com,password123,student,CHEM,true,true
Ishaan Pinto,student8683@college.com,password123,student,CIVIL,true,true
Aarav Kapoor,student8684@college.com,password123,student,CSE,true,true
Kavya Tiwari,student8685@college.com,password123,student,EEE,true,true
Neha Mishra,student8686@college.com,password123,student,ECE,true,true
Emily Hussain,student8687@college.com,password123,student,IT,true,true
Priya Khan,student8688@college.com,password123,student,MATH,true,true
Radha Rao,student8689@college.com,password123,student,MECH,true,true
Isha George,student8690@college.com,password123,student,PHY,true,true
Ishaan Pinto,student8691@college.com,password123,student,MBA,true,true
Robert Ali,student8692@college.com,password123,student,CHEM,true,true
Ananya Hussain,student8693@college.com,password123,student,CIVIL,true,true
Kavya Joshi,student8694@college.com,password123,student,CSE,true,true
Emily Ahmed,student8695@college.com,password123,student,EEE,true,true
Farhan Rao,student8696@college.com,password123,student,ECE,true,true
Emily Hussain,student8697@college.com,password123,student,IT,true,true
Anjali Chatterjee,student8698@college.com,password123,student,MATH,true,true
Anjali Joshi,student8699@college.com,password123,student,MECH,true,true
Aarav Mathew,student8700@college.com,password123,student,PHY,true,true
Arjun Bansal,student8701@college.com,password123,student,MBA,true,true
Karan Khanna,student8702@college.com,password123,student,CHEM,true,true
Dhruv Das,student8703@college.com,password123,student,CIVIL,true,true
Ishaan Malhotra,student8704@college.com,password123,student,CSE,true,true
Lakshmi Yadav,student8705@college.com,password123,student,EEE,true,true
Fatima Nair,student8706@college.com,password123,student,ECE,true,true
Farhan Banerjee,student8707@college.com,password123,student,IT,true,true
Isha Ahmed,student8708@college.com,password123,student,MATH,true,true
Zara Fernandes,student8709@college.com,password123,student,MECH,true,true
Olivia Thomas,student8710@college.com,password123,student,PHY,true,true
Olivia Sharma,student8711@college.com,password123,student,MBA,true,true
James Mishra,student8712@college.com,password123,student,CHEM,true,true
Robert Hussain,student8713@college.com,password123,student,CIVIL,true,true
Emma Das,student8714@college.com,password123,student,CSE,true,true
Sara Banerjee,student8715@college.com,password123,student,EEE,true,true
Kavya Mathew,student8716@college.com,password123,student,ECE,true,true
Aditya Desai,student8717@college.com,password123,student,IT,true,true
Mohammed Reddy,student8718@college.com,password123,student,MATH,true,true
Diya Ali,student8719@college.com,password123,student,MECH,true,true
Arjun Malhotra,student8720@college.com,password123,student,PHY,true,true
Swati Sheikh,student8721@college.com,password123,student,MBA,true,true
Robert Mishra,student8722@college.com,password123,student,CHEM,true,true
Sneha Patel,student8723@college.com,password123,student,CIVIL,true,true
John Singh,student8724@college.com,password123,student,CSE,true,true
Tara Fernandes,student8725@college.com,password123,student,EEE,true,true
Pooja Bose,student8726@college.com,password123,student,ECE,true,true
Nikhil Kapoor,student8727@college.com,password123,student,IT,true,true
John Mishra,student8728@college.com,password123,student,MATH,true,true
Kabir Varghese,student8729@college.com,password123,student,MECH,true,true
Grace George,student8730@college.com,password123,student,PHY,true,true
Robert Bose,student8731@college.com,password123,student,MBA,true,true
Karan Varghese,student8732@college.com,password123,student,CHEM,true,true
Ayesha Chauhan,student8733@college.com,password123,student,CIVIL,true,true
Kabir Gupta,student8734@college.com,password123,student,CSE,true,true
Lakshmi Malhotra,student8735@college.com,password123,student,EEE,true,true
Swati Malhotra,student8736@college.com,password123,student,ECE,true,true
Sai Mishra,student8737@college.com,password123,student,IT,true,true
Aryan Tiwari,student8738@college.com,password123,student,MATH,true,true
James Kumar,student8739@college.com,password123,student,MECH,true,true
Emma Iyer,student8740@college.com,password123,student,PHY,true,true
Pooja Khanna,student8741@college.com,password123,student,MBA,true,true
Vihaan Mukherjee,student8742@college.com,password123,student,CHEM,true,true
Karan Bose,student8743@college.com,password123,student,CIVIL,true,true
Kiran Dubey,student8744@college.com,password123,student,CSE,true,true
Kiran Khan,student8745@college.com,password123,student,EEE,true,true
Zara Reddy,student8746@college.com,password123,student,ECE,true,true
Sneha Singh,student8747@college.com,password123,student,IT,true,true
Ananya Thomas,student8748@college.com,password123,student,MATH,true,true
Arjun Banerjee,student8749@college.com,password123,student,MECH,true,true
Anjali Nair,student8750@college.com,password123,student,PHY,true,true
Tara Patel,student8751@college.com,password123,student,MBA,true,true
Anjali Banerjee,student8752@college.com,password123,student,CHEM,true,true
Reyansh Sheikh,student8753@college.com,password123,student,CIVIL,true,true
Kiran Mukherjee,student8754@college.com,password123,student,CSE,true,true
Lakshmi Ahmed,student8755@college.com,password123,student,EEE,true,true
Vikram Fernandes,student8756@college.com,password123,student,ECE,true,true
Aarav Pinto,student8757@college.com,password123,student,IT,true,true
Saanvi Nair,student8758@college.com,password123,student,MATH,true,true
Fatima Rathore,student8759@college.com,password123,student,MECH,true,true
Yusuf George,student8760@college.com,password123,student,PHY,true,true
Aryan Pinto,student8761@college.com,password123,student,MBA,true,true
John Thomas,student8762@college.com,password123,student,CHEM,true,true
Radha Dubey,student8763@college.com,password123,student,CIVIL,true,true
Zara Sharma,student8764@college.com,password123,student,CSE,true,true
Rahul Dubey,student8765@college.com,password123,student,EEE,true,true
Riya Rodrigues,student8766@college.com,password123,student,ECE,true,true
Amit Ahmed,student8767@college.com,password123,student,IT,true,true
Mohammed Chatterjee,student8768@college.com,password123,student,MATH,true,true
Diya Ali,student8769@college.com,password123,student,MECH,true,true
Anjali Ali,student8770@college.com,password123,student,PHY,true,true
Suresh George,student8771@college.com,password123,student,MBA,true,true
Vikram Kapoor,student8772@college.com,password123,student,CHEM,true,true
Emily Sheikh,student8773@college.com,password123,student,CIVIL,true,true
Nikhil Bansal,student8774@college.com,password123,student,CSE,true,true
Amit Jacob,student8775@college.com,password123,student,EEE,true,true
Swati Ali,student8776@college.com,password123,student,ECE,true,true
Vikram Thomas,student8777@college.com,password123,student,IT,true,true
Tara Nair,student8778@college.com,password123,student,MATH,true,true
Aliya Chatterjee,student8779@college.com,password123,student,MECH,true,true
Divya Sharma,student8780@college.com,password123,student,PHY,true,true
Ananya Ali,student8781@college.com,password123,student,MBA,true,true
Anjali Ahmed,student8782@college.com,password123,student,CHEM,true,true
Rohan Chatterjee,student8783@college.com,password123,student,CIVIL,true,true
Arjun Dubey,student8784@college.com,password123,student,CSE,true,true
Saanvi Jacob,student8785@college.com,password123,student,EEE,true,true
Vikram Reddy,student8786@college.com,password123,student,ECE,true,true
Grace Rathore,student8787@college.com,password123,student,IT,true,true
Diya Thomas,student8788@college.com,password123,student,MATH,true,true
Sameer Sheikh,student8789@college.com,password123,student,MECH,true,true
Michael Chatterjee,student8790@college.com,password123,student,PHY,true,true
Aryan Yadav,student8791@college.com,password123,student,MBA,true,true
Reyansh Dubey,student8792@college.com,password123,student,CHEM,true,true
Karan Mukherjee,student8793@college.com,password123,student,CIVIL,true,true
Vikram Ali,student8794@college.com,password123,student,CSE,true,true
Vikram Agarwal,student8795@college.com,password123,student,EEE,true,true
Yusuf Hussain,student8796@college.com,password123,student,ECE,true,true
Anjali Reddy,student8797@college.com,password123,student,IT,true,true
Sameer Khanna,student8798@college.com,password123,student,MATH,true,true
Grace Costa,student8799@college.com,password123,student,MECH,true,true
Dhruv Fernandes,student8800@college.com,password123,student,PHY,true,true
Sameer Menon,student8801@college.com,password123,student,MBA,true,true
Ananya Rao,student8802@college.com,password123,student,CHEM,true,true
Aryan Yadav,student8803@college.com,password123,student,CIVIL,true,true
Priya Rao,student8804@college.com,password123,student,CSE,true,true
Robert Rao,student8805@college.com,password123,student,EEE,true,true
Radha Mathew,student8806@college.com,password123,student,ECE,true,true
Rohan Agarwal,student8807@college.com,password123,student,IT,true,true
Pooja Khan,student8808@college.com,password123,student,MATH,true,true
Farhan Rodrigues,student8809@college.com,password123,student,MECH,true,true
David Pillai,student8810@college.com,password123,student,PHY,true,true
Yusuf Tiwari,student8811@college.com,password123,student,MBA,true,true
Amit Das,student8812@college.com,password123,student,CHEM,true,true
Grace Kapoor,student8813@college.com,password123,student,CIVIL,true,true
Anjali Khanna,student8814@college.com,password123,student,CSE,true,true
Kavya Menon,student8815@college.com,password123,student,EEE,true,true
Vikram Bansal,student8816@college.com,password123,student,ECE,true,true
Fatima Mehta,student8817@college.com,password123,student,IT,true,true
James Mishra,student8818@college.com,password123,student,MATH,true,true
Ananya Rathore,student8819@college.com,password123,student,MECH,true,true
Vikram Naidu,student8820@college.com,password123,student,PHY,true,true
Anita Desai,student8821@college.com,password123,student,MBA,true,true
Aliya Pillai,student8822@college.com,password123,student,CHEM,true,true
Aarav Dubey,student8823@college.com,password123,student,CIVIL,true,true
Priya Singh,student8824@college.com,password123,student,CSE,true,true
Riya Mehta,student8825@college.com,password123,student,EEE,true,true
Farhan Iyer,student8826@college.com,password123,student,ECE,true,true
Zara Yadav,student8827@college.com,password123,student,IT,true,true
Amit Verma,student8828@college.com,password123,student,MATH,true,true
Michael Pandey,student8829@college.com,password123,student,MECH,true,true
Aryan Mukherjee,student8830@college.com,password123,student,PHY,true,true
Imran Pandey,student8831@college.com,password123,student,MBA,true,true
Rahul Chopra,student8832@college.com,password123,student,CHEM,true,true
James Shah,student8833@college.com,password123,student,CIVIL,true,true
Vivaan Agarwal,student8834@college.com,password123,student,CSE,true,true
Saanvi Joshi,student8835@college.com,password123,student,EEE,true,true
Ananya D'Souza,student8836@college.com,password123,student,ECE,true,true
Swati Mishra,student8837@college.com,password123,student,IT,true,true
Aryan Mukherjee,student8838@college.com,password123,student,MATH,true,true
Radha Ali,student8839@college.com,password123,student,MECH,true,true
Tara Malhotra,student8840@college.com,password123,student,PHY,true,true
Reyansh Kumar,student8841@college.com,password123,student,MBA,true,true
Nikhil Rao,student8842@college.com,password123,student,CHEM,true,true
Ananya Tiwari,student8843@college.com,password123,student,CIVIL,true,true
Anjali Tiwari,student8844@college.com,password123,student,CSE,true,true
Kiran Khan,student8845@college.com,password123,student,EEE,true,true
Aditya Yadav,student8846@college.com,password123,student,ECE,true,true
Imran Joshi,student8847@college.com,password123,student,IT,true,true
Zoya Pandey,student8848@college.com,password123,student,MATH,true,true
Divya Bose,student8849@college.com,password123,student,MECH,true,true
Amit Rodrigues,student8850@college.com,password123,student,PHY,true,true
Kiran Joshi,student8851@college.com,password123,student,MBA,true,true
Vihaan Reddy,student8852@college.com,password123,student,CHEM,true,true
Vihaan Thomas,student8853@college.com,password123,student,CIVIL,true,true
Diya Malhotra,student8854@college.com,password123,student,CSE,true,true
Sneha Shah,student8855@college.com,password123,student,EEE,true,true
Tara Chopra,student8856@college.com,password123,student,ECE,true,true
Ayaan Khan,student8857@college.com,password123,student,IT,true,true
Krishna Mishra,student8858@college.com,password123,student,MATH,true,true
Arjun Agarwal,student8859@college.com,password123,student,MECH,true,true
Yusuf Tiwari,student8860@college.com,password123,student,PHY,true,true
Riya Menon,student8861@college.com,password123,student,MBA,true,true
Emily Menon,student8862@college.com,password123,student,CHEM,true,true
Kiran Khanna,student8863@college.com,password123,student,CIVIL,true,true
Anita Banerjee,student8864@college.com,password123,student,CSE,true,true
Swati Patel,student8865@college.com,password123,student,EEE,true,true
Tara Bose,student8866@college.com,password123,student,ECE,true,true
Ananya Fernandes,student8867@college.com,password123,student,IT,true,true
Sneha Dubey,student8868@college.com,password123,student,MATH,true,true
Imran Kapoor,student8869@college.com,password123,student,MECH,true,true
Swati Hussain,student8870@college.com,password123,student,PHY,true,true
Michael Chopra,student8871@college.com,password123,student,MBA,true,true
Zoya Verma,student8872@college.com,password123,student,CHEM,true,true
Krishna Yadav,student8873@college.com,password123,student,CIVIL,true,true
Yusuf Kumar,student8874@college.com,password123,student,CSE,true,true
Emily Varghese,student8875@college.com,password123,student,EEE,true,true
Ayesha Mishra,student8876@college.com,password123,student,ECE,true,true
Ananya Shah,student8877@college.com,password123,student,IT,true,true
Emma Yadav,student8878@college.com,password123,student,MATH,true,true
Tara Mishra,student8879@college.com,password123,student,MECH,true,true
Sarah Mukherjee,student8880@college.com,password123,student,PHY,true,true
Kabir Agarwal,student8881@college.com,password123,student,MBA,true,true
Zara Das,student8882@college.com,password123,student,CHEM,true,true
Zara Shah,student8883@college.com,password123,student,CIVIL,true,true
Diya Banerjee,student8884@college.com,password123,student,CSE,true,true
Sameer Pandey,student8885@college.com,password123,student,EEE,true,true
Rahul Kapoor,student8886@college.com,password123,student,ECE,true,true
Lakshmi Mishra,student8887@college.com,password123,student,IT,true,true
Grace Verma,student8888@college.com,password123,student,MATH,true,true
Krishna Nair,student8889@college.com,password123,student,MECH,true,true
Farhan Pillai,student8890@college.com,password123,student,PHY,true,true
Saanvi Desai,student8891@college.com,password123,student,MBA,true,true
John Ahmed,student8892@college.com,password123,student,CHEM,true,true
John Singh,student8893@college.com,password123,student,CIVIL,true,true
James Hussain,student8894@college.com,password123,student,CSE,true,true
Vihaan Ali,student8895@college.com,password123,student,EEE,true,true
Kavya Verma,student8896@college.com,password123,student,ECE,true,true
Anita Naidu,student8897@college.com,password123,student,IT,true,true
Aditya Ali,student8898@college.com,password123,student,MATH,true,true
Emily Agarwal,student8899@college.com,password123,student,MECH,true,true
David Sheikh,student8900@college.com,password123,student,PHY,true,true
Divya Chopra,student8901@college.com,password123,student,MBA,true,true
Anita Bansal,student8902@college.com,password123,student,CHEM,true,true
Mohammed Kumar,student8903@college.com,password123,student,CIVIL,true,true
Sara Kumar,student8904@college.com,password123,student,CSE,true,true
Anita Patel,student8905@college.com,password123,student,EEE,true,true
Swati Yadav,student8906@college.com,password123,student,ECE,true,true
Ayaan Sheikh,student8907@college.com,password123,student,IT,true,true
Rohan Ali,student8908@college.com,password123,student,MATH,true,true
Robert Patel,student8909@college.com,password123,student,MECH,true,true
Anita Chauhan,student8910@college.com,password123,student,PHY,true,true
Radha George,student8911@college.com,password123,student,MBA,true,true
Aryan Dubey,student8912@college.com,password123,student,CHEM,true,true
Arjun Yadav,student8913@college.com,password123,student,CIVIL,true,true
Sameer Naidu,student8914@college.com,password123,student,CSE,true,true
Michael Malhotra,student8915@college.com,password123,student,EEE,true,true
Zara Rathore,student8916@college.com,password123,student,ECE,true,true
Sarah Mishra,student8917@college.com,password123,student,IT,true,true
Ishaan George,student8918@college.com,password123,student,MATH,true,true
Diya Kumar,student8919@college.com,password123,student,MECH,true,true
Kabir George,student8920@college.com,password123,student,PHY,true,true
Anita Bansal,student8921@college.com,password123,student,MBA,true,true
Zara Hussain,student8922@college.com,password123,student,CHEM,true,true
Yusuf Varghese,student8923@college.com,password123,student,CIVIL,true,true
Sara Naidu,student8924@college.com,password123,student,CSE,true,true
Sarah Verma,student8925@college.com,password123,student,EEE,true,true
Priya Fernandes,student8926@college.com,password123,student,ECE,true,true
Suresh Sharma,student8927@college.com,password123,student,IT,true,true
Radha Joshi,student8928@college.com,password123,student,MATH,true,true
Vivaan Sharma,student8929@college.com,password123,student,MECH,true,true
Karan Agarwal,student8930@college.com,password123,student,PHY,true,true
Saanvi Menon,student8931@college.com,password123,student,MBA,true,true
Rahul Das,student8932@college.com,password123,student,CHEM,true,true
Kiran Jacob,student8933@college.com,password123,student,CIVIL,true,true
Yusuf Agarwal,student8934@college.com,password123,student,CSE,true,true
Sneha Chauhan,student8935@college.com,password123,student,EEE,true,true
Farhan Mathew,student8936@college.com,password123,student,ECE,true,true
Aryan Yadav,student8937@college.com,password123,student,IT,true,true
Michael Fernandes,student8938@college.com,password123,student,MATH,true,true
Grace Mehta,student8939@college.com,password123,student,MECH,true,true
Emma Pandey,student8940@college.com,password123,student,PHY,true,true
Emily Fernandes,student8941@college.com,password123,student,MBA,true,true
Ishaan Banerjee,student8942@college.com,password123,student,CHEM,true,true
Yusuf Menon,student8943@college.com,password123,student,CIVIL,true,true
Dhruv Khanna,student8944@college.com,password123,student,CSE,true,true
Kabir Reddy,student8945@college.com,password123,student,EEE,true,true
Vivaan Sheikh,student8946@college.com,password123,student,ECE,true,true
Lakshmi Gupta,student8947@college.com,password123,student,IT,true,true
Yusuf Iyer,student8948@college.com,password123,student,MATH,true,true
Sneha Mehta,student8949@college.com,password123,student,MECH,true,true
Arjun Agarwal,student8950@college.com,password123,student,PHY,true,true
Emily Agarwal,student8951@college.com,password123,student,MBA,true,true
Grace Das,student8952@college.com,password123,student,CHEM,true,true
Imran Mukherjee,student8953@college.com,password123,student,CIVIL,true,true
Aryan Khanna,student8954@college.com,password123,student,CSE,true,true
Rohan Naidu,student8955@college.com,password123,student,EEE,true,true
Amit Das,student8956@college.com,password123,student,ECE,true,true
Grace Mukherjee,student8957@college.com,password123,student,IT,true,true
Yusuf Mehta,student8958@college.com,password123,student,MATH,true,true
Vivaan Iyer,student8959@college.com,password123,student,MECH,true,true
Sarah Rathore,student8960@college.com,password123,student,PHY,true,true
Ayaan Joshi,student8961@college.com,password123,student,MBA,true,true
Vivaan Rathore,student8962@college.com,password123,student,CHEM,true,true
Emily Mishra,student8963@college.com,password123,student,CIVIL,true,true
Robert Mishra,student8964@college.com,password123,student,CSE,true,true
Dhruv Joshi,student8965@college.com,password123,student,EEE,true,true
Vihaan Rathore,student8966@college.com,password123,student,ECE,true,true
Tara Desai,student8967@college.com,password123,student,IT,true,true
Aryan Mukherjee,student8968@college.com,password123,student,MATH,true,true
Yusuf Joshi,student8969@college.com,password123,student,MECH,true,true
Kiran Nair,student8970@college.com,password123,student,PHY,true,true
Sai Chatterjee,student8971@college.com,password123,student,MBA,true,true
Neha Pinto,student8972@college.com,password123,student,CHEM,true,true
Fatima Hussain,student8973@college.com,password123,student,CIVIL,true,true
Ayaan Rao,student8974@college.com,password123,student,CSE,true,true
Aliya Mukherjee,student8975@college.com,password123,student,EEE,true,true
Ayaan Ahmed,student8976@college.com,password123,student,ECE,true,true
Sara Rodrigues,student8977@college.com,password123,student,IT,true,true
Isha Mishra,student8978@college.com,password123,student,MATH,true,true
Ananya Pillai,student8979@college.com,password123,student,MECH,true,true
Aryan Mukherjee,student8980@college.com,password123,student,PHY,true,true
Sai Ali,student8981@college.com,password123,student,MBA,true,true
Kavya Khan,student8982@college.com,password123,student,CHEM,true,true
Rahul Ali,student8983@college.com,password123,student,CIVIL,true,true
Ayaan Chauhan,student8984@college.com,password123,student,CSE,true,true
Vivaan Sharma,student8985@college.com,password123,student,EEE,true,true
Meera Pillai,student8986@college.com,password123,student,ECE,true,true
Priya Reddy,student8987@college.com,password123,student,IT,true,true
Isha Shah,student8988@college.com,password123,student,MATH,true,true
Vikram Kumar,student8989@college.com,password123,student,MECH,true,true
Saanvi George,student8990@college.com,password123,student,PHY,true,true
Vikram Das,student8991@college.com,password123,student,MBA,true,true
Zoya Patel,student8992@college.com,password123,student,CHEM,true,true
Farhan George,student8993@college.com,password123,student,CIVIL,true,true
John Joshi,student8994@college.com,password123,student,CSE,true,true
Sarah Khan,student8995@college.com,password123,student,EEE,true,true
Vivaan Malhotra,student8996@college.com,password123,student,ECE,true,true
Fatima George,student8997@college.com,password123,student,IT,true,true
Emma Agarwal,student8998@college.com,password123,student,MATH,true,true
Aditya Menon,student8999@college.com,password123,student,MECH,true,true
Robert Bose,student9000@college.com,password123,student,PHY,true,true
